load_id,date,equipment,distance,actual,predicted,is_outlier,lane_seen,model
TR-038478,2025-09-01,Dry Van,126.8,323.23,327.72,False,True,ridge_spline
TR-038479,2025-09-01,Flatbed,540.2,1264.2,1290.98,False,True,ridge_spline
TR-038480,2025-09-01,Dry Van,549.3,1203.42,1202.63,False,True,ridge_spline
TR-038481,2025-09-01,Dry Van,689.3,1478.3,1491.92,False,True,ridge_spline
TR-038482,2025-09-01,Dry Van,1103.7,2311.83,2284.99,False,True,ridge_spline
TR-038483,2025-09-01,Dry Van,1955.5,3527.11,3632.48,False,True,ridge_spline
TR-038484,2025-09-01,Dry Van,437.4,1052.15,1018.98,False,True,ridge_spline
TR-038485,2025-09-01,Reefer,339.9,907.09,916.41,False,True,ridge_spline
TR-038486,2025-09-01,Dry Van,71.4,187.49,186.8,False,True,ridge_spline
TR-038487,2025-09-01,Dry Van,633.8,1347.42,1320.97,False,True,ridge_spline
TR-038488,2025-09-01,Dry Van,2178.1,3913.63,3942.08,False,True,ridge_spline
TR-038489,2025-09-01,Flatbed,549.8,1308.86,1378.87,False,True,ridge_spline
TR-038490,2025-09-01,Dry Van,1521.2,2843.97,2915.09,False,True,ridge_spline
TR-038491,2025-09-01,Dry Van,1702.1,3182.84,3224.53,False,True,ridge_spline
TR-038492,2025-09-01,Dry Van,3387.5,6146.13,6067.07,False,True,ridge_spline
TR-038493,2025-09-01,Dry Van,906.5,1846.46,1822.36,False,True,ridge_spline
TR-038494,2025-09-01,Dry Van,291.4,645.51,659.34,False,True,ridge_spline
TR-038495,2025-09-01,Reefer,356.5,956.77,941.19,False,True,ridge_spline
TR-038496,2025-09-01,Dry Van,1403.9,2570.31,2651.56,False,True,ridge_spline
TR-038497,2025-09-01,Flatbed,1336.6,2800.31,2883.92,False,True,ridge_spline
TR-038498,2025-09-01,Reefer,1682.4,3540.56,3641.35,False,True,ridge_spline
TR-038499,2025-09-01,Reefer,339.8,940.89,937.93,False,True,ridge_spline
TR-038500,2025-09-01,Reefer,878.3,1965.28,1985.73,False,True,ridge_spline
TR-038501,2025-09-01,Dry Van,261.8,640.92,639.39,False,True,ridge_spline
TR-038502,2025-09-01,Dry Van,1660.3,3084.4,3194.26,False,True,ridge_spline
TR-038503,2025-09-01,Dry Van,728.9,1518.53,1486.81,False,True,ridge_spline
TR-038504,2025-09-01,Dry Van,428.0,952.96,975.68,False,True,ridge_spline
TR-038505,2025-09-01,Dry Van,306.7,753.12,765.37,False,True,ridge_spline
TR-038506,2025-09-01,Dry Van,940.1,1760.57,1795.53,False,True,ridge_spline
TR-038507,2025-09-01,Dry Van,1168.8,2324.24,2379.79,False,True,ridge_spline
TR-038508,2025-09-01,Dry Van,317.6,697.99,694.84,False,True,ridge_spline
TR-038509,2025-09-01,Flatbed,2180.6,4320.99,4413.36,False,False,ridge_spline
TR-038510,2025-09-01,Dry Van,1085.7,2179.31,2192.84,False,True,ridge_spline
TR-038511,2025-09-01,Dry Van,652.6,1477.25,1435.18,False,True,ridge_spline
TR-038512,2025-09-01,Dry Van,1178.6,2308.35,2319.82,False,True,ridge_spline
TR-038513,2025-09-01,Reefer,1217.1,2753.14,2721.47,False,True,ridge_spline
TR-038514,2025-09-01,Reefer,2318.8,4438.04,4644.88,False,True,ridge_spline
TR-038515,2025-09-01,Dry Van,2104.4,3801.75,3887.68,False,True,ridge_spline
TR-038516,2025-09-01,Dry Van,389.3,870.8,867.17,False,True,ridge_spline
TR-038517,2025-09-01,Flatbed,707.4,1525.42,1522.94,False,True,ridge_spline
TR-038518,2025-09-01,Dry Van,2043.7,3819.07,3768.88,False,True,ridge_spline
TR-038519,2025-09-01,Dry Van,207.3,533.1,538.39,False,True,ridge_spline
TR-038520,2025-09-01,Dry Van,215.2,572.08,579.59,False,True,ridge_spline
TR-038521,2025-09-01,Dry Van,1999.7,3762.42,3778.67,False,True,ridge_spline
TR-038522,2025-09-01,Dry Van,551.6,1246.71,1248.92,False,True,ridge_spline
TR-038523,2025-09-01,Dry Van,1718.1,3167.45,3257.77,False,False,ridge_spline
TR-038524,2025-09-01,Reefer,627.1,1453.26,1452.21,False,True,ridge_spline
TR-038525,2025-09-01,Dry Van,1283.6,2493.1,2553.07,False,True,ridge_spline
TR-038526,2025-09-01,Flatbed,336.3,890.4,879.08,False,True,ridge_spline
TR-038527,2025-09-01,Reefer,1205.2,2813.6,2809.48,False,True,ridge_spline
TR-038528,2025-09-01,Reefer,1190.4,2631.8,2612.67,False,True,ridge_spline
TR-038529,2025-09-01,Flatbed,1262.1,2767.04,2807.38,False,True,ridge_spline
TR-038530,2025-09-01,Dry Van,508.7,1076.48,1073.18,False,True,ridge_spline
TR-038531,2025-09-01,Dry Van,1215.0,2464.66,2483.66,False,True,ridge_spline
TR-038532,2025-09-01,Dry Van,1109.8,2139.93,2101.82,False,True,ridge_spline
TR-038533,2025-09-01,Dry Van,374.8,803.35,809.97,False,True,ridge_spline
TR-038534,2025-09-01,Dry Van,3234.6,5609.77,5654.68,False,True,ridge_spline
TR-038535,2025-09-01,Dry Van,1277.5,2462.59,2528.77,False,True,ridge_spline
TR-038536,2025-09-01,Dry Van,432.8,996.39,1010.24,False,True,ridge_spline
TR-038537,2025-09-01,Dry Van,1183.7,2365.84,2374.03,False,True,ridge_spline
TR-038538,2025-09-01,Dry Van,589.4,1244.22,1257.42,False,True,ridge_spline
TR-038539,2025-09-01,Dry Van,2762.3,4972.2,5086.38,False,True,ridge_spline
TR-038540,2025-09-01,Dry Van,179.8,462.1,472.12,False,True,ridge_spline
TR-038541,2025-09-01,Dry Van,858.6,1752.1,1760.45,False,True,ridge_spline
TR-038542,2025-09-01,Reefer,659.2,1532.71,1519.12,False,True,ridge_spline
TR-038543,2025-09-01,Dry Van,248.5,599.05,606.82,False,True,ridge_spline
TR-038544,2025-09-01,Dry Van,859.6,1884.4,1825.53,False,True,ridge_spline
TR-038545,2025-09-01,Dry Van,1022.5,2099.41,2164.22,False,True,ridge_spline
TR-038546,2025-09-01,Dry Van,134.8,362.54,366.52,False,True,ridge_spline
TR-038547,2025-09-01,Flatbed,2248.2,4425.96,4384.79,False,True,ridge_spline
TR-038548,2025-09-01,Reefer,780.5,1674.34,1736.29,False,True,ridge_spline
TR-038549,2025-09-01,Dry Van,613.4,1217.27,1220.18,False,True,ridge_spline
TR-038550,2025-09-01,Dry Van,1125.7,2215.87,2248.12,False,True,ridge_spline
TR-038551,2025-09-01,Dry Van,473.7,1081.85,1076.39,False,False,ridge_spline
TR-038552,2025-09-01,Dry Van,1247.5,2539.08,2549.69,False,True,ridge_spline
TR-038553,2025-09-01,Flatbed,228.0,631.3,616.25,False,True,ridge_spline
TR-038554,2025-09-01,Dry Van,566.7,1240.32,1275.08,False,True,ridge_spline
TR-038555,2025-09-01,Dry Van,578.3,1195.21,1196.08,False,True,ridge_spline
TR-038556,2025-09-01,Flatbed,171.2,505.53,499.26,False,True,ridge_spline
TR-038557,2025-09-01,Dry Van,2061.1,3821.49,3771.06,False,False,ridge_spline
TR-038558,2025-09-01,Reefer,1233.8,2931.77,2920.44,False,True,ridge_spline
TR-038559,2025-09-01,Dry Van,2575.7,4389.73,4328.79,False,True,ridge_spline
TR-038560,2025-09-01,Flatbed,212.9,572.82,564.12,False,True,ridge_spline
TR-038561,2025-09-01,Dry Van,2846.6,4825.78,5077.16,False,True,ridge_spline
TR-038562,2025-09-01,Dry Van,2430.3,4468.22,4584.77,False,True,ridge_spline
TR-038563,2025-09-01,Dry Van,1187.3,2185.71,2215.44,False,True,ridge_spline
TR-038564,2025-09-01,Dry Van,1163.6,2180.78,2227.6,False,True,ridge_spline
TR-038565,2025-09-01,Reefer,238.6,676.22,678.91,False,True,ridge_spline
TR-038566,2025-09-01,Reefer,862.1,1951.88,1952.31,False,True,ridge_spline
TR-038567,2025-09-01,Dry Van,1896.1,3434.23,3460.33,False,True,ridge_spline
TR-038568,2025-09-01,Dry Van,1816.8,3250.49,3215.59,False,True,ridge_spline
TR-038569,2025-09-01,Dry Van,463.7,985.7,1010.12,False,True,ridge_spline
TR-038570,2025-09-01,Dry Van,442.6,977.59,984.5,False,True,ridge_spline
TR-038571,2025-09-01,Reefer,1341.7,2811.5,2845.5,False,True,ridge_spline
TR-038572,2025-09-01,Dry Van,1173.7,2379.08,2324.49,False,True,ridge_spline
TR-038573,2025-09-01,Reefer,1672.3,3669.98,3620.54,False,True,ridge_spline
TR-038574,2025-09-01,Flatbed,533.8,1300.57,1250.43,False,True,ridge_spline
TR-038575,2025-09-01,Dry Van,2420.0,4301.88,4224.37,False,True,ridge_spline
TR-038576,2025-09-01,Reefer,909.5,1931.02,1945.97,False,True,ridge_spline
TR-038577,2025-09-01,Reefer,987.5,2258.98,2244.93,False,True,ridge_spline
TR-038578,2025-09-01,Dry Van,1013.8,1985.68,2010.72,False,True,ridge_spline
TR-038579,2025-09-01,Dry Van,1578.1,2990.87,3018.23,False,True,ridge_spline
TR-038580,2025-09-01,Dry Van,586.7,1255.91,1271.9,False,True,ridge_spline
TR-038581,2025-09-01,Dry Van,2051.4,3678.91,3663.33,False,True,ridge_spline
TR-038582,2025-09-01,Reefer,828.5,1959.31,1970.66,False,True,ridge_spline
TR-038583,2025-09-01,Reefer,1444.1,3101.21,3121.74,False,True,ridge_spline
TR-038584,2025-09-01,Flatbed,2426.8,4804.71,4768.48,False,True,ridge_spline
TR-038585,2025-09-01,Dry Van,816.2,1797.48,1788.55,False,True,ridge_spline
TR-038586,2025-09-01,Dry Van,2006.2,3816.99,3887.48,False,True,ridge_spline
TR-038587,2025-09-01,Dry Van,945.9,1758.12,1803.66,False,True,ridge_spline
TR-038588,2025-09-01,Dry Van,980.1,1932.73,1994.04,False,True,ridge_spline
TR-038589,2025-09-01,Dry Van,1369.8,2559.65,2614.81,False,True,ridge_spline
TR-038590,2025-09-01,Flatbed,3029.1,5774.35,5812.41,False,True,ridge_spline
TR-038591,2025-09-01,Flatbed,365.7,170.36,905.02,True,True,ridge_spline
TR-038592,2025-09-01,Flatbed,368.0,903.41,922.63,False,True,ridge_spline
TR-038593,2025-09-01,Reefer,1852.2,4025.92,4061.71,False,True,ridge_spline
TR-038594,2025-09-01,Reefer,1435.3,2995.32,3015.09,False,True,ridge_spline
TR-038595,2025-09-01,Dry Van,233.7,625.19,614.02,False,True,ridge_spline
TR-038596,2025-09-01,Dry Van,769.8,1603.62,1599.59,False,True,ridge_spline
TR-038597,2025-09-01,Dry Van,1088.7,2282.16,2236.35,False,True,ridge_spline
TR-038598,2025-09-01,Dry Van,1026.5,2156.07,2105.75,False,True,ridge_spline
TR-038599,2025-09-01,Reefer,2093.5,4271.25,4290.99,False,True,ridge_spline
TR-038600,2025-09-01,Reefer,462.2,1208.44,1210.57,False,True,ridge_spline
TR-038601,2025-09-01,Flatbed,520.0,1359.2,1339.01,False,True,ridge_spline
TR-038602,2025-09-01,Dry Van,2670.9,4943.0,4794.4,False,True,ridge_spline
TR-038603,2025-09-01,Reefer,474.7,1211.88,1196.52,False,True,ridge_spline
TR-038604,2025-09-01,Dry Van,2164.1,4176.25,4253.22,False,True,ridge_spline
TR-038605,2025-09-01,Reefer,781.7,1783.92,1790.03,False,True,ridge_spline
TR-038606,2025-09-01,Flatbed,1971.5,4093.8,4174.34,False,True,ridge_spline
TR-038607,2025-09-01,Flatbed,493.1,1170.43,1172.72,False,True,ridge_spline
TR-038608,2025-09-01,Dry Van,702.8,1531.76,1513.03,False,True,ridge_spline
TR-038609,2025-09-01,Reefer,1416.9,3029.69,3064.33,False,True,ridge_spline
TR-038610,2025-09-01,Dry Van,973.7,1823.43,1861.91,False,True,ridge_spline
TR-038611,2025-09-01,Reefer,1625.7,3550.19,3655.1,False,True,ridge_spline
TR-038612,2025-09-01,Flatbed,1476.1,3088.61,3139.71,False,False,ridge_spline
TR-038613,2025-09-01,Reefer,1173.0,2651.65,2656.76,False,True,ridge_spline
TR-038614,2025-09-01,Flatbed,282.2,697.21,713.87,False,True,ridge_spline
TR-038615,2025-09-01,Flatbed,2328.5,4672.93,4665.29,False,True,ridge_spline
TR-038616,2025-09-01,Dry Van,2320.1,4100.58,4076.75,False,True,ridge_spline
TR-038617,2025-09-01,Dry Van,1416.2,2638.3,2725.68,False,True,ridge_spline
TR-038618,2025-09-01,Dry Van,1972.8,3906.01,3803.55,False,True,ridge_spline
TR-038619,2025-09-01,Flatbed,799.3,1650.6,1676.76,False,False,ridge_spline
TR-038620,2025-09-01,Dry Van,818.9,1660.7,1695.19,False,True,ridge_spline
TR-038621,2025-09-01,Dry Van,473.2,1080.36,1096.03,False,True,ridge_spline
TR-038622,2025-09-01,Reefer,2035.9,4108.95,4119.25,False,True,ridge_spline
TR-038623,2025-09-01,Dry Van,916.7,1846.81,1898.97,False,True,ridge_spline
TR-038624,2025-09-01,Flatbed,945.5,2020.1,2005.08,False,False,ridge_spline
TR-038625,2025-09-01,Dry Van,1356.3,2581.57,2591.26,False,True,ridge_spline
TR-038626,2025-09-01,Flatbed,612.1,1384.61,1400.73,False,True,ridge_spline
TR-038627,2025-09-01,Flatbed,296.8,831.27,808.71,False,True,ridge_spline
TR-038628,2025-09-01,Flatbed,453.6,1132.05,1161.98,False,True,ridge_spline
TR-038629,2025-09-01,Reefer,969.4,2231.06,2213.3,False,True,ridge_spline
TR-038630,2025-09-01,Reefer,2204.0,4629.23,4692.67,False,True,ridge_spline
TR-038631,2025-09-01,Reefer,2419.3,5099.24,5071.12,False,True,ridge_spline
TR-038632,2025-09-01,Dry Van,2923.7,4975.45,5047.19,False,True,ridge_spline
TR-038633,2025-09-01,Dry Van,459.7,1064.92,1064.54,False,True,ridge_spline
TR-038634,2025-09-01,Reefer,200.4,597.28,586.07,False,True,ridge_spline
TR-038635,2025-09-02,Reefer,2211.2,4595.4,4688.45,False,True,ridge_spline
TR-038636,2025-09-02,Dry Van,1864.5,3621.16,3646.75,False,True,ridge_spline
TR-038637,2025-09-02,Dry Van,2064.0,3845.42,3915.42,False,True,ridge_spline
TR-038638,2025-09-02,Dry Van,465.3,1036.45,1065.8,False,True,ridge_spline
TR-038639,2025-09-02,Dry Van,190.5,537.66,526.9,False,True,ridge_spline
TR-038640,2025-09-02,Dry Van,1112.2,2250.41,2263.59,False,True,ridge_spline
TR-038641,2025-09-02,Dry Van,711.5,1496.94,1520.64,False,True,ridge_spline
TR-038642,2025-09-02,Dry Van,1218.9,2435.72,2436.95,False,True,ridge_spline
TR-038643,2025-09-02,Flatbed,3119.2,6323.82,6223.4,False,True,ridge_spline
TR-038644,2025-09-02,Flatbed,835.3,1820.96,1818.6,False,False,ridge_spline
TR-038645,2025-09-02,Flatbed,740.1,1755.11,1761.8,False,True,ridge_spline
TR-038646,2025-09-02,Reefer,422.1,1069.87,1062.94,False,True,ridge_spline
TR-038647,2025-09-02,Flatbed,1350.3,2949.22,2909.64,False,True,ridge_spline
TR-038648,2025-09-02,Dry Van,1220.8,2536.23,2558.47,False,True,ridge_spline
TR-038649,2025-09-02,Dry Van,918.8,1919.59,1926.53,False,True,ridge_spline
TR-038650,2025-09-02,Dry Van,2801.3,4617.91,4789.37,False,True,ridge_spline
TR-038651,2025-09-02,Dry Van,571.0,1258.57,1253.87,False,True,ridge_spline
TR-038652,2025-09-02,Reefer,528.7,1433.77,1418.05,False,True,ridge_spline
TR-038653,2025-09-02,Dry Van,2055.1,3736.23,3851.43,False,True,ridge_spline
TR-038654,2025-09-02,Flatbed,835.5,1727.75,1728.09,False,True,ridge_spline
TR-038655,2025-09-02,Dry Van,276.0,624.33,627.54,False,True,ridge_spline
TR-038656,2025-09-02,Dry Van,616.2,1272.52,1289.31,False,True,ridge_spline
TR-038657,2025-09-02,Dry Van,924.6,2012.09,1991.03,False,True,ridge_spline
TR-038658,2025-09-02,Dry Van,287.2,707.77,717.78,False,True,ridge_spline
TR-038659,2025-09-02,Flatbed,1698.2,3591.23,3496.21,False,True,ridge_spline
TR-038660,2025-09-02,Dry Van,237.2,555.34,568.71,False,True,ridge_spline
TR-038661,2025-09-02,Reefer,540.7,1352.42,1366.66,False,True,ridge_spline
TR-038662,2025-09-02,Dry Van,1217.9,2666.14,2568.84,False,True,ridge_spline
TR-038663,2025-09-02,Reefer,1174.8,2476.54,2522.28,False,True,ridge_spline
TR-038664,2025-09-02,Flatbed,427.7,1058.7,1051.63,False,True,ridge_spline
TR-038665,2025-09-02,Flatbed,818.5,1824.73,1900.87,False,True,ridge_spline
TR-038666,2025-09-02,Reefer,1572.7,3424.84,3448.85,False,True,ridge_spline
TR-038667,2025-09-02,Dry Van,2902.1,5041.13,5132.99,False,True,ridge_spline
TR-038668,2025-09-02,Dry Van,629.1,1331.36,1394.55,False,True,ridge_spline
TR-038669,2025-09-02,Reefer,556.4,1309.45,1310.44,False,True,ridge_spline
TR-038670,2025-09-02,Flatbed,508.7,1223.28,1255.7,False,True,ridge_spline
TR-038671,2025-09-02,Dry Van,1100.5,2249.04,2286.28,False,True,ridge_spline
TR-038672,2025-09-02,Reefer,1485.1,3292.86,3193.86,False,True,ridge_spline
TR-038673,2025-09-02,Dry Van,755.1,1464.17,1469.64,False,True,ridge_spline
TR-038674,2025-09-02,Dry Van,645.9,1328.24,1337.72,False,True,ridge_spline
TR-038675,2025-09-02,Dry Van,1245.7,2566.52,2557.25,False,True,ridge_spline
TR-038676,2025-09-02,Reefer,859.5,2064.9,2064.08,False,True,ridge_spline
TR-038677,2025-09-02,Dry Van,323.2,748.11,743.54,False,True,ridge_spline
TR-038678,2025-09-02,Reefer,788.7,1697.16,1751.3,False,True,ridge_spline
TR-038679,2025-09-02,Dry Van,630.4,1408.45,1416.61,False,True,ridge_spline
TR-038680,2025-09-02,Dry Van,299.4,733.24,736.24,False,True,ridge_spline
TR-038681,2025-09-02,Reefer,1414.4,3208.32,3069.59,False,True,ridge_spline
TR-038682,2025-09-02,Flatbed,721.7,1629.6,1615.8,False,True,ridge_spline
TR-038683,2025-09-02,Dry Van,2432.9,4484.01,4648.94,False,True,ridge_spline
TR-038684,2025-09-02,Dry Van,1256.8,2440.1,2396.16,False,True,ridge_spline
TR-038685,2025-09-02,Reefer,403.9,971.68,973.25,False,True,ridge_spline
TR-038686,2025-09-02,Dry Van,1485.9,2932.54,2926.25,False,True,ridge_spline
TR-038687,2025-09-02,Reefer,1952.9,4163.72,4269.66,False,True,ridge_spline
TR-038688,2025-09-02,Dry Van,423.3,971.1,990.15,False,True,ridge_spline
TR-038689,2025-09-02,Dry Van,641.0,1426.2,1407.82,False,True,ridge_spline
TR-038690,2025-09-02,Flatbed,1819.9,3818.1,3884.02,False,True,ridge_spline
TR-038691,2025-09-02,Dry Van,1535.7,2983.74,3030.7,False,True,ridge_spline
TR-038692,2025-09-02,Reefer,997.6,2106.36,2132.88,False,True,ridge_spline
TR-038693,2025-09-02,Dry Van,1637.1,3245.38,3232.5,False,True,ridge_spline
TR-038694,2025-09-02,Dry Van,303.4,716.13,713.86,False,True,ridge_spline
TR-038695,2025-09-02,Dry Van,515.8,1193.79,1196.98,False,True,ridge_spline
TR-038696,2025-09-02,Dry Van,1029.0,2066.21,2064.1,False,True,ridge_spline
TR-038697,2025-09-02,Dry Van,564.4,1278.23,1272.8,False,True,ridge_spline
TR-038698,2025-09-02,Flatbed,908.5,1949.92,1968.4,False,True,ridge_spline
TR-038699,2025-09-02,Dry Van,755.1,1593.01,1585.75,False,True,ridge_spline
TR-038700,2025-09-02,Flatbed,832.1,1798.74,1792.6,False,False,ridge_spline
TR-038701,2025-09-02,Dry Van,1893.5,3556.26,3455.56,False,True,ridge_spline
TR-038702,2025-09-02,Dry Van,1153.5,2136.24,2186.88,False,True,ridge_spline
TR-038703,2025-09-02,Reefer,884.2,2000.26,2031.59,False,True,ridge_spline
TR-038704,2025-09-02,Dry Van,1055.0,2167.17,2249.66,False,True,ridge_spline
TR-038705,2025-09-02,Reefer,206.1,607.3,596.47,False,True,ridge_spline
TR-038706,2025-09-02,Dry Van,383.3,889.82,884.57,False,True,ridge_spline
TR-038707,2025-09-02,Dry Van,709.2,1406.42,1441.61,False,True,ridge_spline
TR-038708,2025-09-02,Dry Van,712.8,1436.54,1484.93,False,True,ridge_spline
TR-038709,2025-09-02,Flatbed,2038.3,4129.04,4172.93,False,True,ridge_spline
TR-038710,2025-09-02,Reefer,334.8,309.15,848.2,True,True,ridge_spline
TR-038711,2025-09-02,Reefer,1546.9,3408.34,3504.63,False,True,ridge_spline
TR-038712,2025-09-02,Flatbed,2168.1,4460.9,4433.61,False,True,ridge_spline
TR-038713,2025-09-02,Dry Van,1632.0,3214.87,3293.37,False,True,ridge_spline
TR-038714,2025-09-02,Flatbed,2837.4,5681.04,5640.95,False,True,ridge_spline
TR-038715,2025-09-02,Reefer,529.8,1206.46,1242.65,False,True,ridge_spline
TR-038716,2025-09-02,Flatbed,575.9,1346.17,1353.06,False,False,ridge_spline
TR-038717,2025-09-02,Flatbed,2305.3,4389.4,4414.33,False,True,ridge_spline
TR-038718,2025-09-02,Reefer,206.4,596.38,619.23,False,True,ridge_spline
TR-038719,2025-09-02,Reefer,445.9,1179.97,1173.2,False,True,ridge_spline
TR-038720,2025-09-02,Flatbed,1725.3,3426.51,3499.06,False,True,ridge_spline
TR-038721,2025-09-02,Dry Van,728.6,1540.25,1519.7,False,True,ridge_spline
TR-038722,2025-09-02,Dry Van,266.0,685.55,670.37,False,True,ridge_spline
TR-038723,2025-09-02,Flatbed,1151.5,2445.9,2434.97,False,True,ridge_spline
TR-038724,2025-09-02,Reefer,1321.2,2989.15,2972.92,False,True,ridge_spline
TR-038725,2025-09-02,Dry Van,1207.9,2450.2,2451.54,False,False,ridge_spline
TR-038726,2025-09-02,Dry Van,1439.1,2853.25,2829.76,False,True,ridge_spline
TR-038727,2025-09-02,Flatbed,902.8,1874.72,1887.31,False,True,ridge_spline
TR-038728,2025-09-02,Flatbed,450.7,1070.88,1065.31,False,False,ridge_spline
TR-038729,2025-09-02,Flatbed,2017.1,4071.21,4134.9,False,True,ridge_spline
TR-038730,2025-09-02,Flatbed,349.1,926.33,919.82,False,True,ridge_spline
TR-038731,2025-09-02,Dry Van,1381.5,2760.09,2667.02,False,True,ridge_spline
TR-038732,2025-09-02,Dry Van,1238.3,2307.59,2447.51,False,True,ridge_spline
TR-038733,2025-09-02,Reefer,1444.4,3145.59,3238.12,False,False,ridge_spline
TR-038734,2025-09-02,Flatbed,2007.3,4096.04,4056.41,False,True,ridge_spline
TR-038735,2025-09-02,Dry Van,2806.0,5060.03,5041.2,False,True,ridge_spline
TR-038736,2025-09-02,Dry Van,901.3,1780.41,1812.34,False,True,ridge_spline
TR-038737,2025-09-02,Reefer,424.7,1130.16,1145.68,False,True,ridge_spline
TR-038738,2025-09-02,Flatbed,1101.4,2245.46,2235.73,False,True,ridge_spline
TR-038739,2025-09-02,Dry Van,973.1,1889.19,1878.02,False,True,ridge_spline
TR-038740,2025-09-02,Dry Van,126.1,361.07,347.61,False,True,ridge_spline
TR-038741,2025-09-02,Dry Van,1086.0,2153.71,2145.93,False,True,ridge_spline
TR-038742,2025-09-02,Dry Van,1130.1,2173.75,2202.43,False,True,ridge_spline
TR-038743,2025-09-02,Dry Van,120.7,329.42,315.78,False,True,ridge_spline
TR-038744,2025-09-02,Dry Van,2680.7,4928.27,4947.23,False,True,ridge_spline
TR-038745,2025-09-02,Dry Van,738.9,1506.14,1517.94,False,True,ridge_spline
TR-038746,2025-09-02,Dry Van,197.2,489.93,509.19,False,False,ridge_spline
TR-038747,2025-09-02,Reefer,314.9,857.48,857.93,False,True,ridge_spline
TR-038748,2025-09-02,Dry Van,684.7,1450.53,1444.01,False,True,ridge_spline
TR-038749,2025-09-02,Dry Van,1244.4,2548.51,2567.08,False,True,ridge_spline
TR-038750,2025-09-02,Flatbed,813.3,1842.42,1858.24,False,True,ridge_spline
TR-038751,2025-09-02,Dry Van,634.0,1355.34,1348.73,False,True,ridge_spline
TR-038752,2025-09-02,Dry Van,2160.0,4107.15,4186.85,False,True,ridge_spline
TR-038753,2025-09-02,Dry Van,801.6,1658.81,1652.66,False,False,ridge_spline
TR-038754,2025-09-02,Dry Van,1129.8,2344.9,2363.08,False,True,ridge_spline
TR-038755,2025-09-02,Reefer,590.5,1471.43,1473.46,False,False,ridge_spline
TR-038756,2025-09-02,Flatbed,2244.6,4262.27,4254.76,False,True,ridge_spline
TR-038757,2025-09-02,Reefer,1806.5,3974.2,4053.05,False,True,ridge_spline
TR-038758,2025-09-02,Dry Van,310.7,722.95,738.9,False,True,ridge_spline
TR-038759,2025-09-02,Dry Van,2220.9,4274.76,4253.45,False,True,ridge_spline
TR-038760,2025-09-02,Dry Van,997.9,2024.78,2010.42,False,True,ridge_spline
TR-038761,2025-09-02,Dry Van,1007.3,1951.68,1997.41,False,True,ridge_spline
TR-038762,2025-09-02,Flatbed,730.8,1592.58,1629.07,False,True,ridge_spline
TR-038763,2025-09-02,Dry Van,358.8,824.12,842.4,False,True,ridge_spline
TR-038764,2025-09-02,Dry Van,1926.8,3466.51,3572.17,False,True,ridge_spline
TR-038765,2025-09-02,Dry Van,569.0,1313.46,1305.72,False,True,ridge_spline
TR-038766,2025-09-02,Dry Van,436.0,1023.67,1017.48,False,True,ridge_spline
TR-038767,2025-09-02,Dry Van,1141.1,2309.25,2345.56,False,True,ridge_spline
TR-038768,2025-09-02,Reefer,570.4,1352.59,1360.72,False,True,ridge_spline
TR-038769,2025-09-02,Dry Van,323.8,768.48,769.96,False,True,ridge_spline
TR-038770,2025-09-02,Reefer,172.1,511.2,518.03,False,True,ridge_spline
TR-038771,2025-09-02,Dry Van,285.2,709.94,728.26,False,True,ridge_spline
TR-038772,2025-09-02,Reefer,1543.2,11377.49,3478.42,True,True,ridge_spline
TR-038773,2025-09-02,Flatbed,1583.9,3197.82,3234.36,False,True,ridge_spline
TR-038774,2025-09-02,Dry Van,2071.3,4027.32,3998.76,False,True,ridge_spline
TR-038775,2025-09-02,Dry Van,1863.2,3581.43,3533.45,False,True,ridge_spline
TR-038776,2025-09-02,Dry Van,1526.3,3052.83,2996.22,False,True,ridge_spline
TR-038777,2025-09-02,Dry Van,1097.0,2180.09,2189.77,False,True,ridge_spline
TR-038778,2025-09-02,Reefer,603.7,1427.22,1452.49,False,True,ridge_spline
TR-038779,2025-09-02,Reefer,328.6,921.05,902.78,False,True,ridge_spline
TR-038780,2025-09-02,Dry Van,2210.4,4116.3,4125.98,False,True,ridge_spline
TR-038781,2025-09-02,Dry Van,1846.9,3626.27,3550.11,False,True,ridge_spline
TR-038782,2025-09-02,Dry Van,2047.1,3614.41,3732.43,False,True,ridge_spline
TR-038783,2025-09-02,Reefer,540.7,1300.9,1283.98,False,True,ridge_spline
TR-038784,2025-09-02,Flatbed,1206.2,2673.39,2681.94,False,True,ridge_spline
TR-038785,2025-09-02,Dry Van,831.0,1624.66,1657.68,False,True,ridge_spline
TR-038786,2025-09-02,Dry Van,419.8,918.03,928.63,False,True,ridge_spline
TR-038787,2025-09-02,Reefer,686.3,1607.67,1657.57,False,True,ridge_spline
TR-038788,2025-09-03,Dry Van,984.0,2102.38,2124.61,False,True,ridge_spline
TR-038789,2025-09-03,Reefer,2935.3,5768.28,6019.69,False,True,ridge_spline
TR-038790,2025-09-03,Dry Van,1234.1,2568.2,2596.64,False,True,ridge_spline
TR-038791,2025-09-03,Flatbed,804.0,1837.9,1794.73,False,True,ridge_spline
TR-038792,2025-09-03,Dry Van,1952.3,3673.71,3771.82,False,True,ridge_spline
TR-038793,2025-09-03,Dry Van,1132.0,2317.84,2352.19,False,True,ridge_spline
TR-038794,2025-09-03,Dry Van,1758.2,3469.94,3458.91,False,True,ridge_spline
TR-038795,2025-09-03,Dry Van,1673.0,3365.78,3415.68,False,True,ridge_spline
TR-038796,2025-09-03,Dry Van,304.5,714.78,715.39,False,True,ridge_spline
TR-038797,2025-09-03,Dry Van,288.2,689.93,684.49,False,True,ridge_spline
TR-038798,2025-09-03,Dry Van,1609.1,3144.44,3161.3,False,True,ridge_spline
TR-038799,2025-09-03,Flatbed,822.9,1841.62,1823.85,False,False,ridge_spline
TR-038800,2025-09-03,Flatbed,429.7,1007.46,1027.62,False,False,ridge_spline
TR-038801,2025-09-03,Dry Van,1371.7,2787.96,2794.43,False,True,ridge_spline
TR-038802,2025-09-03,Reefer,1188.3,2484.83,2579.94,False,True,ridge_spline
TR-038803,2025-09-03,Flatbed,527.4,486.09,1237.68,True,True,ridge_spline
TR-038804,2025-09-03,Dry Van,1871.9,3665.65,3681.74,False,True,ridge_spline
TR-038805,2025-09-03,Dry Van,1820.7,3329.54,3382.44,False,True,ridge_spline
TR-038806,2025-09-03,Reefer,1878.9,4243.19,4221.22,False,False,ridge_spline
TR-038807,2025-09-03,Reefer,534.3,1384.46,1380.19,False,True,ridge_spline
TR-038808,2025-09-03,Dry Van,873.6,1782.17,1799.79,False,True,ridge_spline
TR-038809,2025-09-03,Flatbed,1022.5,2329.64,2339.38,False,True,ridge_spline
TR-038810,2025-09-03,Dry Van,422.2,1025.98,1037.34,False,True,ridge_spline
TR-038811,2025-09-03,Flatbed,1050.3,2262.13,2297.01,False,True,ridge_spline
TR-038812,2025-09-03,Dry Van,706.5,1653.13,1629.47,False,True,ridge_spline
TR-038813,2025-09-03,Dry Van,936.8,1809.32,1855.28,False,True,ridge_spline
TR-038814,2025-09-03,Flatbed,2011.8,4192.29,4314.49,False,False,ridge_spline
TR-038815,2025-09-03,Dry Van,595.5,1311.58,1326.3,False,True,ridge_spline
TR-038816,2025-09-03,Reefer,1312.2,2941.49,2993.35,False,True,ridge_spline
TR-038817,2025-09-03,Flatbed,624.2,1438.42,1448.28,False,True,ridge_spline
TR-038818,2025-09-03,Dry Van,1225.2,2279.18,2282.37,False,True,ridge_spline
TR-038819,2025-09-03,Reefer,616.2,1501.31,1554.83,False,True,ridge_spline
TR-038820,2025-09-03,Reefer,2704.5,5645.59,5424.2,False,False,ridge_spline
TR-038821,2025-09-03,Dry Van,1690.6,3301.88,3279.52,False,True,ridge_spline
TR-038822,2025-09-03,Dry Van,550.5,1177.46,1215.57,False,True,ridge_spline
TR-038823,2025-09-03,Reefer,116.9,353.31,351.76,False,True,ridge_spline
TR-038824,2025-09-03,Dry Van,756.1,1588.32,1602.87,False,True,ridge_spline
TR-038825,2025-09-03,Reefer,153.5,508.45,502.29,False,True,ridge_spline
TR-038826,2025-09-03,Flatbed,600.6,1418.54,1432.32,False,True,ridge_spline
TR-038827,2025-09-03,Reefer,1616.7,3545.47,3529.92,False,True,ridge_spline
TR-038828,2025-09-03,Dry Van,2131.0,3947.82,3910.93,False,True,ridge_spline
TR-038829,2025-09-03,Dry Van,655.5,1314.47,1306.04,False,True,ridge_spline
TR-038830,2025-09-03,Dry Van,475.4,1045.11,1061.5,False,True,ridge_spline
TR-038831,2025-09-03,Dry Van,763.6,1658.81,1704.63,False,True,ridge_spline
TR-038832,2025-09-03,Reefer,365.0,950.23,973.26,False,True,ridge_spline
TR-038833,2025-09-03,Dry Van,1069.0,2122.98,2171.74,False,True,ridge_spline
TR-038834,2025-09-03,Dry Van,381.0,914.67,918.15,False,True,ridge_spline
TR-038835,2025-09-03,Reefer,326.3,856.83,852.99,False,True,ridge_spline
TR-038836,2025-09-03,Dry Van,974.9,2005.14,2001.07,False,True,ridge_spline
TR-038837,2025-09-03,Dry Van,881.0,1740.1,1762.55,False,True,ridge_spline
TR-038838,2025-09-03,Dry Van,858.3,4931.28,1750.79,True,True,ridge_spline
TR-038839,2025-09-03,Dry Van,719.4,1509.11,1554.42,False,True,ridge_spline
TR-038840,2025-09-03,Dry Van,662.6,1366.36,1377.09,False,True,ridge_spline
TR-038841,2025-09-03,Dry Van,277.4,643.59,660.18,False,True,ridge_spline
TR-038842,2025-09-03,Dry Van,2155.0,4159.14,4192.57,False,True,ridge_spline
TR-038843,2025-09-03,Dry Van,1077.4,2019.72,2097.55,False,True,ridge_spline
TR-038844,2025-09-03,Dry Van,1956.8,3574.04,3634.17,False,True,ridge_spline
TR-038845,2025-09-03,Reefer,653.8,1405.61,1444.62,False,True,ridge_spline
TR-038846,2025-09-03,Flatbed,486.8,1190.88,1218.08,False,True,ridge_spline
TR-038847,2025-09-03,Dry Van,769.6,1552.07,1576.17,False,True,ridge_spline
TR-038848,2025-09-03,Flatbed,2008.1,3967.87,3975.81,False,False,ridge_spline
TR-038849,2025-09-03,Dry Van,1051.7,2152.14,2108.81,False,True,ridge_spline
TR-038850,2025-09-03,Flatbed,2032.3,4376.41,4326.96,False,True,ridge_spline
TR-038851,2025-09-03,Reefer,584.8,1509.58,1493.69,False,False,ridge_spline
TR-038852,2025-09-03,Flatbed,891.7,2125.38,2102.63,False,True,ridge_spline
TR-038853,2025-09-03,Dry Van,1372.7,2774.52,2767.22,False,True,ridge_spline
TR-038854,2025-09-03,Dry Van,525.4,1137.04,1128.53,False,True,ridge_spline
TR-038855,2025-09-03,Dry Van,825.5,1778.32,1778.47,False,True,ridge_spline
TR-038856,2025-09-03,Dry Van,440.2,1096.27,1073.98,False,True,ridge_spline
TR-038857,2025-09-03,Dry Van,2550.2,4400.76,4645.95,False,True,ridge_spline
TR-038858,2025-09-03,Dry Van,840.8,1838.06,1860.94,False,True,ridge_spline
TR-038859,2025-09-03,Dry Van,541.6,1196.71,1213.64,False,True,ridge_spline
TR-038860,2025-09-03,Dry Van,481.3,1062.89,1063.19,False,True,ridge_spline
TR-038861,2025-09-03,Dry Van,294.1,756.61,751.52,False,True,ridge_spline
TR-038862,2025-09-03,Dry Van,856.5,1790.45,1799.9,False,True,ridge_spline
TR-038863,2025-09-03,Dry Van,654.1,1368.54,1390.88,False,True,ridge_spline
TR-038864,2025-09-03,Reefer,777.8,1933.62,1992.81,False,True,ridge_spline
TR-038865,2025-09-03,Reefer,447.0,1143.89,1142.26,False,False,ridge_spline
TR-038866,2025-09-03,Dry Van,253.0,634.01,637.24,False,True,ridge_spline
TR-038867,2025-09-03,Dry Van,365.7,833.33,813.43,False,True,ridge_spline
TR-038868,2025-09-03,Dry Van,1540.5,2896.96,2907.19,False,True,ridge_spline
TR-038869,2025-09-03,Reefer,803.0,1804.39,1819.02,False,False,ridge_spline
TR-038870,2025-09-03,Reefer,2530.5,5502.7,5457.85,False,True,ridge_spline
TR-038871,2025-09-03,Flatbed,491.2,1177.76,1184.68,False,True,ridge_spline
TR-038872,2025-09-03,Reefer,737.6,1790.91,1773.56,False,True,ridge_spline
TR-038873,2025-09-03,Dry Van,1287.2,2419.58,2522.55,False,False,ridge_spline
TR-038874,2025-09-03,Dry Van,381.7,824.38,824.68,False,True,ridge_spline
TR-038875,2025-09-03,Dry Van,2230.8,4138.03,4228.74,False,True,ridge_spline
TR-038876,2025-09-03,Reefer,504.5,1264.58,1266.7,False,True,ridge_spline
TR-038877,2025-09-03,Dry Van,798.1,1609.32,1624.8,False,True,ridge_spline
TR-038878,2025-09-03,Flatbed,382.0,948.67,948.85,False,True,ridge_spline
TR-038879,2025-09-03,Dry Van,1293.8,2408.22,2469.33,False,True,ridge_spline
TR-038880,2025-09-03,Dry Van,2225.6,4037.25,3994.93,False,True,ridge_spline
TR-038881,2025-09-03,Dry Van,3195.4,5870.15,5911.47,False,True,ridge_spline
TR-038882,2025-09-03,Flatbed,1995.9,4332.21,4277.37,False,False,ridge_spline
TR-038883,2025-09-03,Dry Van,709.0,1429.26,1471.79,False,True,ridge_spline
TR-038884,2025-09-03,Dry Van,1418.2,2736.58,2766.59,False,True,ridge_spline
TR-038885,2025-09-03,Flatbed,373.9,920.82,917.77,False,True,ridge_spline
TR-038886,2025-09-03,Flatbed,613.0,1344.11,1366.81,False,True,ridge_spline
TR-038887,2025-09-03,Dry Van,910.5,1846.08,1861.31,False,True,ridge_spline
TR-038888,2025-09-03,Dry Van,162.5,454.76,460.06,False,True,ridge_spline
TR-038889,2025-09-03,Flatbed,1108.8,2334.05,2307.39,False,True,ridge_spline
TR-038890,2025-09-03,Dry Van,477.4,1120.7,1122.0,False,True,ridge_spline
TR-038891,2025-09-03,Dry Van,1434.1,2885.45,2931.79,False,True,ridge_spline
TR-038892,2025-09-03,Reefer,518.3,1412.11,1371.49,False,True,ridge_spline
TR-038893,2025-09-03,Dry Van,2296.6,4126.36,4273.84,False,True,ridge_spline
TR-038894,2025-09-03,Reefer,2234.8,4536.4,4718.91,False,True,ridge_spline
TR-038895,2025-09-03,Flatbed,380.2,988.98,961.97,False,True,ridge_spline
TR-038896,2025-09-03,Reefer,1674.6,3696.76,3808.08,False,False,ridge_spline
TR-038897,2025-09-03,Flatbed,2476.5,4929.32,4968.45,False,False,ridge_spline
TR-038898,2025-09-03,Dry Van,169.0,445.85,456.16,False,True,ridge_spline
TR-038899,2025-09-03,Flatbed,1761.2,3456.36,3524.87,False,True,ridge_spline
TR-038900,2025-09-03,Dry Van,809.9,1799.05,1807.71,False,True,ridge_spline
TR-038901,2025-09-03,Dry Van,852.9,1899.77,1908.58,False,True,ridge_spline
TR-038902,2025-09-03,Dry Van,544.9,1246.44,1279.68,False,True,ridge_spline
TR-038903,2025-09-03,Dry Van,463.5,1034.94,1036.97,False,True,ridge_spline
TR-038904,2025-09-03,Dry Van,543.5,1244.67,1235.44,False,True,ridge_spline
TR-038905,2025-09-03,Dry Van,1695.4,3381.01,3424.87,False,True,ridge_spline
TR-038906,2025-09-03,Dry Van,491.5,1186.89,1178.54,False,True,ridge_spline
TR-038907,2025-09-03,Dry Van,695.6,1574.67,1609.25,False,True,ridge_spline
TR-038908,2025-09-03,Dry Van,606.5,1412.04,1373.32,False,True,ridge_spline
TR-038909,2025-09-03,Dry Van,733.1,1618.75,1612.04,False,True,ridge_spline
TR-038910,2025-09-03,Dry Van,830.1,1711.45,1662.5,False,True,ridge_spline
TR-038911,2025-09-03,Dry Van,492.6,1058.96,1098.01,False,True,ridge_spline
TR-038912,2025-09-03,Reefer,979.9,2342.99,2298.76,False,True,ridge_spline
TR-038913,2025-09-03,Reefer,2167.3,4769.86,4849.77,False,True,ridge_spline
TR-038914,2025-09-03,Dry Van,1320.6,2749.61,2723.08,False,True,ridge_spline
TR-038915,2025-09-03,Flatbed,175.3,478.51,496.14,False,False,ridge_spline
TR-038916,2025-09-03,Reefer,1874.4,4031.4,4116.21,False,True,ridge_spline
TR-038917,2025-09-03,Flatbed,603.1,1398.6,1418.51,False,True,ridge_spline
TR-038918,2025-09-03,Flatbed,870.3,2035.61,1988.62,False,True,ridge_spline
TR-038919,2025-09-03,Dry Van,146.0,379.08,380.42,False,True,ridge_spline
TR-038920,2025-09-03,Flatbed,810.0,1762.2,1777.78,False,True,ridge_spline
TR-038921,2025-09-03,Flatbed,178.4,490.18,498.3,False,False,ridge_spline
TR-038922,2025-09-03,Dry Van,932.6,1833.07,1805.73,False,True,ridge_spline
TR-038923,2025-09-03,Dry Van,569.6,1228.28,1209.43,False,True,ridge_spline
TR-038924,2025-09-03,Dry Van,149.7,390.61,403.34,False,True,ridge_spline
TR-038925,2025-09-03,Reefer,902.4,2120.23,2102.18,False,False,ridge_spline
TR-038926,2025-09-03,Flatbed,516.8,1281.36,1328.88,False,False,ridge_spline
TR-038927,2025-09-03,Dry Van,881.0,1811.89,1791.83,False,True,ridge_spline
TR-038928,2025-09-03,Dry Van,807.2,1657.1,1682.33,False,True,ridge_spline
TR-038929,2025-09-03,Reefer,2066.9,4494.52,4586.99,False,True,ridge_spline
TR-038930,2025-09-03,Flatbed,2334.8,4903.95,4868.67,False,False,ridge_spline
TR-038931,2025-09-03,Dry Van,2000.6,3719.11,3771.49,False,True,ridge_spline
TR-038932,2025-09-03,Dry Van,1801.1,3395.51,3481.93,False,True,ridge_spline
TR-038933,2025-09-03,Dry Van,1236.7,2534.45,2570.6,False,True,ridge_spline
TR-038934,2025-09-03,Flatbed,1418.0,2884.07,2973.51,False,True,ridge_spline
TR-038935,2025-09-03,Reefer,1541.4,3287.09,3363.96,False,True,ridge_spline
TR-038936,2025-09-04,Dry Van,1008.1,2103.52,2137.68,False,True,ridge_spline
TR-038937,2025-09-04,Dry Van,481.1,1119.29,1120.86,False,True,ridge_spline
TR-038938,2025-09-04,Dry Van,2055.0,3831.98,3885.82,False,True,ridge_spline
TR-038939,2025-09-04,Dry Van,248.2,611.13,607.38,False,True,ridge_spline
TR-038940,2025-09-04,Reefer,1238.8,2807.36,2889.47,False,True,ridge_spline
TR-038941,2025-09-04,Dry Van,1036.1,2071.96,2082.84,False,True,ridge_spline
TR-038942,2025-09-04,Reefer,995.4,2339.95,2345.16,False,True,ridge_spline
TR-038943,2025-09-04,Reefer,2365.9,4874.27,4939.84,False,True,ridge_spline
TR-038944,2025-09-04,Reefer,776.7,1768.91,1829.52,False,True,ridge_spline
TR-038945,2025-09-04,Dry Van,2288.4,4304.74,4368.44,False,True,ridge_spline
TR-038946,2025-09-04,Reefer,1698.0,3572.95,3673.44,False,False,ridge_spline
TR-038947,2025-09-04,Reefer,1731.5,3764.61,3745.62,False,True,ridge_spline
TR-038948,2025-09-04,Dry Van,387.7,870.61,877.46,False,True,ridge_spline
TR-038949,2025-09-04,Dry Van,144.7,413.09,402.7,False,True,ridge_spline
TR-038950,2025-09-04,Dry Van,1206.7,2544.99,2529.69,False,True,ridge_spline
TR-038951,2025-09-04,Dry Van,825.3,1660.37,1644.11,False,True,ridge_spline
TR-038952,2025-09-04,Flatbed,496.5,1092.96,1147.87,False,True,ridge_spline
TR-038953,2025-09-04,Flatbed,2915.7,5716.18,5838.04,False,True,ridge_spline
TR-038954,2025-09-04,Dry Van,1792.0,3141.19,3283.67,False,True,ridge_spline
TR-038955,2025-09-04,Flatbed,3020.8,6185.0,6053.22,False,True,ridge_spline
TR-038956,2025-09-04,Reefer,2072.0,4636.85,4646.94,False,True,ridge_spline
TR-038957,2025-09-04,Dry Van,2029.1,3625.04,3624.3,False,True,ridge_spline
TR-038958,2025-09-04,Dry Van,1016.7,1954.2,2018.81,False,True,ridge_spline
TR-038959,2025-09-04,Reefer,1586.3,3415.8,3445.69,False,True,ridge_spline
TR-038960,2025-09-04,Dry Van,368.5,819.65,842.01,False,True,ridge_spline
TR-038961,2025-09-04,Dry Van,361.0,835.18,863.0,False,True,ridge_spline
TR-038962,2025-09-04,Dry Van,214.3,517.61,535.28,False,True,ridge_spline
TR-038963,2025-09-04,Dry Van,414.6,958.93,958.8,False,True,ridge_spline
TR-038964,2025-09-04,Dry Van,545.6,1197.57,1202.09,False,True,ridge_spline
TR-038965,2025-09-04,Dry Van,739.6,1674.76,1710.79,False,True,ridge_spline
TR-038966,2025-09-04,Flatbed,2767.7,5233.71,5270.21,False,True,ridge_spline
TR-038967,2025-09-04,Dry Van,2519.2,4807.93,4785.43,False,False,ridge_spline
TR-038968,2025-09-04,Dry Van,847.2,1614.61,1678.83,False,True,ridge_spline
TR-038969,2025-09-04,Reefer,2976.6,5839.12,5906.15,False,True,ridge_spline
TR-038970,2025-09-04,Reefer,1033.0,2360.93,2365.34,False,True,ridge_spline
TR-038971,2025-09-04,Reefer,1927.8,4100.64,4075.32,False,True,ridge_spline
TR-038972,2025-09-04,Flatbed,1082.2,2338.31,2346.01,False,False,ridge_spline
TR-038973,2025-09-04,Dry Van,328.6,777.59,766.27,False,True,ridge_spline
TR-038974,2025-09-04,Reefer,1435.5,3240.89,3258.94,False,True,ridge_spline
TR-038975,2025-09-04,Reefer,1578.5,3635.79,3568.15,False,True,ridge_spline
TR-038976,2025-09-04,Dry Van,507.7,1166.61,1179.64,False,True,ridge_spline
TR-038977,2025-09-04,Reefer,2534.0,5181.47,5181.9,False,True,ridge_spline
TR-038978,2025-09-04,Reefer,2007.8,4170.51,4229.76,False,True,ridge_spline
TR-038979,2025-09-04,Flatbed,1276.4,2723.28,2729.03,False,True,ridge_spline
TR-038980,2025-09-04,Dry Van,388.3,830.68,858.38,False,True,ridge_spline
TR-038981,2025-09-04,Flatbed,2291.3,4731.45,4635.48,False,True,ridge_spline
TR-038982,2025-09-04,Flatbed,354.6,946.26,977.48,False,True,ridge_spline
TR-038983,2025-09-04,Dry Van,306.3,711.59,720.4,False,True,ridge_spline
TR-038984,2025-09-04,Flatbed,419.3,1082.09,1054.49,False,True,ridge_spline
TR-038985,2025-09-04,Dry Van,998.5,2041.64,2020.06,False,True,ridge_spline
TR-038986,2025-09-04,Flatbed,1092.1,2599.43,2529.64,False,True,ridge_spline
TR-038987,2025-09-04,Flatbed,1690.2,3685.54,3690.88,False,True,ridge_spline
TR-038988,2025-09-04,Flatbed,569.9,1417.52,1429.99,False,True,ridge_spline
TR-038989,2025-09-04,Dry Van,2634.7,4591.38,4589.7,False,True,ridge_spline
TR-038990,2025-09-04,Dry Van,2783.6,5144.4,5151.82,False,True,ridge_spline
TR-038991,2025-09-04,Dry Van,2205.7,4160.37,4248.12,False,True,ridge_spline
TR-038992,2025-09-04,Flatbed,1219.1,2771.41,2733.63,False,False,ridge_spline
TR-038993,2025-09-04,Dry Van,334.8,812.49,828.56,False,True,ridge_spline
TR-038994,2025-09-04,Dry Van,430.0,989.2,1015.65,False,True,ridge_spline
TR-038995,2025-09-04,Dry Van,92.8,251.45,250.9,False,True,ridge_spline
TR-038996,2025-09-04,Flatbed,165.3,498.55,500.77,False,True,ridge_spline
TR-038997,2025-09-04,Dry Van,762.1,1607.21,1701.92,False,True,ridge_spline
TR-038998,2025-09-04,Dry Van,70.0,196.37,199.19,False,True,ridge_spline
TR-038999,2025-09-04,Dry Van,1930.8,3701.75,3703.18,False,True,ridge_spline
TR-039000,2025-09-04,Reefer,70.5,236.37,230.47,False,True,ridge_spline
TR-039001,2025-09-04,Dry Van,120.1,345.86,338.2,False,True,ridge_spline
TR-039002,2025-09-04,Dry Van,1055.2,2077.33,2057.23,False,True,ridge_spline
TR-039003,2025-09-04,Flatbed,2832.1,5633.17,5727.33,False,True,ridge_spline
TR-039004,2025-09-04,Dry Van,846.0,1878.85,1864.33,False,True,ridge_spline
TR-039005,2025-09-04,Dry Van,305.0,742.41,748.84,False,True,ridge_spline
TR-039006,2025-09-04,Dry Van,994.0,1934.15,1996.39,False,True,ridge_spline
TR-039007,2025-09-04,Dry Van,2408.2,4583.28,4552.91,False,True,ridge_spline
TR-039008,2025-09-04,Reefer,470.1,1155.21,1158.68,False,True,ridge_spline
TR-039009,2025-09-04,Dry Van,1169.7,2265.2,2297.88,False,True,ridge_spline
TR-039010,2025-09-04,Dry Van,523.0,1152.28,1174.45,False,False,ridge_spline
TR-039011,2025-09-04,Reefer,1664.6,3524.5,3569.43,False,True,ridge_spline
TR-039012,2025-09-04,Reefer,574.5,1333.02,1367.7,False,True,ridge_spline
TR-039013,2025-09-04,Dry Van,1077.3,2290.51,2322.69,False,True,ridge_spline
TR-039014,2025-09-04,Dry Van,1479.6,2815.63,2832.37,False,True,ridge_spline
TR-039015,2025-09-04,Dry Van,1948.1,3706.5,3813.45,False,True,ridge_spline
TR-039016,2025-09-04,Dry Van,822.3,1625.36,1635.27,False,True,ridge_spline
TR-039017,2025-09-04,Flatbed,865.8,2034.63,2011.63,False,False,ridge_spline
TR-039018,2025-09-04,Dry Van,1066.6,2154.52,2181.97,False,True,ridge_spline
TR-039019,2025-09-04,Dry Van,488.4,1086.45,1064.69,False,True,ridge_spline
TR-039020,2025-09-04,Flatbed,767.2,1719.87,1703.8,False,False,ridge_spline
TR-039021,2025-09-04,Dry Van,1130.4,2197.15,2204.8,False,True,ridge_spline
TR-039022,2025-09-04,Flatbed,2203.0,4716.82,4654.58,False,True,ridge_spline
TR-039023,2025-09-04,Reefer,1245.7,2940.08,2896.18,False,True,ridge_spline
TR-039024,2025-09-04,Dry Van,876.5,1864.87,1834.79,False,True,ridge_spline
TR-039025,2025-09-04,Dry Van,1942.3,3495.24,3579.04,False,True,ridge_spline
TR-039026,2025-09-04,Dry Van,217.7,544.25,550.04,False,True,ridge_spline
TR-039027,2025-09-04,Dry Van,1614.0,3230.31,3238.77,False,True,ridge_spline
TR-039028,2025-09-04,Dry Van,1784.6,3459.65,3582.4,False,True,ridge_spline
TR-039029,2025-09-04,Reefer,416.8,1036.49,1044.31,False,True,ridge_spline
TR-039030,2025-09-04,Flatbed,636.9,1434.39,1486.3,False,True,ridge_spline
TR-039031,2025-09-04,Reefer,834.4,2102.58,2104.29,False,True,ridge_spline
TR-039032,2025-09-04,Reefer,1424.4,3041.2,3093.83,False,True,ridge_spline
TR-039033,2025-09-04,Reefer,769.8,1922.11,1932.37,False,True,ridge_spline
TR-039034,2025-09-04,Flatbed,1135.7,2411.56,2459.67,False,True,ridge_spline
TR-039035,2025-09-04,Dry Van,564.9,1202.71,1201.94,False,True,ridge_spline
TR-039036,2025-09-04,Flatbed,515.3,1342.71,1360.47,False,False,ridge_spline
TR-039037,2025-09-04,Dry Van,928.1,1951.86,1965.43,False,True,ridge_spline
TR-039038,2025-09-04,Flatbed,615.6,1492.67,1504.99,False,True,ridge_spline
TR-039039,2025-09-04,Reefer,1029.3,2293.08,2355.45,False,True,ridge_spline
TR-039040,2025-09-04,Reefer,195.2,579.89,583.25,False,True,ridge_spline
TR-039041,2025-09-04,Dry Van,2214.6,4312.53,4289.91,False,True,ridge_spline
TR-039042,2025-09-04,Dry Van,896.6,1993.26,1936.66,False,True,ridge_spline
TR-039043,2025-09-04,Reefer,839.1,1803.31,1852.26,False,True,ridge_spline
TR-039044,2025-09-04,Flatbed,816.2,1870.98,1825.42,False,True,ridge_spline
TR-039045,2025-09-04,Flatbed,438.6,1035.33,1044.66,False,True,ridge_spline
TR-039046,2025-09-04,Dry Van,1107.9,2346.17,2408.93,False,True,ridge_spline
TR-039047,2025-09-04,Dry Van,1328.6,2565.6,2591.91,False,True,ridge_spline
TR-039048,2025-09-04,Dry Van,1192.2,2561.74,2544.24,False,True,ridge_spline
TR-039049,2025-09-04,Dry Van,1761.1,3226.05,3241.72,False,True,ridge_spline
TR-039050,2025-09-04,Dry Van,1888.9,3600.54,3608.06,False,True,ridge_spline
TR-039051,2025-09-04,Dry Van,75.2,224.92,228.46,False,True,ridge_spline
TR-039052,2025-09-04,Dry Van,462.1,1038.92,1032.44,False,True,ridge_spline
TR-039053,2025-09-04,Dry Van,2224.3,4309.6,4325.04,False,True,ridge_spline
TR-039054,2025-09-04,Dry Van,478.6,1073.55,1094.72,False,True,ridge_spline
TR-039055,2025-09-04,Dry Van,1370.6,2717.74,2744.9,False,True,ridge_spline
TR-039056,2025-09-04,Flatbed,187.6,545.79,538.36,False,True,ridge_spline
TR-039057,2025-09-04,Dry Van,781.6,1635.9,1666.64,False,True,ridge_spline
TR-039058,2025-09-04,Flatbed,1017.2,2223.7,2251.98,False,False,ridge_spline
TR-039059,2025-09-04,Dry Van,311.0,706.43,718.64,False,True,ridge_spline
TR-039060,2025-09-04,Dry Van,950.4,1993.08,2043.74,False,True,ridge_spline
TR-039061,2025-09-04,Dry Van,150.7,419.81,415.12,False,True,ridge_spline
TR-039062,2025-09-04,Reefer,2310.4,4728.81,4768.89,False,True,ridge_spline
TR-039063,2025-09-04,Dry Van,832.5,1619.87,1647.85,False,True,ridge_spline
TR-039064,2025-09-04,Dry Van,370.2,829.81,838.75,False,True,ridge_spline
TR-039065,2025-09-04,Reefer,253.5,675.2,683.94,False,True,ridge_spline
TR-039066,2025-09-04,Reefer,249.9,669.78,674.31,False,True,ridge_spline
TR-039067,2025-09-04,Dry Van,804.8,1777.59,1781.36,False,True,ridge_spline
TR-039068,2025-09-04,Dry Van,2329.5,4479.42,4452.89,False,True,ridge_spline
TR-039069,2025-09-04,Reefer,348.7,882.08,886.75,False,True,ridge_spline
TR-039070,2025-09-04,Flatbed,1495.8,3210.13,3335.26,False,True,ridge_spline
TR-039071,2025-09-04,Reefer,823.0,2080.39,2067.96,False,True,ridge_spline
TR-039072,2025-09-04,Reefer,584.8,1442.01,1425.18,False,True,ridge_spline
TR-039073,2025-09-04,Dry Van,414.3,995.5,1023.25,False,True,ridge_spline
TR-039074,2025-09-04,Flatbed,196.2,557.08,558.45,False,True,ridge_spline
TR-039075,2025-09-04,Dry Van,1526.0,2895.45,2942.83,False,True,ridge_spline
TR-039076,2025-09-04,Dry Van,1368.1,2750.9,2738.89,False,True,ridge_spline
TR-039077,2025-09-04,Dry Van,186.1,497.6,489.04,False,True,ridge_spline
TR-039078,2025-09-04,Reefer,2783.0,5931.57,5757.62,False,True,ridge_spline
TR-039079,2025-09-04,Dry Van,2660.4,4678.42,4702.5,False,True,ridge_spline
TR-039080,2025-09-04,Dry Van,775.2,1735.69,1731.53,False,True,ridge_spline
TR-039081,2025-09-04,Reefer,606.9,1491.48,1530.39,False,True,ridge_spline
TR-039082,2025-09-04,Dry Van,1134.0,2227.63,2236.12,False,True,ridge_spline
TR-039083,2025-09-04,Dry Van,1308.3,2606.74,2614.66,False,True,ridge_spline
TR-039084,2025-09-04,Dry Van,2725.0,5037.89,5135.83,False,True,ridge_spline
TR-039085,2025-09-04,Reefer,2660.5,5580.78,5558.29,False,True,ridge_spline
TR-039086,2025-09-04,Flatbed,540.4,1339.97,1337.25,False,True,ridge_spline
TR-039087,2025-09-04,Reefer,2301.8,4731.22,4900.33,False,True,ridge_spline
TR-039088,2025-09-04,Dry Van,1617.7,3136.86,3156.54,False,True,ridge_spline
TR-039089,2025-09-04,Reefer,2243.7,4776.59,4810.56,False,True,ridge_spline
TR-039090,2025-09-04,Reefer,932.2,2207.44,2120.87,False,True,ridge_spline
TR-039091,2025-09-04,Dry Van,375.0,873.34,873.37,False,True,ridge_spline
TR-039092,2025-09-05,Dry Van,1001.3,1990.86,2082.79,False,True,ridge_spline
TR-039093,2025-09-05,Dry Van,622.5,1383.52,1386.11,False,True,ridge_spline
TR-039094,2025-09-05,Flatbed,3098.1,5939.13,5901.13,False,True,ridge_spline
TR-039095,2025-09-05,Reefer,720.2,1602.12,1625.12,False,True,ridge_spline
TR-039096,2025-09-05,Dry Van,959.3,1943.74,1944.62,False,True,ridge_spline
TR-039097,2025-09-05,Reefer,1176.5,2558.28,2570.38,False,True,ridge_spline
TR-039098,2025-09-05,Reefer,802.7,1898.24,1914.32,False,True,ridge_spline
TR-039099,2025-09-05,Flatbed,333.6,833.5,816.74,False,True,ridge_spline
TR-039100,2025-09-05,Reefer,880.8,2025.05,2052.26,False,True,ridge_spline
TR-039101,2025-09-05,Dry Van,1049.8,2231.66,2146.5,False,True,ridge_spline
TR-039102,2025-09-05,Reefer,634.6,1574.91,1563.6,False,True,ridge_spline
TR-039103,2025-09-05,Dry Van,422.4,992.27,965.66,False,True,ridge_spline
TR-039104,2025-09-05,Dry Van,2177.4,3972.75,4024.47,False,True,ridge_spline
TR-039105,2025-09-05,Dry Van,520.6,1104.17,1081.86,False,True,ridge_spline
TR-039106,2025-09-05,Reefer,2212.2,4521.64,4660.64,False,True,ridge_spline
TR-039107,2025-09-05,Dry Van,764.0,1668.8,1621.14,False,True,ridge_spline
TR-039108,2025-09-05,Dry Van,1470.1,2740.42,2767.12,False,True,ridge_spline
TR-039109,2025-09-05,Flatbed,1167.6,2446.6,2413.61,False,True,ridge_spline
TR-039110,2025-09-05,Dry Van,620.2,1368.65,1341.26,False,True,ridge_spline
TR-039111,2025-09-05,Reefer,1494.9,3261.55,3208.4,False,True,ridge_spline
TR-039112,2025-09-05,Dry Van,287.9,640.63,644.03,False,True,ridge_spline
TR-039113,2025-09-05,Reefer,329.6,857.79,861.09,False,False,ridge_spline
TR-039114,2025-09-05,Reefer,461.1,1076.26,1100.82,False,True,ridge_spline
TR-039115,2025-09-05,Dry Van,577.6,1153.1,1168.11,False,True,ridge_spline
TR-039116,2025-09-05,Dry Van,2941.7,5027.1,5036.37,False,True,ridge_spline
TR-039117,2025-09-05,Dry Van,1436.2,2671.85,2744.17,False,True,ridge_spline
TR-039118,2025-09-05,Reefer,489.5,1254.71,1257.98,False,True,ridge_spline
TR-039119,2025-09-05,Reefer,324.2,965.6,928.39,False,True,ridge_spline
TR-039120,2025-09-05,Reefer,505.9,1290.97,1301.2,False,True,ridge_spline
TR-039121,2025-09-05,Reefer,292.6,791.06,782.62,False,True,ridge_spline
TR-039122,2025-09-05,Reefer,485.8,1227.54,1245.88,False,True,ridge_spline
TR-039123,2025-09-05,Reefer,113.8,341.56,340.68,False,True,ridge_spline
TR-039124,2025-09-05,Reefer,206.4,581.85,572.85,False,True,ridge_spline
TR-039125,2025-09-05,Dry Van,238.9,578.63,589.58,False,True,ridge_spline
TR-039126,2025-09-05,Dry Van,2077.8,3915.16,3925.49,False,True,ridge_spline
TR-039127,2025-09-05,Dry Van,1213.9,2473.31,2496.32,False,True,ridge_spline
TR-039128,2025-09-05,Dry Van,495.8,1056.11,1070.7,False,True,ridge_spline
TR-039129,2025-09-05,Dry Van,863.1,1683.15,1690.89,False,True,ridge_spline
TR-039130,2025-09-05,Flatbed,294.4,788.94,774.67,False,True,ridge_spline
TR-039131,2025-09-05,Flatbed,822.4,1950.21,1927.62,False,True,ridge_spline
TR-039132,2025-09-05,Reefer,456.4,1155.37,1144.85,False,True,ridge_spline
TR-039133,2025-09-05,Flatbed,320.1,785.6,797.82,False,True,ridge_spline
TR-039134,2025-09-05,Dry Van,2145.3,4124.89,4203.57,False,True,ridge_spline
TR-039135,2025-09-05,Dry Van,1556.7,3112.26,3162.2,False,True,ridge_spline
TR-039136,2025-09-05,Dry Van,2229.9,4107.05,4139.17,False,True,ridge_spline
TR-039137,2025-09-05,Flatbed,988.5,2265.1,2262.14,False,False,ridge_spline
TR-039138,2025-09-05,Reefer,582.4,1455.36,1451.59,False,True,ridge_spline
TR-039139,2025-09-05,Flatbed,256.6,689.69,689.16,False,True,ridge_spline
TR-039140,2025-09-05,Flatbed,1173.7,2395.68,2514.19,False,True,ridge_spline
TR-039141,2025-09-05,Dry Van,2663.8,4954.29,4956.67,False,True,ridge_spline
TR-039142,2025-09-05,Dry Van,749.0,1474.97,1521.21,False,True,ridge_spline
TR-039143,2025-09-05,Dry Van,1375.6,2664.11,2685.67,False,True,ridge_spline
TR-039144,2025-09-05,Flatbed,2120.8,4592.34,4528.71,False,False,ridge_spline
TR-039145,2025-09-05,Dry Van,1212.5,2469.17,2435.16,False,True,ridge_spline
TR-039146,2025-09-05,Reefer,421.2,1028.4,1035.03,False,True,ridge_spline
TR-039147,2025-09-05,Reefer,1945.3,4251.39,4207.62,False,True,ridge_spline
TR-039148,2025-09-05,Reefer,927.2,2009.23,2082.13,False,True,ridge_spline
TR-039149,2025-09-05,Reefer,972.9,2139.57,2166.24,False,True,ridge_spline
TR-039150,2025-09-05,Reefer,985.7,2307.9,2297.34,False,True,ridge_spline
TR-039151,2025-09-05,Dry Van,142.4,361.96,371.19,False,True,ridge_spline
TR-039152,2025-09-05,Reefer,1988.8,4078.17,4197.39,False,True,ridge_spline
TR-039153,2025-09-05,Dry Van,1107.1,2118.24,2178.17,False,True,ridge_spline
TR-039154,2025-09-05,Dry Van,1312.8,2511.37,2639.48,False,True,ridge_spline
TR-039155,2025-09-05,Dry Van,870.7,1714.1,1752.62,False,True,ridge_spline
TR-039156,2025-09-05,Reefer,2470.3,5335.02,5306.61,False,True,ridge_spline
TR-039157,2025-09-05,Reefer,449.2,1169.68,1199.85,False,True,ridge_spline
TR-039158,2025-09-05,Dry Van,1625.6,3081.04,3090.66,False,True,ridge_spline
TR-039159,2025-09-05,Flatbed,501.0,1187.65,1227.58,False,True,ridge_spline
TR-039160,2025-09-05,Flatbed,342.0,927.17,911.11,False,True,ridge_spline
TR-039161,2025-09-05,Dry Van,1611.6,3278.97,3232.97,False,True,ridge_spline
TR-039162,2025-09-05,Reefer,2287.1,4844.98,4853.97,False,True,ridge_spline
TR-039163,2025-09-05,Dry Van,698.2,1538.53,1556.07,False,True,ridge_spline
TR-039164,2025-09-05,Dry Van,689.7,1556.98,1573.28,False,True,ridge_spline
TR-039165,2025-09-05,Flatbed,769.1,1639.49,1701.78,False,False,ridge_spline
TR-039166,2025-09-05,Dry Van,2672.0,4829.59,4858.86,False,True,ridge_spline
TR-039167,2025-09-05,Reefer,1663.6,3605.8,3682.54,False,True,ridge_spline
TR-039168,2025-09-05,Reefer,988.6,2372.36,2401.52,False,True,ridge_spline
TR-039169,2025-09-05,Flatbed,784.8,1848.35,1862.16,False,True,ridge_spline
TR-039170,2025-09-05,Reefer,649.3,1545.64,1594.25,False,True,ridge_spline
TR-039171,2025-09-05,Dry Van,1143.5,2236.81,2259.58,False,True,ridge_spline
TR-039172,2025-09-05,Reefer,2235.2,4856.02,4871.43,False,True,ridge_spline
TR-039173,2025-09-05,Reefer,1443.3,2963.57,3005.36,False,True,ridge_spline
TR-039174,2025-09-05,Dry Van,2093.3,3804.05,3835.72,False,True,ridge_spline
TR-039175,2025-09-05,Dry Van,1213.2,2504.29,2539.1,False,True,ridge_spline
TR-039176,2025-09-05,Dry Van,516.2,1161.24,1181.92,False,True,ridge_spline
TR-039177,2025-09-05,Dry Van,2754.5,5084.27,5136.68,False,True,ridge_spline
TR-039178,2025-09-05,Dry Van,742.3,1551.07,1590.52,False,True,ridge_spline
TR-039179,2025-09-05,Flatbed,1947.6,3925.06,3856.1,False,True,ridge_spline
TR-039180,2025-09-05,Flatbed,829.8,1940.07,1925.0,False,True,ridge_spline
TR-039181,2025-09-05,Flatbed,1111.2,2458.96,2491.66,False,True,ridge_spline
TR-039182,2025-09-05,Reefer,1667.3,3749.01,3788.86,False,True,ridge_spline
TR-039183,2025-09-05,Dry Van,1810.9,3545.25,3570.98,False,True,ridge_spline
TR-039184,2025-09-05,Flatbed,267.3,770.47,770.59,False,False,ridge_spline
TR-039185,2025-09-05,Flatbed,982.8,2194.96,2227.24,False,True,ridge_spline
TR-039186,2025-09-05,Reefer,1114.7,2501.52,2538.06,False,True,ridge_spline
TR-039187,2025-09-05,Dry Van,2486.7,4472.64,4498.99,False,True,ridge_spline
TR-039188,2025-09-05,Reefer,646.7,1597.1,1589.44,False,False,ridge_spline
TR-039189,2025-09-05,Reefer,480.1,1233.95,1225.08,False,True,ridge_spline
TR-039190,2025-09-05,Reefer,1092.7,2445.17,2479.29,False,True,ridge_spline
TR-039191,2025-09-05,Reefer,1446.4,3131.14,3168.84,False,True,ridge_spline
TR-039192,2025-09-05,Reefer,1279.0,2965.22,2916.36,False,True,ridge_spline
TR-039193,2025-09-05,Flatbed,735.2,1744.51,1769.4,False,True,ridge_spline
TR-039194,2025-09-05,Dry Van,568.7,1126.29,1144.11,False,True,ridge_spline
TR-039195,2025-09-05,Dry Van,494.0,1086.72,1096.32,False,True,ridge_spline
TR-039196,2025-09-05,Dry Van,814.3,1638.54,1629.5,False,True,ridge_spline
TR-039197,2025-09-05,Dry Van,750.9,1528.0,1578.23,False,True,ridge_spline
TR-039198,2025-09-05,Dry Van,454.3,1023.08,1039.03,False,True,ridge_spline
TR-039199,2025-09-05,Reefer,184.5,555.88,558.73,False,True,ridge_spline
TR-039200,2025-09-05,Dry Van,1546.5,3039.5,3115.16,False,True,ridge_spline
TR-039201,2025-09-05,Dry Van,331.0,796.76,799.02,False,True,ridge_spline
TR-039202,2025-09-05,Flatbed,2675.6,5059.84,4949.84,False,True,ridge_spline
TR-039203,2025-09-05,Dry Van,2098.9,3827.69,3900.54,False,True,ridge_spline
TR-039204,2025-09-05,Dry Van,809.0,1725.56,1720.24,False,True,ridge_spline
TR-039205,2025-09-05,Reefer,276.0,806.04,778.64,False,True,ridge_spline
TR-039206,2025-09-05,Reefer,521.7,1340.8,1317.08,False,True,ridge_spline
TR-039207,2025-09-05,Reefer,2410.3,4949.75,4904.19,False,True,ridge_spline
TR-039208,2025-09-05,Dry Van,2369.8,4428.74,4425.33,False,True,ridge_spline
TR-039209,2025-09-05,Dry Van,1348.9,2715.57,2705.01,False,True,ridge_spline
TR-039210,2025-09-05,Dry Van,969.3,2048.31,2113.95,False,True,ridge_spline
TR-039211,2025-09-05,Dry Van,1521.2,3028.91,3073.58,False,True,ridge_spline
TR-039212,2025-09-05,Dry Van,1024.4,2167.26,2119.53,False,True,ridge_spline
TR-039213,2025-09-05,Dry Van,589.5,1241.89,1242.37,False,True,ridge_spline
TR-039214,2025-09-05,Dry Van,438.5,1036.02,1032.16,False,True,ridge_spline
TR-039215,2025-09-05,Dry Van,2020.1,3925.28,3901.08,False,True,ridge_spline
TR-039216,2025-09-05,Dry Van,2731.8,4953.28,5021.79,False,True,ridge_spline
TR-039217,2025-09-05,Dry Van,586.1,1273.52,1262.81,False,True,ridge_spline
TR-039218,2025-09-05,Flatbed,464.6,1118.18,1136.08,False,True,ridge_spline
TR-039219,2025-09-05,Dry Van,338.9,823.81,828.71,False,True,ridge_spline
TR-039220,2025-09-05,Dry Van,708.9,1408.04,1455.59,False,True,ridge_spline
TR-039221,2025-09-05,Dry Van,659.7,1432.23,1466.83,False,True,ridge_spline
TR-039222,2025-09-05,Flatbed,461.6,1137.48,1129.78,False,True,ridge_spline
TR-039223,2025-09-05,Dry Van,1628.4,3174.53,3223.34,False,True,ridge_spline
TR-039224,2025-09-05,Reefer,1910.8,4107.89,4078.63,False,True,ridge_spline
TR-039225,2025-09-05,Flatbed,1746.3,3376.19,3461.63,False,True,ridge_spline
TR-039226,2025-09-05,Reefer,968.8,2297.51,2316.7,False,True,ridge_spline
TR-039227,2025-09-05,Flatbed,817.4,1884.83,1898.13,False,True,ridge_spline
TR-039228,2025-09-05,Reefer,76.6,258.05,247.47,False,True,ridge_spline
TR-039229,2025-09-05,Flatbed,2385.7,4859.34,4957.64,False,True,ridge_spline
TR-039230,2025-09-05,Reefer,259.6,683.15,689.57,False,True,ridge_spline
TR-039231,2025-09-05,Dry Van,2125.6,4073.23,4047.45,False,True,ridge_spline
TR-039232,2025-09-05,Dry Van,742.6,1592.93,1581.95,False,True,ridge_spline
TR-039233,2025-09-05,Dry Van,145.5,405.5,401.17,False,True,ridge_spline
TR-039234,2025-09-05,Dry Van,473.9,1084.65,1107.08,False,True,ridge_spline
TR-039235,2025-09-05,Reefer,1429.5,3092.79,3135.47,False,True,ridge_spline
TR-039236,2025-09-05,Dry Van,811.4,1672.09,1646.7,False,True,ridge_spline
TR-039237,2025-09-05,Dry Van,367.8,893.28,885.0,False,True,ridge_spline
TR-039238,2025-09-05,Dry Van,556.2,1240.53,1213.74,False,True,ridge_spline
TR-039239,2025-09-05,Flatbed,877.0,2059.35,2068.25,False,True,ridge_spline
TR-039240,2025-09-05,Flatbed,2282.1,4666.64,4606.36,False,True,ridge_spline
TR-039241,2025-09-05,Dry Van,406.1,883.17,904.58,False,True,ridge_spline
TR-039242,2025-09-06,Flatbed,1608.9,3389.96,3361.34,False,True,ridge_spline
TR-039243,2025-09-06,Dry Van,1373.7,2719.01,2737.53,False,True,ridge_spline
TR-039244,2025-09-06,Dry Van,1453.8,2808.78,2882.78,False,True,ridge_spline
TR-039245,2025-09-06,Dry Van,415.5,929.65,949.29,False,True,ridge_spline
TR-039246,2025-09-06,Flatbed,392.7,1023.48,994.91,False,True,ridge_spline
TR-039247,2025-09-06,Dry Van,780.9,1735.32,1719.32,False,True,ridge_spline
TR-039248,2025-09-06,Dry Van,2434.7,4370.43,4509.99,False,True,ridge_spline
TR-039249,2025-09-06,Dry Van,782.2,1546.16,1544.83,False,True,ridge_spline
TR-039250,2025-09-06,Flatbed,930.9,2035.95,1987.63,False,False,ridge_spline
TR-039251,2025-09-06,Dry Van,2444.7,4485.15,4514.51,False,True,ridge_spline
TR-039252,2025-09-06,Dry Van,743.7,1601.21,1622.35,False,True,ridge_spline
TR-039253,2025-09-06,Flatbed,951.8,2066.06,2104.02,False,True,ridge_spline
TR-039254,2025-09-06,Dry Van,1068.4,2197.3,2257.86,False,True,ridge_spline
TR-039255,2025-09-06,Reefer,1943.4,4122.85,4156.02,False,True,ridge_spline
TR-039256,2025-09-06,Dry Van,310.8,730.65,728.24,False,True,ridge_spline
TR-039257,2025-09-06,Reefer,3231.4,6768.62,6758.69,False,True,ridge_spline
TR-039258,2025-09-06,Reefer,465.4,1179.45,1200.5,False,True,ridge_spline
TR-039259,2025-09-06,Dry Van,836.5,1844.5,1851.49,False,True,ridge_spline
TR-039260,2025-09-06,Reefer,1418.5,3040.63,3056.57,False,True,ridge_spline
TR-039261,2025-09-06,Flatbed,688.3,1386.89,1416.21,False,False,ridge_spline
TR-039262,2025-09-06,Reefer,1414.6,3061.97,3007.97,False,True,ridge_spline
TR-039263,2025-09-06,Reefer,2182.1,4734.52,4651.24,False,True,ridge_spline
TR-039264,2025-09-06,Flatbed,1922.2,3864.33,3819.62,False,True,ridge_spline
TR-039265,2025-09-06,Dry Van,3220.7,5608.43,5750.57,False,True,ridge_spline
TR-039266,2025-09-06,Reefer,1787.0,3828.43,3977.28,False,True,ridge_spline
TR-039267,2025-09-06,Reefer,1595.4,3648.31,3636.15,False,True,ridge_spline
TR-039268,2025-09-06,Flatbed,867.6,1949.08,2015.83,False,True,ridge_spline
TR-039269,2025-09-06,Dry Van,387.0,847.69,871.91,False,True,ridge_spline
TR-039270,2025-09-06,Reefer,718.9,1749.83,1763.61,False,True,ridge_spline
TR-039271,2025-09-06,Dry Van,1507.6,3076.42,3019.06,False,True,ridge_spline
TR-039272,2025-09-06,Dry Van,1242.1,2587.34,2550.47,False,True,ridge_spline
TR-039273,2025-09-06,Dry Van,1019.0,2080.38,2077.45,False,True,ridge_spline
TR-039274,2025-09-06,Flatbed,2320.0,4656.27,4818.56,False,False,ridge_spline
TR-039275,2025-09-06,Dry Van,425.3,969.15,957.01,False,True,ridge_spline
TR-039276,2025-09-06,Dry Van,273.5,651.83,659.72,False,True,ridge_spline
TR-039277,2025-09-06,Reefer,201.5,594.15,579.77,False,True,ridge_spline
TR-039278,2025-09-06,Reefer,1232.8,2794.78,2781.17,False,True,ridge_spline
TR-039279,2025-09-06,Reefer,374.1,1051.15,1022.68,False,True,ridge_spline
TR-039280,2025-09-06,Dry Van,1030.6,2149.2,2173.12,False,True,ridge_spline
TR-039281,2025-09-06,Dry Van,991.2,2044.32,2068.9,False,True,ridge_spline
TR-039282,2025-09-06,Dry Van,1434.7,2618.27,2609.38,False,True,ridge_spline
TR-039283,2025-09-06,Dry Van,1440.9,2764.5,2801.98,False,True,ridge_spline
TR-039284,2025-09-06,Dry Van,375.8,851.04,867.98,False,True,ridge_spline
TR-039285,2025-09-06,Dry Van,1211.0,2490.81,2495.63,False,True,ridge_spline
TR-039286,2025-09-06,Dry Van,246.1,570.47,576.72,False,True,ridge_spline
TR-039287,2025-09-06,Dry Van,1108.8,2306.35,2310.06,False,True,ridge_spline
TR-039288,2025-09-06,Reefer,2810.6,5439.24,5545.37,False,True,ridge_spline
TR-039289,2025-09-06,Dry Van,924.1,1855.19,1854.51,False,True,ridge_spline
TR-039290,2025-09-06,Flatbed,2026.5,4090.46,4051.02,False,True,ridge_spline
TR-039291,2025-09-06,Reefer,419.6,1072.6,1098.32,False,True,ridge_spline
TR-039292,2025-09-06,Dry Van,1083.3,6295.71,2254.07,True,True,ridge_spline
TR-039293,2025-09-06,Dry Van,1199.2,2469.45,2462.36,False,True,ridge_spline
TR-039294,2025-09-06,Dry Van,436.8,997.29,1021.46,False,True,ridge_spline
TR-039295,2025-09-06,Reefer,647.8,1656.07,1641.73,False,True,ridge_spline
TR-039296,2025-09-06,Reefer,1276.5,2849.08,2891.28,False,True,ridge_spline
TR-039297,2025-09-06,Reefer,514.5,1245.26,1281.61,False,True,ridge_spline
TR-039298,2025-09-06,Reefer,242.6,663.83,671.67,False,True,ridge_spline
TR-039299,2025-09-06,Dry Van,1256.7,2596.02,2590.82,False,True,ridge_spline
TR-039300,2025-09-06,Dry Van,1270.2,2518.86,2520.12,False,True,ridge_spline
TR-039301,2025-09-06,Reefer,418.3,1096.44,1075.8,False,True,ridge_spline
TR-039302,2025-09-06,Dry Van,830.5,1698.47,1723.57,False,True,ridge_spline
TR-039303,2025-09-06,Reefer,1523.2,3405.77,3381.36,False,True,ridge_spline
TR-039304,2025-09-06,Dry Van,334.7,763.32,772.91,False,True,ridge_spline
TR-039305,2025-09-06,Reefer,615.2,1418.95,1424.63,False,True,ridge_spline
TR-039306,2025-09-06,Flatbed,1451.4,3069.94,3020.4,False,True,ridge_spline
TR-039307,2025-09-06,Dry Van,606.0,519.57,1318.39,True,True,ridge_spline
TR-039308,2025-09-06,Reefer,2894.6,5686.61,5623.07,False,True,ridge_spline
TR-039309,2025-09-06,Dry Van,1666.7,3282.87,3253.38,False,True,ridge_spline
TR-039310,2025-09-06,Dry Van,901.7,1849.22,1849.83,False,True,ridge_spline
TR-039311,2025-09-06,Reefer,962.1,2167.65,2157.71,False,True,ridge_spline
TR-039312,2025-09-06,Dry Van,1186.9,2175.71,2275.9,False,True,ridge_spline
TR-039313,2025-09-06,Dry Van,1403.7,2605.28,2650.16,False,True,ridge_spline
TR-039314,2025-09-06,Dry Van,498.9,1126.8,1159.16,False,True,ridge_spline
TR-039315,2025-09-06,Dry Van,1190.4,2325.47,2404.02,False,True,ridge_spline
TR-039316,2025-09-06,Dry Van,1429.9,2859.86,2873.88,False,True,ridge_spline
TR-039317,2025-09-06,Dry Van,441.0,940.39,923.63,False,True,ridge_spline
TR-039318,2025-09-06,Reefer,2410.7,4794.14,5039.34,False,True,ridge_spline
TR-039319,2025-09-06,Dry Van,552.3,1120.78,1113.11,False,True,ridge_spline
TR-039320,2025-09-06,Reefer,212.4,645.29,637.96,False,False,ridge_spline
TR-039321,2025-09-06,Reefer,106.9,327.62,319.78,False,True,ridge_spline
TR-039322,2025-09-06,Reefer,547.8,1318.46,1325.18,False,True,ridge_spline
TR-039323,2025-09-06,Reefer,350.9,925.32,932.56,False,True,ridge_spline
TR-039324,2025-09-06,Reefer,131.9,382.63,385.49,False,True,ridge_spline
TR-039325,2025-09-06,Flatbed,1218.2,2652.69,2691.58,False,False,ridge_spline
TR-039326,2025-09-06,Dry Van,541.9,1159.79,1153.41,False,True,ridge_spline
TR-039327,2025-09-06,Dry Van,209.9,591.03,575.53,False,True,ridge_spline
TR-039328,2025-09-06,Dry Van,484.0,1084.2,1064.41,False,True,ridge_spline
TR-039329,2025-09-06,Dry Van,940.7,1814.58,1795.97,False,True,ridge_spline
TR-039330,2025-09-06,Reefer,710.3,1651.04,1600.68,False,True,ridge_spline
TR-039331,2025-09-06,Dry Van,307.2,694.25,695.54,False,True,ridge_spline
TR-039332,2025-09-06,Dry Van,411.7,973.92,979.27,False,True,ridge_spline
TR-039333,2025-09-06,Dry Van,2431.4,4522.88,4608.53,False,True,ridge_spline
TR-039334,2025-09-06,Dry Van,771.4,1533.94,1525.41,False,True,ridge_spline
TR-039335,2025-09-06,Flatbed,1958.4,3744.98,3761.13,False,True,ridge_spline
TR-039336,2025-09-06,Reefer,1905.7,3921.95,3948.78,False,True,ridge_spline
TR-039337,2025-09-06,Dry Van,937.9,1883.57,1904.35,False,True,ridge_spline
TR-039338,2025-09-06,Flatbed,798.8,1797.06,1761.67,False,True,ridge_spline
TR-039339,2025-09-06,Reefer,288.4,766.34,780.31,False,True,ridge_spline
TR-039340,2025-09-06,Reefer,2744.3,5553.3,5693.19,False,True,ridge_spline
TR-039341,2025-09-06,Dry Van,2066.3,3607.34,3704.09,False,True,ridge_spline
TR-039342,2025-09-06,Dry Van,533.6,1099.18,1122.08,False,True,ridge_spline
TR-039343,2025-09-06,Reefer,2491.7,5329.38,5225.23,False,True,ridge_spline
TR-039344,2025-09-06,Dry Van,206.3,542.84,542.92,False,True,ridge_spline
TR-039345,2025-09-06,Dry Van,692.5,1431.19,1422.3,False,True,ridge_spline
TR-039346,2025-09-06,Dry Van,1959.5,3645.68,3628.61,False,True,ridge_spline
TR-039347,2025-09-06,Flatbed,600.2,1386.26,1371.42,False,True,ridge_spline
TR-039348,2025-09-06,Dry Van,1178.3,2183.38,2232.13,False,True,ridge_spline
TR-039349,2025-09-06,Flatbed,272.3,669.86,672.96,False,True,ridge_spline
TR-039350,2025-09-06,Dry Van,522.2,1096.55,1093.1,False,True,ridge_spline
TR-039351,2025-09-06,Flatbed,2079.3,4066.97,4056.8,False,True,ridge_spline
TR-039352,2025-09-06,Reefer,346.3,901.47,902.48,False,True,ridge_spline
TR-039353,2025-09-06,Flatbed,1449.3,2912.56,3005.77,False,True,ridge_spline
TR-039354,2025-09-06,Reefer,1125.9,2402.59,2373.74,False,True,ridge_spline
TR-039355,2025-09-06,Reefer,70.6,219.83,220.55,False,True,ridge_spline
TR-039356,2025-09-06,Flatbed,2491.8,5018.5,5025.4,False,True,ridge_spline
TR-039357,2025-09-06,Dry Van,642.6,1366.89,1386.66,False,True,ridge_spline
TR-039358,2025-09-06,Dry Van,972.0,1822.67,1859.9,False,True,ridge_spline
TR-039359,2025-09-06,Dry Van,460.7,394.42,966.13,True,True,ridge_spline
TR-039360,2025-09-06,Dry Van,1420.1,2779.53,2826.96,False,True,ridge_spline
TR-039361,2025-09-06,Reefer,323.4,820.3,831.33,False,True,ridge_spline
TR-039362,2025-09-06,Dry Van,693.7,1441.33,1412.85,False,True,ridge_spline
TR-039363,2025-09-06,Dry Van,1477.7,11684.7,2910.32,True,True,ridge_spline
TR-039364,2025-09-06,Dry Van,1536.2,3140.85,3092.22,False,True,ridge_spline
TR-039365,2025-09-06,Flatbed,535.2,1295.72,1274.03,False,True,ridge_spline
TR-039366,2025-09-06,Dry Van,940.4,1827.9,1842.84,False,True,ridge_spline
TR-039367,2025-09-06,Reefer,2948.2,5673.91,5790.71,False,True,ridge_spline
TR-039368,2025-09-06,Dry Van,1103.7,9250.6,2128.7,True,True,ridge_spline
TR-039369,2025-09-06,Flatbed,315.2,819.34,835.44,False,True,ridge_spline
TR-039370,2025-09-06,Dry Van,858.8,1700.82,1704.01,False,True,ridge_spline
TR-039371,2025-09-06,Dry Van,1044.1,2067.45,2130.66,False,True,ridge_spline
TR-039372,2025-09-06,Dry Van,1165.3,2351.81,2405.91,False,True,ridge_spline
TR-039373,2025-09-06,Reefer,163.0,422.75,438.36,False,True,ridge_spline
TR-039374,2025-09-06,Dry Van,664.5,1417.7,1408.65,False,True,ridge_spline
TR-039375,2025-09-06,Reefer,1403.9,2924.5,2995.31,False,True,ridge_spline
TR-039376,2025-09-06,Flatbed,549.4,1320.2,1295.84,False,True,ridge_spline
TR-039377,2025-09-06,Dry Van,425.7,979.97,973.03,False,True,ridge_spline
TR-039378,2025-09-06,Reefer,194.1,518.55,530.11,False,False,ridge_spline
TR-039379,2025-09-06,Dry Van,1117.5,2348.29,2257.89,False,True,ridge_spline
TR-039380,2025-09-06,Dry Van,1077.1,2307.08,2269.67,False,True,ridge_spline
TR-039381,2025-09-06,Dry Van,887.5,1720.0,1734.89,False,True,ridge_spline
TR-039382,2025-09-06,Dry Van,1374.1,2573.08,2611.89,False,True,ridge_spline
TR-039383,2025-09-06,Dry Van,180.9,474.06,488.76,False,True,ridge_spline
TR-039384,2025-09-06,Dry Van,575.6,1251.61,1281.53,False,True,ridge_spline
TR-039385,2025-09-06,Dry Van,377.2,798.99,806.16,False,True,ridge_spline
TR-039386,2025-09-06,Dry Van,670.0,1537.76,1468.54,False,True,ridge_spline
TR-039387,2025-09-06,Reefer,696.8,1718.98,1717.59,False,True,ridge_spline
TR-039388,2025-09-06,Reefer,442.3,1168.83,1189.34,False,True,ridge_spline
TR-039389,2025-09-06,Dry Van,612.4,1276.72,1300.47,False,True,ridge_spline
TR-039390,2025-09-06,Dry Van,954.9,1934.18,1955.8,False,True,ridge_spline
TR-039391,2025-09-06,Reefer,2891.2,5635.6,5644.92,False,True,ridge_spline
TR-039392,2025-09-06,Dry Van,1704.4,3236.78,3267.55,False,True,ridge_spline
TR-039393,2025-09-06,Dry Van,1843.4,3619.2,3608.28,False,True,ridge_spline
TR-039394,2025-09-06,Dry Van,2146.7,3929.2,3883.12,False,True,ridge_spline
TR-039395,2025-09-06,Dry Van,834.8,1680.95,1682.23,False,True,ridge_spline
TR-039396,2025-09-06,Reefer,1413.1,3259.67,3189.19,False,True,ridge_spline
TR-039397,2025-09-06,Dry Van,605.6,1274.14,1290.29,False,True,ridge_spline
TR-039398,2025-09-06,Flatbed,862.6,2091.65,2055.72,False,True,ridge_spline
TR-039399,2025-09-06,Reefer,2114.0,4500.84,4596.04,False,True,ridge_spline
TR-039400,2025-09-06,Flatbed,1075.7,2187.86,2226.26,False,True,ridge_spline
TR-039401,2025-09-06,Reefer,916.0,2024.09,2037.8,False,True,ridge_spline
TR-039402,2025-09-06,Flatbed,1102.7,2494.08,2492.16,False,False,ridge_spline
TR-039403,2025-09-06,Dry Van,339.5,823.14,807.5,False,True,ridge_spline
TR-039404,2025-09-06,Dry Van,682.6,1519.16,1530.4,False,True,ridge_spline
TR-039405,2025-09-06,Dry Van,526.5,1095.6,1116.43,False,True,ridge_spline
TR-039406,2025-09-06,Flatbed,1397.1,2834.89,2798.15,False,True,ridge_spline
TR-039407,2025-09-06,Dry Van,250.1,611.65,603.2,False,True,ridge_spline
TR-039408,2025-09-06,Dry Van,423.3,904.38,900.91,False,True,ridge_spline
TR-039409,2025-09-06,Flatbed,888.5,1940.13,1975.86,False,True,ridge_spline
TR-039410,2025-09-06,Reefer,557.9,1397.51,1376.32,False,True,ridge_spline
TR-039411,2025-09-06,Reefer,845.3,1946.57,1935.4,False,True,ridge_spline
TR-039412,2025-09-07,Reefer,610.3,1472.84,1527.37,False,True,ridge_spline
TR-039413,2025-09-07,Flatbed,1065.9,2260.94,2223.58,False,True,ridge_spline
TR-039414,2025-09-07,Flatbed,2275.5,4649.91,4658.96,False,True,ridge_spline
TR-039415,2025-09-07,Dry Van,1724.5,3356.25,3333.97,False,True,ridge_spline
TR-039416,2025-09-07,Flatbed,2037.5,3912.24,3818.74,False,True,ridge_spline
TR-039417,2025-09-07,Dry Van,1689.8,3145.67,3179.85,False,True,ridge_spline
TR-039418,2025-09-07,Dry Van,857.4,1711.18,1738.9,False,True,ridge_spline
TR-039419,2025-09-07,Dry Van,567.3,1275.03,1268.32,False,True,ridge_spline
TR-039420,2025-09-07,Dry Van,137.7,346.53,353.28,False,True,ridge_spline
TR-039421,2025-09-07,Dry Van,805.9,1610.93,1587.17,False,True,ridge_spline
TR-039422,2025-09-07,Dry Van,1016.3,2137.02,2106.61,False,True,ridge_spline
TR-039423,2025-09-07,Dry Van,954.4,1913.01,1926.62,False,True,ridge_spline
TR-039424,2025-09-07,Dry Van,756.1,1530.06,1548.5,False,True,ridge_spline
TR-039425,2025-09-07,Dry Van,98.1,259.85,260.26,False,True,ridge_spline
TR-039426,2025-09-07,Reefer,533.7,1239.05,1244.89,False,True,ridge_spline
TR-039427,2025-09-07,Reefer,3320.9,6507.07,6549.7,False,False,ridge_spline
TR-039428,2025-09-07,Dry Van,2269.0,4073.5,3906.98,False,True,ridge_spline
TR-039429,2025-09-07,Reefer,1572.8,3438.62,3443.85,False,False,ridge_spline
TR-039430,2025-09-07,Flatbed,339.0,826.33,840.56,False,False,ridge_spline
TR-039431,2025-09-07,Reefer,1420.6,3170.07,3138.06,False,True,ridge_spline
TR-039432,2025-09-07,Dry Van,1050.4,2023.51,2052.51,False,True,ridge_spline
TR-039433,2025-09-07,Reefer,954.4,2196.22,2184.53,False,True,ridge_spline
TR-039434,2025-09-07,Dry Van,3026.4,5451.7,5447.43,False,True,ridge_spline
TR-039435,2025-09-07,Dry Van,448.9,1009.88,1015.43,False,True,ridge_spline
TR-039436,2025-09-07,Dry Van,244.7,575.32,570.74,False,True,ridge_spline
TR-039437,2025-09-07,Dry Van,2177.2,3864.89,3912.2,False,True,ridge_spline
TR-039438,2025-09-07,Flatbed,1141.2,2386.99,2426.0,False,True,ridge_spline
TR-039439,2025-09-07,Dry Van,1292.0,7773.89,2669.86,True,True,ridge_spline
TR-039440,2025-09-07,Reefer,1188.6,2518.56,2659.85,False,True,ridge_spline
TR-039441,2025-09-07,Dry Van,769.9,1471.93,1507.84,False,True,ridge_spline
TR-039442,2025-09-07,Dry Van,452.2,1040.31,1042.14,False,True,ridge_spline
TR-039443,2025-09-07,Reefer,2150.6,4546.95,4680.62,False,True,ridge_spline
TR-039444,2025-09-07,Dry Van,932.9,1865.15,1927.87,False,True,ridge_spline
TR-039445,2025-09-07,Dry Van,3201.1,5853.34,5836.69,False,True,ridge_spline
TR-039446,2025-09-07,Reefer,1253.2,2738.53,2796.38,False,True,ridge_spline
TR-039447,2025-09-07,Dry Van,1239.9,2411.71,2463.36,False,True,ridge_spline
TR-039448,2025-09-07,Dry Van,635.3,1384.37,1364.14,False,True,ridge_spline
TR-039449,2025-09-07,Reefer,791.5,1714.74,1707.32,False,True,ridge_spline
TR-039450,2025-09-07,Dry Van,547.2,1172.76,1199.48,False,True,ridge_spline
TR-039451,2025-09-07,Flatbed,331.1,829.69,800.22,False,True,ridge_spline
TR-039452,2025-09-07,Flatbed,1045.0,2345.65,2335.23,False,True,ridge_spline
TR-039453,2025-09-07,Reefer,2325.3,4680.61,4620.64,False,True,ridge_spline
TR-039454,2025-09-07,Dry Van,604.3,1312.28,1297.02,False,True,ridge_spline
TR-039455,2025-09-07,Reefer,1707.6,3535.13,3631.82,False,True,ridge_spline
TR-039456,2025-09-07,Reefer,938.1,2159.99,2162.73,False,True,ridge_spline
TR-039457,2025-09-07,Dry Van,444.4,1007.21,1011.21,False,True,ridge_spline
TR-039458,2025-09-07,Reefer,2933.7,5895.32,5997.71,False,True,ridge_spline
TR-039459,2025-09-07,Dry Van,653.9,1375.54,1346.0,False,True,ridge_spline
TR-039460,2025-09-07,Dry Van,2217.9,10528.39,4104.32,True,True,ridge_spline
TR-039461,2025-09-07,Dry Van,731.7,1606.52,1618.08,False,True,ridge_spline
TR-039462,2025-09-07,Dry Van,1091.1,2156.76,2239.7,False,True,ridge_spline
TR-039463,2025-09-07,Flatbed,755.4,1607.8,1595.88,False,True,ridge_spline
TR-039464,2025-09-07,Dry Van,399.3,879.23,903.17,False,True,ridge_spline
TR-039465,2025-09-07,Flatbed,1903.0,3696.98,3794.42,False,True,ridge_spline
TR-039466,2025-09-07,Dry Van,604.0,1221.65,1218.77,False,True,ridge_spline
TR-039467,2025-09-07,Dry Van,840.3,1670.68,1703.45,False,True,ridge_spline
TR-039468,2025-09-07,Reefer,1020.3,2493.04,2454.25,False,True,ridge_spline
TR-039469,2025-09-07,Dry Van,433.2,1001.46,978.89,False,True,ridge_spline
TR-039470,2025-09-07,Flatbed,1362.6,2768.33,2831.4,False,True,ridge_spline
TR-039471,2025-09-07,Dry Van,2062.1,3948.28,3967.71,False,True,ridge_spline
TR-039472,2025-09-07,Dry Van,364.8,799.58,820.51,False,True,ridge_spline
TR-039473,2025-09-07,Flatbed,2039.8,4030.59,4076.27,False,True,ridge_spline
TR-039474,2025-09-07,Dry Van,547.9,1098.18,1100.65,False,True,ridge_spline
TR-039475,2025-09-07,Reefer,437.9,1158.69,1154.54,False,True,ridge_spline
TR-039476,2025-09-07,Dry Van,1785.4,3359.77,3396.39,False,True,ridge_spline
TR-039477,2025-09-07,Flatbed,776.7,1643.12,1655.52,False,True,ridge_spline
TR-039478,2025-09-07,Reefer,1661.2,3729.06,3642.57,False,True,ridge_spline
TR-039479,2025-09-07,Dry Van,1970.7,3395.52,3426.52,False,True,ridge_spline
TR-039480,2025-09-07,Reefer,829.7,8354.94,1814.53,True,True,ridge_spline
TR-039481,2025-09-07,Reefer,414.2,1166.12,1133.42,False,True,ridge_spline
TR-039482,2025-09-07,Dry Van,1657.2,3297.59,3269.71,False,True,ridge_spline
TR-039483,2025-09-07,Flatbed,524.8,1215.34,1223.79,False,True,ridge_spline
TR-039484,2025-09-07,Dry Van,2501.0,4191.0,4255.28,False,True,ridge_spline
TR-039485,2025-09-07,Dry Van,609.7,1413.69,1374.36,False,True,ridge_spline
TR-039486,2025-09-07,Dry Van,993.6,2152.77,2093.05,False,True,ridge_spline
TR-039487,2025-09-07,Reefer,105.5,343.33,347.16,False,True,ridge_spline
TR-039488,2025-09-07,Reefer,320.9,820.83,816.61,False,True,ridge_spline
TR-039489,2025-09-07,Reefer,1246.6,2721.38,2706.08,False,True,ridge_spline
TR-039490,2025-09-07,Dry Van,394.3,858.77,863.04,False,True,ridge_spline
TR-039491,2025-09-07,Flatbed,3193.0,6095.83,6144.95,False,True,ridge_spline
TR-039492,2025-09-07,Dry Van,1177.4,2285.94,2289.1,False,True,ridge_spline
TR-039493,2025-09-07,Reefer,439.0,1089.0,1110.06,False,True,ridge_spline
TR-039494,2025-09-07,Dry Van,602.2,1203.48,1220.48,False,True,ridge_spline
TR-039495,2025-09-07,Dry Van,433.9,921.46,925.81,False,False,ridge_spline
TR-039496,2025-09-07,Flatbed,2357.4,4839.21,4820.29,False,True,ridge_spline
TR-039497,2025-09-07,Dry Van,2790.4,5064.37,5111.91,False,True,ridge_spline
TR-039498,2025-09-07,Reefer,1223.8,2760.21,2762.74,False,True,ridge_spline
TR-039499,2025-09-07,Reefer,1972.6,4159.52,4139.34,False,True,ridge_spline
TR-039500,2025-09-07,Dry Van,742.3,1480.7,1486.7,False,True,ridge_spline
TR-039501,2025-09-07,Reefer,1634.4,3547.97,3446.87,False,True,ridge_spline
TR-039502,2025-09-07,Dry Van,2411.1,4401.81,4445.77,False,True,ridge_spline
TR-039503,2025-09-07,Dry Van,1976.4,3708.8,3781.99,False,True,ridge_spline
TR-039504,2025-09-07,Dry Van,1098.1,2099.69,2082.74,False,True,ridge_spline
TR-039505,2025-09-07,Dry Van,1335.3,2482.71,2495.03,False,True,ridge_spline
TR-039506,2025-09-07,Dry Van,1696.3,3321.61,3293.35,False,True,ridge_spline
TR-039507,2025-09-07,Dry Van,1052.7,2144.55,2145.97,False,True,ridge_spline
TR-039508,2025-09-07,Reefer,826.8,1894.1,1924.91,False,True,ridge_spline
TR-039509,2025-09-07,Reefer,755.5,1717.44,1775.66,False,True,ridge_spline
TR-039510,2025-09-07,Dry Van,565.1,1262.04,1293.46,False,True,ridge_spline
TR-039511,2025-09-07,Reefer,770.7,1674.09,1731.99,False,True,ridge_spline
TR-039512,2025-09-07,Reefer,1910.9,4191.96,4161.14,False,True,ridge_spline
TR-039513,2025-09-07,Reefer,1111.9,2461.67,2432.32,False,True,ridge_spline
TR-039514,2025-09-07,Flatbed,593.2,3509.58,1357.33,True,True,ridge_spline
TR-039515,2025-09-07,Reefer,866.1,2129.99,2081.25,False,True,ridge_spline
TR-039516,2025-09-07,Dry Van,1356.7,2738.76,2705.85,False,True,ridge_spline
TR-039517,2025-09-07,Dry Van,640.2,1305.73,1318.7,False,True,ridge_spline
TR-039518,2025-09-07,Dry Van,197.1,491.43,485.75,False,True,ridge_spline
TR-039519,2025-09-07,Reefer,337.4,869.11,853.17,False,True,ridge_spline
TR-039520,2025-09-07,Reefer,735.2,1721.63,1745.0,False,True,ridge_spline
TR-039521,2025-09-07,Reefer,1869.6,3966.54,3971.14,False,True,ridge_spline
TR-039522,2025-09-07,Flatbed,512.5,1171.48,1167.15,False,True,ridge_spline
TR-039523,2025-09-07,Flatbed,811.7,1922.81,1878.97,False,True,ridge_spline
TR-039524,2025-09-07,Dry Van,1286.1,2341.29,2382.07,False,True,ridge_spline
TR-039525,2025-09-07,Reefer,1270.0,2751.76,2775.78,False,False,ridge_spline
TR-039526,2025-09-07,Reefer,1987.0,4251.85,4284.06,False,True,ridge_spline
TR-039527,2025-09-07,Reefer,2008.8,4103.62,4080.56,False,True,ridge_spline
TR-039528,2025-09-07,Dry Van,129.8,352.04,355.6,False,True,ridge_spline
TR-039529,2025-09-07,Reefer,2283.1,4337.4,4595.05,False,True,ridge_spline
TR-039530,2025-09-07,Dry Van,602.4,1205.49,1213.41,False,True,ridge_spline
TR-039531,2025-09-07,Flatbed,882.6,2005.36,1953.56,False,True,ridge_spline
TR-039532,2025-09-07,Dry Van,848.0,1652.64,1683.63,False,True,ridge_spline
TR-039533,2025-09-07,Dry Van,1812.4,3379.91,3394.65,False,True,ridge_spline
TR-039534,2025-09-07,Reefer,1772.8,3821.57,3861.97,False,True,ridge_spline
TR-039535,2025-09-07,Flatbed,659.4,1529.04,1525.42,False,False,ridge_spline
TR-039536,2025-09-07,Dry Van,845.1,1693.03,1743.15,False,True,ridge_spline
TR-039537,2025-09-07,Dry Van,2004.0,3646.69,3678.09,False,True,ridge_spline
TR-039538,2025-09-07,Dry Van,2746.4,4841.75,4876.12,False,True,ridge_spline
TR-039539,2025-09-07,Flatbed,463.0,1130.84,1115.83,False,True,ridge_spline
TR-039540,2025-09-07,Reefer,982.4,2359.22,2377.97,False,True,ridge_spline
TR-039541,2025-09-07,Dry Van,1001.5,2047.67,2031.73,False,True,ridge_spline
TR-039542,2025-09-07,Dry Van,475.3,1014.08,1025.05,False,True,ridge_spline
TR-039543,2025-09-07,Flatbed,2356.2,4740.83,4750.38,False,False,ridge_spline
TR-039544,2025-09-07,Flatbed,1154.5,2396.78,2425.9,False,True,ridge_spline
TR-039545,2025-09-07,Dry Van,287.1,646.25,668.38,False,True,ridge_spline
TR-039546,2025-09-07,Flatbed,1787.5,1477.09,3787.57,True,True,ridge_spline
TR-039547,2025-09-07,Dry Van,435.2,971.37,992.89,False,True,ridge_spline
TR-039548,2025-09-07,Reefer,491.9,1157.04,1163.97,False,True,ridge_spline
TR-039549,2025-09-07,Reefer,820.1,2065.89,2032.94,False,True,ridge_spline
TR-039550,2025-09-07,Dry Van,1906.2,3716.51,3696.93,False,True,ridge_spline
TR-039551,2025-09-07,Dry Van,1518.5,2890.69,2948.08,False,True,ridge_spline
TR-039552,2025-09-07,Dry Van,504.8,1114.15,1125.71,False,True,ridge_spline
TR-039553,2025-09-07,Reefer,584.7,1465.64,1411.54,False,True,ridge_spline
TR-039554,2025-09-07,Dry Van,1192.8,2266.5,2241.68,False,True,ridge_spline
TR-039555,2025-09-07,Flatbed,650.4,1482.34,1495.48,False,True,ridge_spline
TR-039556,2025-09-07,Flatbed,564.0,1209.0,1229.4,False,True,ridge_spline
TR-039557,2025-09-07,Dry Van,1950.4,3641.16,3585.45,False,True,ridge_spline
TR-039558,2025-09-07,Flatbed,171.0,499.9,498.45,False,True,ridge_spline
TR-039559,2025-09-07,Dry Van,346.4,198.16,824.28,True,True,ridge_spline
TR-039560,2025-09-07,Flatbed,460.9,1136.33,1117.29,False,True,ridge_spline
TR-039561,2025-09-07,Flatbed,502.3,1211.34,1198.87,False,True,ridge_spline
TR-039562,2025-09-07,Dry Van,2311.2,4067.4,4178.42,False,True,ridge_spline
TR-039563,2025-09-07,Dry Van,641.7,1334.81,1350.37,False,True,ridge_spline
TR-039564,2025-09-07,Flatbed,1156.2,2365.18,2384.29,False,True,ridge_spline
TR-039565,2025-09-07,Flatbed,264.9,664.79,669.95,False,True,ridge_spline
TR-039566,2025-09-07,Dry Van,1808.8,3399.59,3473.46,False,True,ridge_spline
TR-039567,2025-09-07,Dry Van,405.6,905.5,896.79,False,True,ridge_spline
TR-039568,2025-09-07,Reefer,955.8,2122.6,2109.66,False,True,ridge_spline
TR-039569,2025-09-07,Dry Van,2182.4,3813.01,3862.77,False,True,ridge_spline
TR-039570,2025-09-07,Dry Van,1706.5,3183.5,3144.55,False,True,ridge_spline
TR-039571,2025-09-07,Dry Van,1134.7,2124.08,2159.92,False,True,ridge_spline
TR-039572,2025-09-08,Flatbed,552.4,1258.26,1282.14,False,True,ridge_spline
TR-039573,2025-09-08,Dry Van,910.7,1832.43,1799.29,False,True,ridge_spline
TR-039574,2025-09-08,Dry Van,1311.4,2684.71,2691.79,False,True,ridge_spline
TR-039575,2025-09-08,Dry Van,951.0,1779.91,1785.58,False,True,ridge_spline
TR-039576,2025-09-08,Dry Van,904.2,1643.21,1713.02,False,True,ridge_spline
TR-039577,2025-09-08,Dry Van,608.0,1308.17,1319.74,False,True,ridge_spline
TR-039578,2025-09-08,Dry Van,877.3,1834.7,1849.27,False,True,ridge_spline
TR-039579,2025-09-08,Dry Van,488.8,1106.89,1078.08,False,True,ridge_spline
TR-039580,2025-09-08,Dry Van,2429.3,4308.44,4457.47,False,True,ridge_spline
TR-039581,2025-09-08,Dry Van,785.0,1659.41,1655.85,False,True,ridge_spline
TR-039582,2025-09-08,Dry Van,453.1,1010.14,1023.17,False,True,ridge_spline
TR-039583,2025-09-08,Reefer,842.0,2052.54,2041.12,False,True,ridge_spline
TR-039584,2025-09-08,Flatbed,249.4,664.46,650.25,False,True,ridge_spline
TR-039585,2025-09-08,Flatbed,2202.4,4409.01,4434.9,False,True,ridge_spline
TR-039586,2025-09-08,Reefer,481.9,1144.42,1152.66,False,True,ridge_spline
TR-039587,2025-09-08,Reefer,886.7,2062.26,2002.04,False,True,ridge_spline
TR-039588,2025-09-08,Reefer,1253.4,2791.08,2836.43,False,True,ridge_spline
TR-039589,2025-09-08,Dry Van,650.0,1374.41,1381.0,False,True,ridge_spline
TR-039590,2025-09-08,Reefer,1780.1,3729.88,3782.69,False,True,ridge_spline
TR-039591,2025-09-08,Dry Van,759.6,1611.62,1618.1,False,True,ridge_spline
TR-039592,2025-09-08,Dry Van,2823.6,4852.21,5054.77,False,True,ridge_spline
TR-039593,2025-09-08,Dry Van,908.2,1714.23,1699.18,False,True,ridge_spline
TR-039594,2025-09-08,Dry Van,1004.1,1990.99,1998.81,False,True,ridge_spline
TR-039595,2025-09-08,Dry Van,846.5,1764.95,1771.07,False,True,ridge_spline
TR-039596,2025-09-08,Dry Van,678.8,1322.52,1362.87,False,True,ridge_spline
TR-039597,2025-09-08,Dry Van,2151.2,4247.79,4102.79,False,True,ridge_spline
TR-039598,2025-09-08,Dry Van,592.0,1340.5,1330.02,False,True,ridge_spline
TR-039599,2025-09-08,Reefer,2775.9,5620.89,5761.45,False,True,ridge_spline
TR-039600,2025-09-08,Dry Van,867.0,1717.38,1762.39,False,True,ridge_spline
TR-039601,2025-09-08,Flatbed,1537.8,3365.65,3383.08,False,True,ridge_spline
TR-039602,2025-09-08,Dry Van,224.7,556.94,547.74,False,True,ridge_spline
TR-039603,2025-09-08,Dry Van,497.8,1058.37,1062.69,False,True,ridge_spline
TR-039604,2025-09-08,Flatbed,1911.7,3903.03,3995.43,False,True,ridge_spline
TR-039605,2025-09-08,Reefer,935.5,2014.63,1993.58,False,True,ridge_spline
TR-039606,2025-09-08,Flatbed,883.1,1999.43,1956.28,False,True,ridge_spline
TR-039607,2025-09-08,Reefer,750.9,1801.21,1783.87,False,True,ridge_spline
TR-039608,2025-09-08,Reefer,2168.3,4431.09,4382.73,False,True,ridge_spline
TR-039609,2025-09-08,Dry Van,2032.1,3905.77,3860.98,False,True,ridge_spline
TR-039610,2025-09-08,Dry Van,335.5,809.6,816.89,False,True,ridge_spline
TR-039611,2025-09-08,Dry Van,924.9,1872.88,1932.53,False,True,ridge_spline
TR-039612,2025-09-08,Dry Van,289.2,2021.98,710.94,True,True,ridge_spline
TR-039613,2025-09-08,Dry Van,2785.9,4791.87,4882.55,False,True,ridge_spline
TR-039614,2025-09-08,Reefer,2030.6,4200.31,4186.38,False,True,ridge_spline
TR-039615,2025-09-08,Dry Van,821.4,1667.08,1678.0,False,True,ridge_spline
TR-039616,2025-09-08,Reefer,1366.2,2948.72,2976.06,False,True,ridge_spline
TR-039617,2025-09-08,Dry Van,963.1,2027.06,1969.68,False,True,ridge_spline
TR-039618,2025-09-08,Flatbed,992.9,2292.08,2255.73,False,True,ridge_spline
TR-039619,2025-09-08,Flatbed,607.4,1387.72,1378.97,False,True,ridge_spline
TR-039620,2025-09-08,Reefer,742.8,1751.27,1719.36,False,True,ridge_spline
TR-039621,2025-09-08,Reefer,1272.8,2850.46,2834.2,False,False,ridge_spline
TR-039622,2025-09-08,Dry Van,223.9,573.2,565.5,False,True,ridge_spline
TR-039623,2025-09-08,Dry Van,662.5,1357.84,1352.02,False,True,ridge_spline
TR-039624,2025-09-08,Reefer,1160.6,2689.88,2691.46,False,True,ridge_spline
TR-039625,2025-09-08,Dry Van,1476.1,2836.8,2892.6,False,True,ridge_spline
TR-039626,2025-09-08,Reefer,814.9,1854.62,1895.34,False,True,ridge_spline
TR-039627,2025-09-08,Flatbed,1051.0,2213.5,2225.07,False,True,ridge_spline
TR-039628,2025-09-08,Dry Van,1419.1,2589.09,2754.68,False,True,ridge_spline
TR-039629,2025-09-08,Reefer,888.6,1942.25,1973.05,False,True,ridge_spline
TR-039630,2025-09-08,Flatbed,1672.3,3568.34,3525.79,False,False,ridge_spline
TR-039631,2025-09-08,Dry Van,342.2,767.26,757.61,False,True,ridge_spline
TR-039632,2025-09-08,Dry Van,728.6,1623.8,1602.16,False,True,ridge_spline
TR-039633,2025-09-08,Flatbed,1308.4,2904.7,2849.92,False,True,ridge_spline
TR-039634,2025-09-08,Reefer,521.6,1282.29,1284.04,False,True,ridge_spline
TR-039635,2025-09-08,Dry Van,853.6,1670.61,1684.67,False,True,ridge_spline
TR-039636,2025-09-08,Dry Van,1208.5,2446.14,2458.05,False,True,ridge_spline
TR-039637,2025-09-08,Dry Van,2332.5,3952.07,4109.62,False,True,ridge_spline
TR-039638,2025-09-08,Flatbed,789.9,1746.0,1770.56,False,True,ridge_spline
TR-039639,2025-09-08,Reefer,1335.3,2833.34,2765.64,False,True,ridge_spline
TR-039640,2025-09-08,Dry Van,1023.1,1984.86,2008.1,False,True,ridge_spline
TR-039641,2025-09-08,Flatbed,1990.6,3964.88,4066.59,False,True,ridge_spline
TR-039642,2025-09-08,Dry Van,380.1,896.28,890.74,False,True,ridge_spline
TR-039643,2025-09-08,Reefer,2139.6,4288.2,4298.4,False,True,ridge_spline
TR-039644,2025-09-08,Reefer,402.1,1008.41,1008.38,False,True,ridge_spline
TR-039645,2025-09-08,Flatbed,2039.6,3975.86,3983.55,False,True,ridge_spline
TR-039646,2025-09-08,Dry Van,3152.6,5396.01,5428.38,False,True,ridge_spline
TR-039647,2025-09-08,Dry Van,2786.7,5007.64,5022.5,False,True,ridge_spline
TR-039648,2025-09-08,Dry Van,1386.9,2653.14,2665.34,False,True,ridge_spline
TR-039649,2025-09-08,Reefer,1115.0,2458.79,2532.56,False,False,ridge_spline
TR-039650,2025-09-08,Reefer,197.1,579.86,583.42,False,True,ridge_spline
TR-039651,2025-09-08,Dry Van,1627.4,3207.95,3129.29,False,True,ridge_spline
TR-039652,2025-09-08,Flatbed,439.1,1140.47,1103.99,False,True,ridge_spline
TR-039653,2025-09-08,Dry Van,443.0,936.17,932.8,False,True,ridge_spline
TR-039654,2025-09-08,Flatbed,1699.3,3444.93,3362.44,False,False,ridge_spline
TR-039655,2025-09-08,Dry Van,369.7,846.27,854.45,False,True,ridge_spline
TR-039656,2025-09-08,Dry Van,1939.9,1039.33,3442.86,True,True,ridge_spline
TR-039657,2025-09-08,Reefer,1430.4,3077.83,3188.49,False,True,ridge_spline
TR-039658,2025-09-08,Dry Van,668.5,1366.54,1369.8,False,True,ridge_spline
TR-039659,2025-09-08,Dry Van,682.2,1341.67,1344.16,False,True,ridge_spline
TR-039660,2025-09-08,Dry Van,339.4,819.55,830.08,False,True,ridge_spline
TR-039661,2025-09-08,Dry Van,322.5,801.7,794.04,False,True,ridge_spline
TR-039662,2025-09-08,Dry Van,764.3,1574.89,1596.41,False,True,ridge_spline
TR-039663,2025-09-08,Reefer,679.0,1580.81,1574.8,False,True,ridge_spline
TR-039664,2025-09-08,Dry Van,370.6,895.55,868.3,False,True,ridge_spline
TR-039665,2025-09-08,Flatbed,325.2,810.22,799.25,False,True,ridge_spline
TR-039666,2025-09-08,Dry Van,2983.9,5216.82,5409.1,False,True,ridge_spline
TR-039667,2025-09-08,Dry Van,1871.8,3482.9,3480.04,False,True,ridge_spline
TR-039668,2025-09-08,Dry Van,1203.7,2322.91,2272.11,False,True,ridge_spline
TR-039669,2025-09-08,Flatbed,1695.3,3360.0,3362.03,False,True,ridge_spline
TR-039670,2025-09-08,Reefer,195.1,599.52,595.61,False,True,ridge_spline
TR-039671,2025-09-08,Flatbed,1217.6,2524.95,2471.94,False,False,ridge_spline
TR-039672,2025-09-08,Dry Van,411.6,996.28,991.65,False,True,ridge_spline
TR-039673,2025-09-08,Reefer,1169.2,2615.19,2614.41,False,True,ridge_spline
TR-039674,2025-09-08,Dry Van,2707.8,4876.72,4854.95,False,True,ridge_spline
TR-039675,2025-09-08,Reefer,448.4,1123.76,1120.58,False,True,ridge_spline
TR-039676,2025-09-08,Reefer,1054.5,2486.05,2470.86,False,True,ridge_spline
TR-039677,2025-09-08,Flatbed,848.9,758.12,1895.25,True,True,ridge_spline
TR-039678,2025-09-08,Flatbed,146.5,402.44,399.09,False,False,ridge_spline
TR-039679,2025-09-08,Dry Van,1467.6,2950.34,2885.14,False,True,ridge_spline
TR-039680,2025-09-08,Reefer,180.1,514.24,530.44,False,True,ridge_spline
TR-039681,2025-09-08,Flatbed,122.1,381.97,370.77,False,False,ridge_spline
TR-039682,2025-09-08,Dry Van,474.8,997.23,1020.4,False,True,ridge_spline
TR-039683,2025-09-08,Dry Van,1226.3,2412.98,2457.11,False,True,ridge_spline
TR-039684,2025-09-08,Reefer,313.3,833.53,827.64,False,True,ridge_spline
TR-039685,2025-09-08,Dry Van,840.6,1871.96,1858.01,False,True,ridge_spline
TR-039686,2025-09-08,Dry Van,467.3,1062.85,1063.94,False,True,ridge_spline
TR-039687,2025-09-08,Reefer,2103.7,4653.73,4575.07,False,True,ridge_spline
TR-039688,2025-09-08,Flatbed,457.8,1095.41,1109.4,False,True,ridge_spline
TR-039689,2025-09-08,Dry Van,1492.9,2891.35,2938.73,False,True,ridge_spline
TR-039690,2025-09-08,Flatbed,1553.3,3059.64,3232.16,False,True,ridge_spline
TR-039691,2025-09-08,Dry Van,1252.0,2568.75,2577.13,False,True,ridge_spline
TR-039692,2025-09-08,Reefer,1894.8,3891.56,3989.28,False,True,ridge_spline
TR-039693,2025-09-08,Flatbed,700.3,1641.31,1642.52,False,True,ridge_spline
TR-039694,2025-09-08,Flatbed,444.3,1132.92,1113.51,False,True,ridge_spline
TR-039695,2025-09-08,Dry Van,1042.1,2132.59,2206.21,False,True,ridge_spline
TR-039696,2025-09-08,Dry Van,1351.4,2650.23,2705.4,False,True,ridge_spline
TR-039697,2025-09-08,Reefer,450.3,1138.21,1158.37,False,True,ridge_spline
TR-039698,2025-09-08,Dry Van,769.6,1704.6,1693.46,False,True,ridge_spline
TR-039699,2025-09-08,Flatbed,1601.2,3238.85,3304.76,False,True,ridge_spline
TR-039700,2025-09-08,Dry Van,805.7,1688.91,1699.94,False,True,ridge_spline
TR-039701,2025-09-08,Dry Van,954.7,1946.66,1908.76,False,True,ridge_spline
TR-039702,2025-09-08,Reefer,737.2,1786.14,1735.1,False,True,ridge_spline
TR-039703,2025-09-08,Dry Van,2051.6,3806.95,3829.11,False,True,ridge_spline
TR-039704,2025-09-08,Flatbed,2106.4,4380.38,4391.22,False,True,ridge_spline
TR-039705,2025-09-08,Dry Van,1132.1,2149.63,2211.21,False,True,ridge_spline
TR-039706,2025-09-08,Dry Van,1481.5,2873.29,2826.48,False,True,ridge_spline
TR-039707,2025-09-08,Reefer,2243.4,4481.33,4645.77,False,True,ridge_spline
TR-039708,2025-09-08,Flatbed,282.8,765.21,761.28,False,True,ridge_spline
TR-039709,2025-09-08,Dry Van,997.1,1949.17,1991.96,False,True,ridge_spline
TR-039710,2025-09-08,Flatbed,1997.2,3869.27,3901.3,False,True,ridge_spline
TR-039711,2025-09-08,Reefer,2440.4,5057.26,5067.22,False,True,ridge_spline
TR-039712,2025-09-08,Dry Van,770.9,1532.53,1530.77,False,True,ridge_spline
TR-039713,2025-09-08,Flatbed,447.7,1015.6,1002.89,False,True,ridge_spline
TR-039714,2025-09-08,Reefer,1079.1,2156.21,2249.21,False,True,ridge_spline
TR-039715,2025-09-08,Dry Van,2224.8,4022.03,4097.61,False,True,ridge_spline
TR-039716,2025-09-08,Reefer,3326.1,6853.93,6856.57,False,False,ridge_spline
TR-039717,2025-09-08,Flatbed,2251.2,4327.24,4431.84,False,False,ridge_spline
TR-039718,2025-09-08,Reefer,821.4,1861.62,1798.66,False,True,ridge_spline
TR-039719,2025-09-08,Dry Van,300.8,771.61,745.92,False,True,ridge_spline
TR-039720,2025-09-08,Flatbed,749.3,1803.52,1807.79,False,True,ridge_spline
TR-039721,2025-09-08,Dry Van,2503.6,4459.47,4559.54,False,True,ridge_spline
TR-039722,2025-09-08,Reefer,1852.3,3829.72,3816.95,False,True,ridge_spline
TR-039723,2025-09-08,Dry Van,109.7,288.59,291.15,False,True,ridge_spline
TR-039724,2025-09-08,Dry Van,971.2,1997.43,1957.25,False,True,ridge_spline
TR-039725,2025-09-08,Dry Van,636.9,1357.32,1372.23,False,True,ridge_spline
TR-039726,2025-09-08,Dry Van,1329.2,2560.61,2607.22,False,True,ridge_spline
TR-039727,2025-09-08,Reefer,510.9,1210.84,1207.34,False,False,ridge_spline
TR-039728,2025-09-08,Reefer,2273.2,4652.33,4885.32,False,False,ridge_spline
TR-039729,2025-09-08,Dry Van,703.5,1475.59,1517.66,False,True,ridge_spline
TR-039730,2025-09-08,Flatbed,194.6,536.68,522.12,False,True,ridge_spline
TR-039731,2025-09-08,Flatbed,627.9,1455.89,1509.51,False,True,ridge_spline
TR-039732,2025-09-08,Reefer,479.9,1140.25,1116.51,False,True,ridge_spline
TR-039733,2025-09-08,Dry Van,676.5,1431.89,1448.98,False,True,ridge_spline
TR-039734,2025-09-08,Dry Van,930.6,1824.25,1874.7,False,True,ridge_spline
TR-039735,2025-09-09,Dry Van,1350.7,2646.9,2627.48,False,True,ridge_spline
TR-039736,2025-09-09,Dry Van,1756.8,3419.98,3403.2,False,True,ridge_spline
TR-039737,2025-09-09,Dry Van,2473.1,4409.54,4512.96,False,True,ridge_spline
TR-039738,2025-09-09,Dry Van,1784.7,3293.99,3294.31,False,True,ridge_spline
TR-039739,2025-09-09,Dry Van,2040.6,3756.14,3729.17,False,True,ridge_spline
TR-039740,2025-09-09,Reefer,254.0,736.62,757.53,False,True,ridge_spline
TR-039741,2025-09-09,Reefer,744.2,1736.13,1703.7,False,True,ridge_spline
TR-039742,2025-09-09,Flatbed,873.4,2129.31,2074.97,False,True,ridge_spline
TR-039743,2025-09-09,Dry Van,343.2,798.6,799.97,False,True,ridge_spline
TR-039744,2025-09-09,Dry Van,1530.3,2937.98,2997.32,False,True,ridge_spline
TR-039745,2025-09-09,Dry Van,1700.4,3102.39,3235.91,False,True,ridge_spline
TR-039746,2025-09-09,Dry Van,366.7,841.5,845.47,False,True,ridge_spline
TR-039747,2025-09-09,Dry Van,2383.2,4439.53,4434.44,False,True,ridge_spline
TR-039748,2025-09-09,Reefer,2034.9,4346.79,4305.62,False,True,ridge_spline
TR-039749,2025-09-09,Dry Van,285.3,741.53,742.2,False,True,ridge_spline
TR-039750,2025-09-09,Dry Van,711.7,1441.03,1440.27,False,True,ridge_spline
TR-039751,2025-09-09,Reefer,2591.8,5273.19,5368.33,False,True,ridge_spline
TR-039752,2025-09-09,Dry Van,1201.2,2324.44,2286.02,False,True,ridge_spline
TR-039753,2025-09-09,Reefer,847.5,2011.22,2013.31,False,True,ridge_spline
TR-039754,2025-09-09,Dry Van,1216.8,2411.65,2422.96,False,True,ridge_spline
TR-039755,2025-09-09,Reefer,1401.8,3101.74,3115.33,False,True,ridge_spline
TR-039756,2025-09-09,Dry Van,901.4,1843.06,1854.99,False,True,ridge_spline
TR-039757,2025-09-09,Flatbed,286.5,758.22,747.05,False,True,ridge_spline
TR-039758,2025-09-09,Reefer,1070.7,2375.16,2395.92,False,True,ridge_spline
TR-039759,2025-09-09,Reefer,490.0,1248.98,1249.03,False,True,ridge_spline
TR-039760,2025-09-09,Reefer,810.4,1877.24,1905.53,False,True,ridge_spline
TR-039761,2025-09-09,Dry Van,1804.0,3194.83,3279.11,False,True,ridge_spline
TR-039762,2025-09-09,Dry Van,1673.6,3115.19,3159.79,False,True,ridge_spline
TR-039763,2025-09-09,Flatbed,642.3,1535.4,1518.82,False,False,ridge_spline
TR-039764,2025-09-09,Reefer,1796.9,3986.13,4012.47,False,True,ridge_spline
TR-039765,2025-09-09,Reefer,2122.5,4330.26,4317.95,False,True,ridge_spline
TR-039766,2025-09-09,Dry Van,613.0,1308.15,1329.55,False,True,ridge_spline
TR-039767,2025-09-09,Dry Van,334.1,805.56,796.95,False,True,ridge_spline
TR-039768,2025-09-09,Flatbed,1016.1,2185.16,2194.61,False,True,ridge_spline
TR-039769,2025-09-09,Dry Van,502.0,1068.62,1061.62,False,True,ridge_spline
TR-039770,2025-09-09,Reefer,970.0,2118.18,2156.67,False,False,ridge_spline
TR-039771,2025-09-09,Dry Van,712.0,1420.85,1426.94,False,True,ridge_spline
TR-039772,2025-09-09,Dry Van,917.0,1881.54,1892.63,False,True,ridge_spline
TR-039773,2025-09-09,Reefer,1046.8,2523.52,2487.04,False,True,ridge_spline
TR-039774,2025-09-09,Dry Van,466.9,1079.58,1065.22,False,True,ridge_spline
TR-039775,2025-09-09,Reefer,171.3,476.49,476.79,False,False,ridge_spline
TR-039776,2025-09-09,Reefer,721.9,1790.29,1797.38,False,True,ridge_spline
TR-039777,2025-09-09,Dry Van,1973.5,3825.67,3777.17,False,True,ridge_spline
TR-039778,2025-09-09,Reefer,450.5,1168.88,1200.07,False,True,ridge_spline
TR-039779,2025-09-09,Dry Van,216.9,540.28,542.24,False,True,ridge_spline
TR-039780,2025-09-09,Dry Van,2268.9,4144.97,4146.14,False,True,ridge_spline
TR-039781,2025-09-09,Dry Van,1810.5,3430.45,3411.82,False,True,ridge_spline
TR-039782,2025-09-09,Dry Van,489.4,1089.14,1087.18,False,True,ridge_spline
TR-039783,2025-09-09,Reefer,611.2,1496.16,1502.43,False,True,ridge_spline
TR-039784,2025-09-09,Dry Van,136.9,357.82,366.99,False,True,ridge_spline
TR-039785,2025-09-09,Dry Van,1674.6,776.5,3189.76,True,True,ridge_spline
TR-039786,2025-09-09,Dry Van,773.2,1563.27,1564.82,False,True,ridge_spline
TR-039787,2025-09-09,Reefer,70.0,235.09,231.26,False,True,ridge_spline
TR-039788,2025-09-09,Reefer,526.2,1284.8,1255.02,False,True,ridge_spline
TR-039789,2025-09-09,Dry Van,774.4,1632.44,1613.71,False,True,ridge_spline
TR-039790,2025-09-09,Dry Van,2290.5,4249.72,4295.57,False,True,ridge_spline
TR-039791,2025-09-09,Dry Van,299.4,734.9,745.91,False,True,ridge_spline
TR-039792,2025-09-09,Dry Van,1046.7,2122.27,2119.45,False,True,ridge_spline
TR-039793,2025-09-09,Dry Van,1159.4,2356.26,2431.5,False,True,ridge_spline
TR-039794,2025-09-09,Flatbed,1413.3,2940.91,2922.65,False,False,ridge_spline
TR-039795,2025-09-09,Dry Van,801.3,1697.13,1658.44,False,True,ridge_spline
TR-039796,2025-09-09,Dry Van,570.0,1153.23,1170.0,False,True,ridge_spline
TR-039797,2025-09-09,Flatbed,828.3,1760.2,1749.58,False,False,ridge_spline
TR-039798,2025-09-09,Dry Van,370.5,826.5,850.02,False,True,ridge_spline
TR-039799,2025-09-09,Dry Van,200.8,522.73,512.18,False,True,ridge_spline
TR-039800,2025-09-09,Dry Van,1651.9,3088.51,3124.18,False,True,ridge_spline
TR-039801,2025-09-09,Dry Van,2053.6,3918.45,3894.47,False,True,ridge_spline
TR-039802,2025-09-09,Reefer,756.0,1744.76,1799.4,False,True,ridge_spline
TR-039803,2025-09-09,Dry Van,1616.5,3267.04,3231.04,False,True,ridge_spline
TR-039804,2025-09-09,Dry Van,431.4,955.94,965.03,False,True,ridge_spline
TR-039805,2025-09-09,Flatbed,511.1,1145.81,1173.04,False,True,ridge_spline
TR-039806,2025-09-09,Dry Van,305.2,783.88,801.82,False,True,ridge_spline
TR-039807,2025-09-09,Dry Van,1216.4,2393.62,2393.59,False,True,ridge_spline
TR-039808,2025-09-09,Flatbed,2659.9,5099.65,5028.77,False,False,ridge_spline
TR-039809,2025-09-09,Dry Van,2076.4,3823.37,3951.05,False,True,ridge_spline
TR-039810,2025-09-09,Flatbed,253.3,714.31,692.27,False,True,ridge_spline
TR-039811,2025-09-09,Dry Van,2694.9,4718.05,4742.98,False,True,ridge_spline
TR-039812,2025-09-09,Dry Van,904.9,1832.35,1846.83,False,True,ridge_spline
TR-039813,2025-09-09,Reefer,2426.5,5180.3,5191.17,False,True,ridge_spline
TR-039814,2025-09-09,Dry Van,110.9,299.01,295.71,False,True,ridge_spline
TR-039815,2025-09-09,Dry Van,618.1,1361.79,1370.38,False,True,ridge_spline
TR-039816,2025-09-09,Reefer,1265.3,2786.74,2815.36,False,True,ridge_spline
TR-039817,2025-09-09,Dry Van,2463.8,4467.02,4436.59,False,True,ridge_spline
TR-039818,2025-09-09,Dry Van,1902.5,3448.36,3446.05,False,True,ridge_spline
TR-039819,2025-09-09,Dry Van,1566.1,2934.27,3014.48,False,True,ridge_spline
TR-039820,2025-09-09,Dry Van,736.9,1515.65,1515.22,False,True,ridge_spline
TR-039821,2025-09-09,Dry Van,1970.3,3623.26,3611.76,False,True,ridge_spline
TR-039822,2025-09-09,Flatbed,309.3,772.57,758.4,False,True,ridge_spline
TR-039823,2025-09-09,Reefer,597.1,1400.18,1443.74,False,True,ridge_spline
TR-039824,2025-09-09,Reefer,1127.1,2645.92,2643.83,False,True,ridge_spline
TR-039825,2025-09-09,Flatbed,815.5,1751.61,1760.16,False,True,ridge_spline
TR-039826,2025-09-09,Dry Van,2707.4,4606.47,4789.21,False,True,ridge_spline
TR-039827,2025-09-09,Reefer,1773.8,3726.44,3811.54,False,True,ridge_spline
TR-039828,2025-09-09,Dry Van,534.1,1188.52,1171.68,False,True,ridge_spline
TR-039829,2025-09-09,Dry Van,874.4,1854.52,1838.35,False,True,ridge_spline
TR-039830,2025-09-09,Dry Van,546.7,1108.73,1119.18,False,False,ridge_spline
TR-039831,2025-09-09,Dry Van,2076.1,3805.0,3929.04,False,True,ridge_spline
TR-039832,2025-09-09,Dry Van,813.8,1569.73,1576.3,False,True,ridge_spline
TR-039833,2025-09-09,Dry Van,174.0,474.35,473.1,False,True,ridge_spline
TR-039834,2025-09-09,Flatbed,783.3,1865.49,1836.32,False,True,ridge_spline
TR-039835,2025-09-09,Reefer,301.1,827.22,837.03,False,True,ridge_spline
TR-039836,2025-09-09,Reefer,2154.4,4380.71,4506.89,False,True,ridge_spline
TR-039837,2025-09-09,Dry Van,307.1,770.35,758.27,False,True,ridge_spline
TR-039838,2025-09-09,Dry Van,184.1,501.55,495.79,False,True,ridge_spline
TR-039839,2025-09-09,Flatbed,163.5,494.72,485.97,False,False,ridge_spline
TR-039840,2025-09-09,Dry Van,345.8,835.94,816.34,False,True,ridge_spline
TR-039841,2025-09-09,Dry Van,660.8,1419.19,1448.99,False,True,ridge_spline
TR-039842,2025-09-09,Dry Van,1109.3,2237.19,2213.55,False,True,ridge_spline
TR-039843,2025-09-09,Dry Van,1991.1,3770.8,3856.22,False,True,ridge_spline
TR-039844,2025-09-09,Flatbed,1394.3,2954.69,2922.64,False,True,ridge_spline
TR-039845,2025-09-09,Flatbed,2765.8,5432.67,5279.56,False,False,ridge_spline
TR-039846,2025-09-09,Dry Van,1240.6,2532.98,2516.81,False,True,ridge_spline
TR-039847,2025-09-09,Flatbed,1563.9,3328.7,3383.71,False,True,ridge_spline
TR-039848,2025-09-09,Dry Van,566.6,1125.98,1133.62,False,True,ridge_spline
TR-039849,2025-09-09,Dry Van,1587.2,3038.98,3073.8,False,True,ridge_spline
TR-039850,2025-09-09,Dry Van,2215.1,4046.38,4126.29,False,True,ridge_spline
TR-039851,2025-09-09,Dry Van,411.1,1010.4,1020.8,False,True,ridge_spline
TR-039852,2025-09-09,Reefer,732.6,1766.85,1738.05,False,True,ridge_spline
TR-039853,2025-09-09,Reefer,573.2,1401.81,1408.05,False,True,ridge_spline
TR-039854,2025-09-09,Dry Van,477.9,1068.44,1085.96,False,True,ridge_spline
TR-039855,2025-09-09,Dry Van,1483.5,2901.08,2861.45,False,True,ridge_spline
TR-039856,2025-09-09,Dry Van,735.7,1490.23,1510.94,False,True,ridge_spline
TR-039857,2025-09-09,Reefer,1430.2,3120.02,3097.87,False,True,ridge_spline
TR-039858,2025-09-09,Dry Van,1611.0,3082.78,3063.76,False,True,ridge_spline
TR-039859,2025-09-09,Reefer,716.5,1764.32,1752.38,False,True,ridge_spline
TR-039860,2025-09-09,Dry Van,588.2,1232.86,1229.97,False,True,ridge_spline
TR-039861,2025-09-09,Reefer,604.9,1528.31,1503.02,False,True,ridge_spline
TR-039862,2025-09-09,Dry Van,2448.9,4537.71,4566.82,False,True,ridge_spline
TR-039863,2025-09-09,Dry Van,1151.1,2369.38,2419.12,False,True,ridge_spline
TR-039864,2025-09-09,Reefer,826.7,1911.08,1881.65,False,True,ridge_spline
TR-039865,2025-09-09,Reefer,332.3,899.29,892.5,False,True,ridge_spline
TR-039866,2025-09-09,Dry Van,2676.7,4862.84,4834.85,False,True,ridge_spline
TR-039867,2025-09-09,Flatbed,396.3,1014.12,1012.28,False,True,ridge_spline
TR-039868,2025-09-09,Reefer,1052.0,2439.93,2426.89,False,True,ridge_spline
TR-039869,2025-09-09,Dry Van,2917.8,5375.41,5369.48,False,True,ridge_spline
TR-039870,2025-09-09,Flatbed,881.2,1855.47,1913.13,False,True,ridge_spline
TR-039871,2025-09-09,Reefer,441.4,1120.17,1135.29,False,True,ridge_spline
TR-039872,2025-09-09,Reefer,1667.3,3529.76,3562.57,False,True,ridge_spline
TR-039873,2025-09-09,Flatbed,2058.8,4233.88,4309.24,False,True,ridge_spline
TR-039874,2025-09-09,Dry Van,799.0,1775.71,1781.9,False,True,ridge_spline
TR-039875,2025-09-09,Reefer,754.1,1887.01,1871.54,False,True,ridge_spline
TR-039876,2025-09-09,Dry Van,2929.2,5250.05,5237.28,False,True,ridge_spline
TR-039877,2025-09-09,Dry Van,1141.3,2407.73,2387.74,False,True,ridge_spline
TR-039878,2025-09-09,Reefer,2337.9,4875.93,4939.32,False,True,ridge_spline
TR-039879,2025-09-09,Dry Van,2608.5,4505.4,4429.9,False,True,ridge_spline
TR-039880,2025-09-09,Dry Van,1576.9,2985.84,2972.65,False,True,ridge_spline
TR-039881,2025-09-09,Dry Van,373.6,926.34,913.44,False,True,ridge_spline
TR-039882,2025-09-09,Dry Van,555.8,1185.19,1232.23,False,True,ridge_spline
TR-039883,2025-09-09,Flatbed,1185.0,2529.83,2546.51,False,True,ridge_spline
TR-039884,2025-09-09,Reefer,882.5,2072.02,2045.72,False,True,ridge_spline
TR-039885,2025-09-09,Flatbed,472.9,1134.3,1173.09,False,True,ridge_spline
TR-039886,2025-09-09,Reefer,1827.0,4011.04,4033.56,False,True,ridge_spline
TR-039887,2025-09-09,Reefer,2315.7,4606.8,4703.01,False,True,ridge_spline
TR-039888,2025-09-09,Dry Van,1164.6,2324.44,2308.85,False,True,ridge_spline
TR-039889,2025-09-09,Dry Van,835.0,1663.25,1667.04,False,True,ridge_spline
TR-039890,2025-09-09,Dry Van,1136.9,2317.78,2286.34,False,True,ridge_spline
TR-039891,2025-09-09,Flatbed,1078.1,2253.5,2277.17,False,False,ridge_spline
TR-039892,2025-09-09,Dry Van,248.0,625.09,609.41,False,True,ridge_spline
TR-039893,2025-09-09,Dry Van,1110.5,2214.63,2232.95,False,True,ridge_spline
TR-039894,2025-09-09,Dry Van,993.0,2005.03,2010.29,False,True,ridge_spline
TR-039895,2025-09-09,Dry Van,848.5,1734.28,1688.42,False,True,ridge_spline
TR-039896,2025-09-09,Reefer,1034.0,2513.73,2421.39,False,True,ridge_spline
TR-039897,2025-09-09,Reefer,723.9,1601.42,1594.84,False,True,ridge_spline
TR-039898,2025-09-09,Flatbed,946.5,1949.56,1940.21,False,False,ridge_spline
TR-039899,2025-09-09,Reefer,1067.8,2424.14,2455.51,False,True,ridge_spline
TR-039900,2025-09-09,Reefer,194.5,587.37,582.22,False,True,ridge_spline
TR-039901,2025-09-10,Reefer,510.9,1234.24,1240.03,False,True,ridge_spline
TR-039902,2025-09-10,Flatbed,2608.8,5383.25,5128.57,False,True,ridge_spline
TR-039903,2025-09-10,Dry Van,2029.2,3849.67,3719.47,False,True,ridge_spline
TR-039904,2025-09-10,Dry Van,1146.1,2218.39,2258.83,False,True,ridge_spline
TR-039905,2025-09-10,Flatbed,455.6,1165.07,1158.39,False,True,ridge_spline
TR-039906,2025-09-10,Dry Van,796.3,1591.62,1609.87,False,True,ridge_spline
TR-039907,2025-09-10,Dry Van,3123.9,5842.69,5880.96,False,True,ridge_spline
TR-039908,2025-09-10,Dry Van,691.8,1422.84,1493.39,False,True,ridge_spline
TR-039909,2025-09-10,Reefer,838.2,5795.79,1949.61,True,True,ridge_spline
TR-039910,2025-09-10,Dry Van,1986.2,3704.0,3786.36,False,True,ridge_spline
TR-039911,2025-09-10,Dry Van,616.7,1330.84,1372.93,False,True,ridge_spline
TR-039912,2025-09-10,Dry Van,3377.2,5969.57,5955.05,False,False,ridge_spline
TR-039913,2025-09-10,Dry Van,1003.4,2057.92,2091.73,False,True,ridge_spline
TR-039914,2025-09-10,Dry Van,2844.3,5233.94,5124.94,False,True,ridge_spline
TR-039915,2025-09-10,Dry Van,839.4,1654.8,1686.56,False,True,ridge_spline
TR-039916,2025-09-10,Dry Van,258.5,630.26,628.88,False,True,ridge_spline
TR-039917,2025-09-10,Reefer,1856.1,3902.89,3838.62,False,False,ridge_spline
TR-039918,2025-09-10,Dry Van,201.2,548.19,544.09,False,True,ridge_spline
TR-039919,2025-09-10,Dry Van,974.5,1953.83,1914.01,False,True,ridge_spline
TR-039920,2025-09-10,Dry Van,859.5,1834.95,1801.7,False,True,ridge_spline
TR-039921,2025-09-10,Dry Van,2263.7,4355.98,4294.88,False,True,ridge_spline
TR-039922,2025-09-10,Reefer,532.9,1391.81,1407.25,False,True,ridge_spline
TR-039923,2025-09-10,Reefer,509.1,1323.33,1300.53,False,True,ridge_spline
TR-039924,2025-09-10,Dry Van,779.2,1682.87,1685.99,False,True,ridge_spline
TR-039925,2025-09-10,Reefer,1764.2,3642.58,3647.14,False,True,ridge_spline
TR-039926,2025-09-10,Flatbed,1810.4,3688.48,3727.6,False,False,ridge_spline
TR-039927,2025-09-10,Dry Van,1249.0,2459.73,2482.84,False,True,ridge_spline
TR-039928,2025-09-10,Dry Van,815.4,1716.4,1736.27,False,True,ridge_spline
TR-039929,2025-09-10,Reefer,1425.4,3159.05,3178.26,False,True,ridge_spline
TR-039930,2025-09-10,Flatbed,578.0,1375.61,1339.76,False,True,ridge_spline
TR-039931,2025-09-10,Dry Van,1815.0,3457.21,3495.34,False,True,ridge_spline
TR-039932,2025-09-10,Reefer,300.9,805.25,804.41,False,True,ridge_spline
TR-039933,2025-09-10,Dry Van,1731.7,3318.89,3279.64,False,True,ridge_spline
TR-039934,2025-09-10,Dry Van,2280.6,4213.04,4250.67,False,True,ridge_spline
TR-039935,2025-09-10,Flatbed,722.6,1800.09,1760.2,False,True,ridge_spline
TR-039936,2025-09-10,Dry Van,361.6,830.98,830.98,False,True,ridge_spline
TR-039937,2025-09-10,Flatbed,297.8,822.94,816.83,False,True,ridge_spline
TR-039938,2025-09-10,Flatbed,199.7,606.05,570.11,False,True,ridge_spline
TR-039939,2025-09-10,Dry Van,1998.4,3890.56,3965.19,False,True,ridge_spline
TR-039940,2025-09-10,Flatbed,891.9,1978.86,1979.71,False,True,ridge_spline
TR-039941,2025-09-10,Reefer,352.5,932.38,911.77,False,True,ridge_spline
TR-039942,2025-09-10,Dry Van,1875.7,3379.98,3496.28,False,True,ridge_spline
TR-039943,2025-09-10,Dry Van,81.6,245.86,243.93,False,False,ridge_spline
TR-039944,2025-09-10,Dry Van,410.2,910.23,922.55,False,False,ridge_spline
TR-039945,2025-09-10,Dry Van,2082.2,3826.97,3820.85,False,True,ridge_spline
TR-039946,2025-09-10,Dry Van,173.3,468.64,463.2,False,True,ridge_spline
TR-039947,2025-09-10,Dry Van,1970.1,3655.22,3682.21,False,True,ridge_spline
TR-039948,2025-09-10,Reefer,481.7,1227.68,1221.49,False,True,ridge_spline
TR-039949,2025-09-10,Dry Van,1988.1,3892.71,3877.87,False,True,ridge_spline
TR-039950,2025-09-10,Dry Van,552.7,1159.83,1167.01,False,True,ridge_spline
TR-039951,2025-09-10,Dry Van,861.4,1714.46,1714.92,False,True,ridge_spline
TR-039952,2025-09-10,Dry Van,1816.2,3751.53,3607.54,False,True,ridge_spline
TR-039953,2025-09-10,Dry Van,758.7,1490.03,1488.07,False,True,ridge_spline
TR-039954,2025-09-10,Flatbed,2049.9,4221.78,4248.78,False,True,ridge_spline
TR-039955,2025-09-10,Reefer,530.1,1274.03,1261.52,False,True,ridge_spline
TR-039956,2025-09-10,Dry Van,1250.9,2456.19,2469.87,False,True,ridge_spline
TR-039957,2025-09-10,Dry Van,274.5,706.67,702.14,False,True,ridge_spline
TR-039958,2025-09-10,Dry Van,1105.6,2134.16,2091.41,False,True,ridge_spline
TR-039959,2025-09-10,Flatbed,3072.9,5990.75,6077.91,False,True,ridge_spline
TR-039960,2025-09-10,Reefer,789.6,1891.27,1908.36,False,True,ridge_spline
TR-039961,2025-09-10,Dry Van,558.5,1261.09,1257.04,False,True,ridge_spline
TR-039962,2025-09-10,Flatbed,636.6,1495.45,1479.63,False,True,ridge_spline
TR-039963,2025-09-10,Dry Van,3101.9,5714.34,5670.14,False,True,ridge_spline
TR-039964,2025-09-10,Dry Van,373.1,857.81,852.96,False,True,ridge_spline
TR-039965,2025-09-10,Reefer,291.0,810.24,794.32,False,True,ridge_spline
TR-039966,2025-09-10,Flatbed,307.9,856.86,849.39,False,True,ridge_spline
TR-039967,2025-09-10,Dry Van,2353.9,4324.74,4429.44,False,True,ridge_spline
TR-039968,2025-09-10,Dry Van,336.8,775.28,797.92,False,True,ridge_spline
TR-039969,2025-09-10,Dry Van,1557.5,2897.11,2938.21,False,True,ridge_spline
TR-039970,2025-09-10,Dry Van,1451.5,2932.4,2949.18,False,True,ridge_spline
TR-039971,2025-09-10,Reefer,307.3,899.18,890.56,False,True,ridge_spline
TR-039972,2025-09-10,Dry Van,2964.6,5282.81,5387.95,False,True,ridge_spline
TR-039973,2025-09-10,Dry Van,774.4,1604.96,1638.04,False,True,ridge_spline
TR-039974,2025-09-10,Reefer,1961.5,4190.71,4214.45,False,True,ridge_spline
TR-039975,2025-09-10,Dry Van,394.0,902.06,897.72,False,True,ridge_spline
TR-039976,2025-09-10,Reefer,486.4,1284.52,1268.75,False,True,ridge_spline
TR-039977,2025-09-10,Dry Van,2502.0,4791.56,4773.29,False,True,ridge_spline
TR-039978,2025-09-10,Dry Van,2323.0,4493.19,4451.81,False,True,ridge_spline
TR-039979,2025-09-10,Reefer,499.8,1194.45,1205.73,False,True,ridge_spline
TR-039980,2025-09-10,Dry Van,739.5,1403.96,1449.73,False,True,ridge_spline
TR-039981,2025-09-10,Dry Van,627.6,1389.2,1372.99,False,True,ridge_spline
TR-039982,2025-09-10,Reefer,2745.9,5433.92,5653.98,False,True,ridge_spline
TR-039983,2025-09-10,Dry Van,1004.2,2077.41,2078.82,False,True,ridge_spline
TR-039984,2025-09-10,Dry Van,396.0,867.11,890.19,False,True,ridge_spline
TR-039985,2025-09-10,Dry Van,814.6,1673.2,1696.88,False,True,ridge_spline
TR-039986,2025-09-10,Dry Van,2810.7,5348.71,5322.05,False,True,ridge_spline
TR-039987,2025-09-10,Flatbed,308.9,851.64,867.78,False,True,ridge_spline
TR-039988,2025-09-10,Dry Van,1706.0,3442.21,3418.52,False,True,ridge_spline
TR-039989,2025-09-10,Flatbed,771.8,1870.77,1859.68,False,True,ridge_spline
TR-039990,2025-09-10,Dry Van,1072.5,2203.39,2207.19,False,True,ridge_spline
TR-039991,2025-09-10,Reefer,2330.1,4945.33,4858.75,False,True,ridge_spline
TR-039992,2025-09-10,Reefer,2089.0,4316.9,4301.39,False,True,ridge_spline
TR-039993,2025-09-10,Reefer,706.7,1617.61,1649.09,False,True,ridge_spline
TR-039994,2025-09-10,Reefer,877.6,2135.53,2149.62,False,False,ridge_spline
TR-039995,2025-09-10,Flatbed,2678.0,5390.41,5322.64,False,True,ridge_spline
TR-039996,2025-09-10,Flatbed,1265.5,2952.58,2895.5,False,True,ridge_spline
TR-039997,2025-09-10,Dry Van,297.8,745.55,749.09,False,True,ridge_spline
TR-039998,2025-09-10,Dry Van,976.0,2039.12,2095.18,False,True,ridge_spline
TR-039999,2025-09-10,Reefer,697.3,1642.87,1652.98,False,True,ridge_spline
TR-040000,2025-09-10,Dry Van,1628.1,3055.7,3073.01,False,True,ridge_spline
TR-040001,2025-09-10,Dry Van,1682.5,3333.07,3381.5,False,True,ridge_spline
TR-040002,2025-09-10,Dry Van,536.2,1175.9,1180.39,False,True,ridge_spline
TR-040003,2025-09-10,Dry Van,1445.3,2813.46,2801.89,False,True,ridge_spline
TR-040004,2025-09-10,Dry Van,425.0,977.98,963.71,False,True,ridge_spline
TR-040005,2025-09-10,Reefer,1290.6,3025.17,2963.39,False,False,ridge_spline
TR-040006,2025-09-10,Dry Van,547.4,1174.92,1207.42,False,True,ridge_spline
TR-040007,2025-09-10,Dry Van,785.9,1652.47,1677.29,False,True,ridge_spline
TR-040008,2025-09-10,Dry Van,2236.9,4186.74,4274.17,False,True,ridge_spline
TR-040009,2025-09-10,Reefer,897.7,2057.18,2033.3,False,True,ridge_spline
TR-040010,2025-09-10,Reefer,384.2,961.79,952.62,False,True,ridge_spline
TR-040011,2025-09-10,Dry Van,619.6,1417.14,1430.96,False,True,ridge_spline
TR-040012,2025-09-10,Flatbed,2186.9,4233.0,4211.92,False,True,ridge_spline
TR-040013,2025-09-10,Dry Van,777.4,1563.34,1585.93,False,True,ridge_spline
TR-040014,2025-09-10,Reefer,1590.6,3545.53,3534.99,False,True,ridge_spline
TR-040015,2025-09-10,Reefer,1977.9,4307.33,4353.48,False,True,ridge_spline
TR-040016,2025-09-10,Reefer,527.8,1407.48,1403.54,False,True,ridge_spline
TR-040017,2025-09-10,Reefer,1998.6,4376.2,4457.32,False,True,ridge_spline
TR-040018,2025-09-10,Flatbed,187.8,548.09,540.31,False,True,ridge_spline
TR-040019,2025-09-10,Dry Van,1610.4,3124.92,3131.03,False,True,ridge_spline
TR-040020,2025-09-10,Dry Van,1457.5,2782.8,2741.28,False,True,ridge_spline
TR-040021,2025-09-10,Dry Van,1013.1,2012.52,2022.12,False,True,ridge_spline
TR-040022,2025-09-10,Dry Van,2611.8,4860.78,4912.17,False,False,ridge_spline
TR-040023,2025-09-10,Reefer,987.8,2276.91,2305.77,False,True,ridge_spline
TR-040024,2025-09-10,Dry Van,1950.8,3663.3,3691.52,False,True,ridge_spline
TR-040025,2025-09-10,Dry Van,1204.1,2406.78,2407.7,False,True,ridge_spline
TR-040026,2025-09-10,Reefer,215.8,643.83,640.04,False,True,ridge_spline
TR-040027,2025-09-10,Dry Van,831.2,1711.91,1737.23,False,True,ridge_spline
TR-040028,2025-09-10,Reefer,851.9,2042.48,2023.21,False,True,ridge_spline
TR-040029,2025-09-10,Flatbed,434.5,1098.71,1078.37,False,True,ridge_spline
TR-040030,2025-09-10,Dry Van,438.1,1070.18,1080.66,False,True,ridge_spline
TR-040031,2025-09-10,Dry Van,600.4,1395.18,1425.43,False,True,ridge_spline
TR-040032,2025-09-10,Dry Van,2914.6,5241.8,5304.86,False,True,ridge_spline
TR-040033,2025-09-10,Reefer,1278.3,2710.93,2749.04,False,True,ridge_spline
TR-040034,2025-09-10,Dry Van,2617.1,4813.65,4901.24,False,True,ridge_spline
TR-040035,2025-09-10,Dry Van,1067.3,2195.23,2182.81,False,True,ridge_spline
TR-040036,2025-09-10,Dry Van,1431.3,2806.77,2821.59,False,True,ridge_spline
TR-040037,2025-09-10,Reefer,228.3,636.64,642.91,False,True,ridge_spline
TR-040038,2025-09-10,Dry Van,950.5,1887.3,1943.85,False,True,ridge_spline
TR-040039,2025-09-10,Reefer,957.3,2192.73,2217.45,False,True,ridge_spline
TR-040040,2025-09-10,Reefer,1129.5,2680.22,2645.52,False,True,ridge_spline
TR-040041,2025-09-10,Dry Van,180.2,477.61,461.82,False,True,ridge_spline
TR-040042,2025-09-10,Reefer,1625.8,3401.18,3453.99,False,True,ridge_spline
TR-040043,2025-09-10,Dry Van,1292.1,2511.55,2506.63,False,True,ridge_spline
TR-040044,2025-09-10,Reefer,2688.4,5641.98,5617.11,False,True,ridge_spline
TR-040045,2025-09-10,Dry Van,1916.8,3808.59,3830.77,False,True,ridge_spline
TR-040046,2025-09-10,Dry Van,688.3,3348.83,1480.03,True,True,ridge_spline
TR-040047,2025-09-10,Dry Van,957.6,2049.34,2054.02,False,True,ridge_spline
TR-040048,2025-09-10,Dry Van,1370.4,2807.39,2790.64,False,True,ridge_spline
TR-040049,2025-09-10,Flatbed,2887.9,1758.37,5645.31,True,True,ridge_spline
TR-040050,2025-09-10,Dry Van,2285.2,4302.88,4307.98,False,True,ridge_spline
TR-040051,2025-09-10,Dry Van,993.1,1969.6,1979.61,False,True,ridge_spline
TR-040052,2025-09-10,Dry Van,356.3,855.3,876.94,False,True,ridge_spline
TR-040053,2025-09-10,Dry Van,1447.5,2914.9,2873.44,False,True,ridge_spline
TR-040054,2025-09-10,Dry Van,1248.3,2465.22,2516.6,False,True,ridge_spline
TR-040055,2025-09-10,Flatbed,1007.4,2399.07,2329.68,False,True,ridge_spline
TR-040056,2025-09-10,Dry Van,3100.0,5383.59,5414.08,False,True,ridge_spline
TR-040057,2025-09-10,Flatbed,703.5,1579.77,1548.81,False,True,ridge_spline
TR-040058,2025-09-10,Flatbed,2091.8,4140.08,4109.51,False,True,ridge_spline
TR-040059,2025-09-10,Dry Van,1421.4,2887.23,2809.65,False,True,ridge_spline
TR-040060,2025-09-10,Dry Van,327.0,3869.45,812.29,True,True,ridge_spline
TR-040061,2025-09-10,Dry Van,265.1,657.63,669.04,False,True,ridge_spline
TR-040062,2025-09-11,Dry Van,1166.6,2291.53,2330.31,False,True,ridge_spline
TR-040063,2025-09-11,Dry Van,1822.9,3516.64,3509.99,False,True,ridge_spline
TR-040064,2025-09-11,Reefer,988.2,2417.85,2384.65,False,True,ridge_spline
TR-040065,2025-09-11,Reefer,1922.5,4033.26,4044.45,False,True,ridge_spline
TR-040066,2025-09-11,Flatbed,1027.1,2439.49,2367.67,False,True,ridge_spline
TR-040067,2025-09-11,Dry Van,417.9,934.11,920.96,False,True,ridge_spline
TR-040068,2025-09-11,Reefer,1652.6,3825.7,3785.93,False,True,ridge_spline
TR-040069,2025-09-11,Dry Van,2197.5,4007.04,3976.37,False,True,ridge_spline
TR-040070,2025-09-11,Dry Van,697.1,1452.89,1440.1,False,True,ridge_spline
TR-040071,2025-09-11,Reefer,217.2,627.33,616.0,False,False,ridge_spline
TR-040072,2025-09-11,Flatbed,597.4,1337.53,1324.49,False,True,ridge_spline
TR-040073,2025-09-11,Reefer,2744.5,5729.48,5802.62,False,True,ridge_spline
TR-040074,2025-09-11,Dry Van,1355.0,2534.93,2610.49,False,True,ridge_spline
TR-040075,2025-09-11,Reefer,753.5,1893.57,1898.18,False,True,ridge_spline
TR-040076,2025-09-11,Dry Van,1765.6,3118.9,3251.62,False,True,ridge_spline
TR-040077,2025-09-11,Dry Van,931.9,1991.68,1977.68,False,True,ridge_spline
TR-040078,2025-09-11,Reefer,1626.9,3709.46,3655.82,False,True,ridge_spline
TR-040079,2025-09-11,Reefer,116.3,363.4,353.78,False,True,ridge_spline
TR-040080,2025-09-11,Flatbed,2046.7,9993.31,4103.0,True,True,ridge_spline
TR-040081,2025-09-11,Dry Van,201.8,548.2,542.28,False,True,ridge_spline
TR-040082,2025-09-11,Reefer,1657.6,3595.73,3579.89,False,False,ridge_spline
TR-040083,2025-09-11,Dry Van,573.4,1190.03,1196.29,False,True,ridge_spline
TR-040084,2025-09-11,Reefer,464.9,1258.59,1252.74,False,True,ridge_spline
TR-040085,2025-09-11,Dry Van,528.1,1169.27,1128.29,False,True,ridge_spline
TR-040086,2025-09-11,Dry Van,183.5,468.28,462.95,False,True,ridge_spline
TR-040087,2025-09-11,Dry Van,1556.1,3077.55,3061.97,False,True,ridge_spline
TR-040088,2025-09-11,Flatbed,792.1,1750.91,1732.74,False,True,ridge_spline
TR-040089,2025-09-11,Dry Van,2508.0,4867.0,4841.82,False,True,ridge_spline
TR-040090,2025-09-11,Dry Van,266.7,674.55,654.48,False,True,ridge_spline
TR-040091,2025-09-11,Reefer,217.5,637.22,624.71,False,True,ridge_spline
TR-040092,2025-09-11,Dry Van,274.6,632.9,631.45,False,True,ridge_spline
TR-040093,2025-09-11,Dry Van,455.6,1013.09,1043.27,False,True,ridge_spline
TR-040094,2025-09-11,Dry Van,638.8,1437.98,1430.71,False,True,ridge_spline
TR-040095,2025-09-11,Dry Van,133.1,392.73,376.47,False,True,ridge_spline
TR-040096,2025-09-11,Dry Van,181.6,480.28,466.31,False,True,ridge_spline
TR-040097,2025-09-11,Reefer,1760.3,20132.37,3890.21,True,True,ridge_spline
TR-040098,2025-09-11,Dry Van,1312.0,2463.78,2506.5,False,True,ridge_spline
TR-040099,2025-09-11,Flatbed,324.5,879.33,886.63,False,True,ridge_spline
TR-040100,2025-09-11,Flatbed,641.8,1495.51,1479.39,False,False,ridge_spline
TR-040101,2025-09-11,Dry Van,741.7,1606.71,1632.3,False,True,ridge_spline
TR-040102,2025-09-11,Dry Van,770.0,1606.62,1619.32,False,True,ridge_spline
TR-040103,2025-09-11,Dry Van,1079.0,2213.28,2231.04,False,True,ridge_spline
TR-040104,2025-09-11,Dry Van,810.8,1625.51,1628.44,False,True,ridge_spline
TR-040105,2025-09-11,Dry Van,1143.6,2270.71,2337.75,False,True,ridge_spline
TR-040106,2025-09-11,Dry Van,863.5,1872.91,1891.2,False,True,ridge_spline
TR-040107,2025-09-11,Dry Van,554.5,1196.5,1217.84,False,True,ridge_spline
TR-040108,2025-09-11,Flatbed,997.3,2320.06,2276.37,False,True,ridge_spline
TR-040109,2025-09-11,Dry Van,2303.8,4229.61,4163.59,False,True,ridge_spline
TR-040110,2025-09-11,Flatbed,995.3,2167.33,2183.5,False,True,ridge_spline
TR-040111,2025-09-11,Dry Van,1844.6,3664.86,3676.49,False,True,ridge_spline
TR-040112,2025-09-11,Dry Van,1025.3,2196.15,2174.14,False,True,ridge_spline
TR-040113,2025-09-11,Reefer,337.2,977.56,939.82,False,False,ridge_spline
TR-040114,2025-09-11,Reefer,712.8,1685.94,1708.04,False,True,ridge_spline
TR-040115,2025-09-11,Reefer,918.0,1979.6,2002.12,False,True,ridge_spline
TR-040116,2025-09-11,Dry Van,481.9,1098.94,1090.56,False,True,ridge_spline
TR-040117,2025-09-11,Dry Van,1478.9,2989.01,3030.9,False,True,ridge_spline
TR-040118,2025-09-11,Dry Van,2866.2,5292.37,5284.59,False,True,ridge_spline
TR-040119,2025-09-11,Dry Van,1532.8,3098.97,3141.24,False,True,ridge_spline
TR-040120,2025-09-11,Reefer,1856.4,4344.65,4205.27,False,True,ridge_spline
TR-040121,2025-09-11,Dry Van,174.5,492.83,472.75,False,True,ridge_spline
TR-040122,2025-09-11,Reefer,694.1,1599.16,1602.73,False,True,ridge_spline
TR-040123,2025-09-11,Dry Van,442.3,941.77,963.83,False,True,ridge_spline
TR-040124,2025-09-11,Reefer,1917.8,4198.18,4118.82,False,True,ridge_spline
TR-040125,2025-09-11,Dry Van,941.8,1749.01,1772.07,False,True,ridge_spline
TR-040126,2025-09-11,Dry Van,2295.9,4168.47,4173.03,False,True,ridge_spline
TR-040127,2025-09-11,Reefer,494.1,1301.34,1303.08,False,True,ridge_spline
TR-040128,2025-09-11,Dry Van,1891.9,3471.55,3476.28,False,True,ridge_spline
TR-040129,2025-09-11,Flatbed,2184.9,4630.06,4532.42,False,True,ridge_spline
TR-040130,2025-09-11,Flatbed,1126.7,2434.73,2422.2,False,True,ridge_spline
TR-040131,2025-09-11,Flatbed,507.1,1194.91,1209.96,False,True,ridge_spline
TR-040132,2025-09-11,Flatbed,1298.2,2820.43,2735.65,False,True,ridge_spline
TR-040133,2025-09-11,Flatbed,331.1,880.53,869.75,False,True,ridge_spline
TR-040134,2025-09-11,Reefer,1547.7,3309.54,3332.82,False,True,ridge_spline
TR-040135,2025-09-11,Dry Van,558.9,1195.38,1229.94,False,True,ridge_spline
TR-040136,2025-09-11,Flatbed,1311.3,2679.76,2692.04,False,True,ridge_spline
TR-040137,2025-09-11,Dry Van,2157.5,4219.73,4217.12,False,True,ridge_spline
TR-040138,2025-09-11,Dry Van,798.7,1606.18,1619.38,False,True,ridge_spline
TR-040139,2025-09-11,Dry Van,588.6,1217.29,1221.18,False,True,ridge_spline
TR-040140,2025-09-11,Reefer,343.6,958.52,967.35,False,True,ridge_spline
TR-040141,2025-09-11,Dry Van,2325.6,4241.61,4264.32,False,True,ridge_spline
TR-040142,2025-09-11,Dry Van,1989.7,3791.78,3856.09,False,True,ridge_spline
TR-040143,2025-09-11,Reefer,1256.7,2814.93,2848.07,False,True,ridge_spline
TR-040144,2025-09-11,Dry Van,2122.2,3895.62,4048.71,False,True,ridge_spline
TR-040145,2025-09-11,Dry Van,2036.5,3866.67,3923.24,False,False,ridge_spline
TR-040146,2025-09-11,Dry Van,591.3,1328.04,1352.3,False,True,ridge_spline
TR-040147,2025-09-11,Reefer,2363.2,5113.28,5069.16,False,True,ridge_spline
TR-040148,2025-09-11,Dry Van,3082.4,5746.04,5766.74,False,True,ridge_spline
TR-040149,2025-09-11,Flatbed,576.3,1360.11,1345.76,False,True,ridge_spline
TR-040150,2025-09-11,Reefer,917.1,2140.16,2067.46,False,True,ridge_spline
TR-040151,2025-09-11,Reefer,1693.2,3534.88,3533.15,False,True,ridge_spline
TR-040152,2025-09-11,Dry Van,454.7,967.48,990.49,False,True,ridge_spline
TR-040153,2025-09-11,Flatbed,370.3,869.7,869.67,False,True,ridge_spline
TR-040154,2025-09-11,Dry Van,284.9,732.91,735.22,False,True,ridge_spline
TR-040155,2025-09-11,Dry Van,1280.0,2668.05,2642.07,False,True,ridge_spline
TR-040156,2025-09-11,Reefer,272.7,770.42,791.0,False,True,ridge_spline
TR-040157,2025-09-11,Dry Van,498.0,1172.93,1157.1,False,True,ridge_spline
TR-040158,2025-09-11,Dry Van,518.8,1098.51,1114.03,False,True,ridge_spline
TR-040159,2025-09-11,Dry Van,1950.8,12240.81,3950.87,True,True,ridge_spline
TR-040160,2025-09-11,Dry Van,215.4,550.71,553.79,False,False,ridge_spline
TR-040161,2025-09-11,Reefer,362.0,993.48,968.12,False,True,ridge_spline
TR-040162,2025-09-11,Flatbed,840.7,1879.68,1850.2,False,True,ridge_spline
TR-040163,2025-09-11,Dry Van,1292.9,2545.64,2540.77,False,True,ridge_spline
TR-040164,2025-09-11,Dry Van,441.5,1010.27,1032.96,False,True,ridge_spline
TR-040165,2025-09-11,Reefer,2026.7,4331.88,4328.07,False,True,ridge_spline
TR-040166,2025-09-11,Flatbed,967.0,2163.98,2210.78,False,True,ridge_spline
TR-040167,2025-09-11,Dry Van,1442.6,2695.4,2682.71,False,True,ridge_spline
TR-040168,2025-09-11,Flatbed,1229.2,2682.78,2687.13,False,True,ridge_spline
TR-040169,2025-09-11,Dry Van,2044.4,3981.03,3928.13,False,True,ridge_spline
TR-040170,2025-09-11,Flatbed,1127.4,2474.47,2453.33,False,True,ridge_spline
TR-040171,2025-09-11,Reefer,484.8,1212.72,1225.75,False,True,ridge_spline
TR-040172,2025-09-11,Dry Van,2283.4,20361.89,4380.43,True,True,ridge_spline
TR-040173,2025-09-11,Flatbed,362.0,899.35,904.31,False,True,ridge_spline
TR-040174,2025-09-11,Flatbed,521.0,244.05,1276.47,True,False,ridge_spline
TR-040175,2025-09-11,Dry Van,1358.0,2526.64,2558.57,False,True,ridge_spline
TR-040176,2025-09-11,Dry Van,1192.0,2423.17,2420.18,False,True,ridge_spline
TR-040177,2025-09-11,Dry Van,1335.2,2534.0,2577.99,False,True,ridge_spline
TR-040178,2025-09-11,Dry Van,845.3,1879.01,1909.54,False,True,ridge_spline
TR-040179,2025-09-11,Dry Van,3000.0,5488.25,5459.71,False,True,ridge_spline
TR-040180,2025-09-11,Dry Van,801.8,1711.83,1733.7,False,True,ridge_spline
TR-040181,2025-09-11,Dry Van,1064.7,2250.71,2281.16,False,True,ridge_spline
TR-040182,2025-09-11,Dry Van,2439.7,4541.48,4537.44,False,True,ridge_spline
TR-040183,2025-09-11,Dry Van,1733.3,3295.32,3314.75,False,True,ridge_spline
TR-040184,2025-09-11,Dry Van,2025.2,4008.71,4001.07,False,True,ridge_spline
TR-040185,2025-09-11,Dry Van,359.9,780.62,795.14,False,True,ridge_spline
TR-040186,2025-09-11,Reefer,348.8,963.27,967.45,False,True,ridge_spline
TR-040187,2025-09-11,Flatbed,1658.8,3688.72,3638.17,False,True,ridge_spline
TR-040188,2025-09-11,Reefer,444.6,1139.9,1161.06,False,True,ridge_spline
TR-040189,2025-09-11,Dry Van,795.6,1562.41,1584.91,False,True,ridge_spline
TR-040190,2025-09-11,Reefer,369.7,939.43,962.37,False,True,ridge_spline
TR-040191,2025-09-11,Reefer,1698.2,3780.8,3755.35,False,False,ridge_spline
TR-040192,2025-09-11,Dry Van,2178.8,4087.56,4116.04,False,True,ridge_spline
TR-040193,2025-09-11,Flatbed,1068.1,2435.69,2477.85,False,True,ridge_spline
TR-040194,2025-09-11,Flatbed,1730.8,3586.64,3573.49,False,True,ridge_spline
TR-040195,2025-09-11,Reefer,2240.6,4789.73,4815.15,False,True,ridge_spline
TR-040196,2025-09-11,Dry Van,1764.6,3313.06,3378.53,False,True,ridge_spline
TR-040197,2025-09-11,Flatbed,1018.5,2325.49,2314.69,False,True,ridge_spline
TR-040198,2025-09-11,Dry Van,962.2,2019.28,2108.35,False,True,ridge_spline
TR-040199,2025-09-11,Dry Van,1593.3,3086.07,3091.47,False,True,ridge_spline
TR-040200,2025-09-11,Dry Van,866.2,1863.61,1903.99,False,True,ridge_spline
TR-040201,2025-09-11,Reefer,855.1,1956.54,1975.8,False,True,ridge_spline
TR-040202,2025-09-11,Flatbed,2178.9,4542.1,4580.12,False,True,ridge_spline
TR-040203,2025-09-11,Reefer,672.7,1690.71,1658.19,False,False,ridge_spline
TR-040204,2025-09-11,Reefer,2419.5,5069.2,5099.58,False,True,ridge_spline
TR-040205,2025-09-11,Reefer,1241.6,2925.33,2919.66,False,True,ridge_spline
TR-040206,2025-09-11,Dry Van,2559.1,4590.57,4682.41,False,True,ridge_spline
TR-040207,2025-09-11,Reefer,2300.7,4872.62,5021.69,False,False,ridge_spline
TR-040208,2025-09-11,Dry Van,2675.9,4808.27,4667.7,False,True,ridge_spline
TR-040209,2025-09-11,Reefer,635.7,1603.47,1608.06,False,True,ridge_spline
TR-040210,2025-09-11,Reefer,222.1,643.67,640.48,False,True,ridge_spline
TR-040211,2025-09-11,Dry Van,3157.1,5816.71,5790.32,False,True,ridge_spline
TR-040212,2025-09-11,Dry Van,425.2,979.75,976.24,False,True,ridge_spline
TR-040213,2025-09-11,Dry Van,593.8,1342.92,1307.27,False,True,ridge_spline
TR-040214,2025-09-11,Reefer,2056.9,4292.87,4344.08,False,True,ridge_spline
TR-040215,2025-09-11,Dry Van,1700.9,3390.36,3434.15,False,True,ridge_spline
TR-040216,2025-09-11,Dry Van,310.3,820.63,810.62,False,True,ridge_spline
TR-040217,2025-09-11,Dry Van,2286.9,4105.79,4187.47,False,True,ridge_spline
TR-040218,2025-09-11,Reefer,1829.6,4006.85,3970.7,False,False,ridge_spline
TR-040219,2025-09-12,Dry Van,336.1,863.19,857.41,False,True,ridge_spline
TR-040220,2025-09-12,Dry Van,295.9,767.37,731.86,False,True,ridge_spline
TR-040221,2025-09-12,Dry Van,2064.1,3793.98,3808.21,False,True,ridge_spline
TR-040222,2025-09-12,Dry Van,2052.0,3929.53,3982.87,False,True,ridge_spline
TR-040223,2025-09-12,Reefer,812.7,1980.42,1933.26,False,True,ridge_spline
TR-040224,2025-09-12,Reefer,1212.5,2759.38,2707.53,False,True,ridge_spline
TR-040225,2025-09-12,Flatbed,674.8,1625.12,1556.05,False,True,ridge_spline
TR-040226,2025-09-12,Dry Van,2047.0,4099.71,4013.82,False,True,ridge_spline
TR-040227,2025-09-12,Dry Van,634.3,1379.44,1375.45,False,True,ridge_spline
TR-040228,2025-09-12,Dry Van,1310.1,2548.48,2565.49,False,True,ridge_spline
TR-040229,2025-09-12,Dry Van,501.6,1158.71,1132.6,False,True,ridge_spline
TR-040230,2025-09-12,Dry Van,670.5,1487.45,1547.76,False,True,ridge_spline
TR-040231,2025-09-12,Dry Van,309.1,767.78,766.36,False,True,ridge_spline
TR-040232,2025-09-12,Dry Van,795.6,1667.13,1652.37,False,True,ridge_spline
TR-040233,2025-09-12,Reefer,2805.7,5722.29,5624.99,False,True,ridge_spline
TR-040234,2025-09-12,Flatbed,1279.7,2938.6,2859.35,False,True,ridge_spline
TR-040235,2025-09-12,Reefer,2072.6,4591.1,4438.82,False,True,ridge_spline
TR-040236,2025-09-12,Reefer,2051.1,4100.14,4126.21,False,True,ridge_spline
TR-040237,2025-09-12,Reefer,742.3,1824.41,1782.66,False,True,ridge_spline
TR-040238,2025-09-12,Reefer,594.3,1438.34,1408.45,False,True,ridge_spline
TR-040239,2025-09-12,Dry Van,915.1,1776.7,1801.17,False,True,ridge_spline
TR-040240,2025-09-12,Dry Van,833.7,1791.57,1775.91,False,True,ridge_spline
TR-040241,2025-09-12,Dry Van,1182.2,2270.22,2333.13,False,True,ridge_spline
TR-040242,2025-09-12,Dry Van,928.9,2023.04,2025.92,False,True,ridge_spline
TR-040243,2025-09-12,Flatbed,654.9,1554.3,1512.63,False,True,ridge_spline
TR-040244,2025-09-12,Dry Van,765.6,1638.1,1685.4,False,False,ridge_spline
TR-040245,2025-09-12,Reefer,1394.5,3209.87,3203.53,False,True,ridge_spline
TR-040246,2025-09-12,Dry Van,1242.3,2315.18,2367.25,False,True,ridge_spline
TR-040247,2025-09-12,Dry Van,1389.5,2765.1,2705.9,False,True,ridge_spline
TR-040248,2025-09-12,Dry Van,2156.3,4187.65,4099.88,False,True,ridge_spline
TR-040249,2025-09-12,Dry Van,2952.2,5413.49,5274.05,False,True,ridge_spline
TR-040250,2025-09-12,Dry Van,979.2,2089.53,2103.92,False,True,ridge_spline
TR-040251,2025-09-12,Dry Van,745.9,1529.14,1525.55,False,True,ridge_spline
TR-040252,2025-09-12,Reefer,1696.5,3547.22,3635.04,False,True,ridge_spline
TR-040253,2025-09-12,Flatbed,442.4,1091.26,1063.79,False,False,ridge_spline
TR-040254,2025-09-12,Reefer,2010.8,4639.2,4429.25,False,True,ridge_spline
TR-040255,2025-09-12,Dry Van,3013.0,5437.19,5535.1,False,True,ridge_spline
TR-040256,2025-09-12,Dry Van,2706.1,4618.42,4715.24,False,True,ridge_spline
TR-040257,2025-09-12,Dry Van,1247.0,2496.84,2482.18,False,True,ridge_spline
TR-040258,2025-09-12,Dry Van,517.1,1135.31,1114.43,False,True,ridge_spline
TR-040259,2025-09-12,Flatbed,1961.2,4185.43,4152.74,False,True,ridge_spline
TR-040260,2025-09-12,Flatbed,2450.1,4591.58,4569.52,False,True,ridge_spline
TR-040261,2025-09-12,Reefer,1052.6,2364.33,2379.51,False,True,ridge_spline
TR-040262,2025-09-12,Dry Van,1156.1,2225.24,2223.65,False,True,ridge_spline
TR-040263,2025-09-12,Dry Van,2574.8,4945.19,4893.89,False,True,ridge_spline
TR-040264,2025-09-12,Flatbed,337.1,879.21,884.99,False,True,ridge_spline
TR-040265,2025-09-12,Reefer,2027.5,4561.04,4498.58,False,True,ridge_spline
TR-040266,2025-09-12,Dry Van,1234.1,2543.79,2533.55,False,True,ridge_spline
TR-040267,2025-09-12,Reefer,2276.1,5028.04,4906.53,False,True,ridge_spline
TR-040268,2025-09-12,Reefer,1558.3,3489.82,3465.99,False,False,ridge_spline
TR-040269,2025-09-12,Dry Van,833.9,1882.39,1881.68,False,True,ridge_spline
TR-040270,2025-09-12,Dry Van,962.9,1972.59,1987.44,False,True,ridge_spline
TR-040271,2025-09-12,Reefer,435.6,1106.33,1091.2,False,False,ridge_spline
TR-040272,2025-09-12,Reefer,532.0,1328.03,1317.65,False,True,ridge_spline
TR-040273,2025-09-12,Flatbed,1576.0,3357.98,3324.17,False,True,ridge_spline
TR-040274,2025-09-12,Dry Van,581.3,352.31,1328.28,True,True,ridge_spline
TR-040275,2025-09-12,Dry Van,2237.0,4259.95,4270.15,False,True,ridge_spline
TR-040276,2025-09-12,Flatbed,1930.7,3901.63,3854.09,False,True,ridge_spline
TR-040277,2025-09-12,Dry Van,895.9,1806.24,1819.84,False,True,ridge_spline
TR-040278,2025-09-12,Dry Van,637.5,1302.11,1310.34,False,True,ridge_spline
TR-040279,2025-09-12,Reefer,222.6,659.64,670.84,False,False,ridge_spline
TR-040280,2025-09-12,Flatbed,674.3,1475.99,1474.35,False,True,ridge_spline
TR-040281,2025-09-12,Flatbed,674.1,1490.26,1475.19,False,True,ridge_spline
TR-040282,2025-09-12,Flatbed,1526.6,3320.42,3340.0,False,True,ridge_spline
TR-040283,2025-09-12,Flatbed,1701.2,3472.54,3368.7,False,True,ridge_spline
TR-040284,2025-09-12,Reefer,469.2,1137.73,1124.39,False,True,ridge_spline
TR-040285,2025-09-12,Reefer,1648.2,3696.43,3781.44,False,True,ridge_spline
TR-040286,2025-09-12,Dry Van,243.9,577.85,580.67,False,True,ridge_spline
TR-040287,2025-09-12,Flatbed,1525.8,3239.2,3167.18,False,True,ridge_spline
TR-040288,2025-09-12,Dry Van,1818.2,3561.78,3507.74,False,True,ridge_spline
TR-040289,2025-09-12,Dry Van,1836.6,3320.48,3388.95,False,True,ridge_spline
TR-040290,2025-09-12,Reefer,2315.7,4697.77,4612.08,False,True,ridge_spline
TR-040291,2025-09-12,Flatbed,389.2,1046.21,1018.98,False,False,ridge_spline
TR-040292,2025-09-12,Flatbed,2349.6,4717.95,4749.64,False,True,ridge_spline
TR-040293,2025-09-12,Reefer,1037.8,2420.04,2400.59,False,True,ridge_spline
TR-040294,2025-09-12,Dry Van,306.7,763.18,773.58,False,True,ridge_spline
TR-040295,2025-09-12,Dry Van,2091.4,3908.63,3956.18,False,False,ridge_spline
TR-040296,2025-09-12,Flatbed,762.4,1672.54,1667.2,False,True,ridge_spline
TR-040297,2025-09-12,Dry Van,409.6,971.23,953.18,False,True,ridge_spline
TR-040298,2025-09-12,Dry Van,2883.5,4982.94,5056.02,False,True,ridge_spline
TR-040299,2025-09-12,Flatbed,1002.1,2276.71,2265.73,False,True,ridge_spline
TR-040300,2025-09-12,Reefer,704.6,461.77,1611.83,True,True,ridge_spline
TR-040301,2025-09-12,Dry Van,477.5,1077.4,1096.77,False,False,ridge_spline
TR-040302,2025-09-12,Flatbed,295.4,739.46,729.91,False,True,ridge_spline
TR-040303,2025-09-12,Flatbed,2299.5,4373.27,4443.29,False,True,ridge_spline
TR-040304,2025-09-12,Reefer,416.1,1141.5,1112.13,False,True,ridge_spline
TR-040305,2025-09-12,Dry Van,706.3,1558.84,1590.34,False,True,ridge_spline
TR-040306,2025-09-12,Dry Van,1312.1,2644.28,2669.14,False,True,ridge_spline
TR-040307,2025-09-12,Dry Van,2135.5,3979.89,4006.21,False,True,ridge_spline
TR-040308,2025-09-12,Dry Van,2641.3,4787.12,4850.77,False,True,ridge_spline
TR-040309,2025-09-12,Reefer,783.7,1811.81,1834.08,False,True,ridge_spline
TR-040310,2025-09-12,Dry Van,664.2,1369.82,1371.05,False,True,ridge_spline
TR-040311,2025-09-12,Flatbed,1608.7,3467.94,3389.95,False,False,ridge_spline
TR-040312,2025-09-12,Dry Van,418.6,1037.14,1044.32,False,True,ridge_spline
TR-040313,2025-09-12,Reefer,477.1,1214.34,1238.1,False,True,ridge_spline
TR-040314,2025-09-12,Dry Van,971.7,2044.98,2056.98,False,True,ridge_spline
TR-040315,2025-09-12,Dry Van,490.1,1042.66,1071.67,False,True,ridge_spline
TR-040316,2025-09-12,Dry Van,326.3,794.57,783.29,False,True,ridge_spline
TR-040317,2025-09-12,Dry Van,439.6,1026.46,1048.72,False,True,ridge_spline
TR-040318,2025-09-12,Reefer,2621.2,5451.58,5381.44,False,True,ridge_spline
TR-040319,2025-09-12,Flatbed,2813.1,5482.58,5493.77,False,True,ridge_spline
TR-040320,2025-09-12,Dry Van,1556.0,2956.1,2952.33,False,True,ridge_spline
TR-040321,2025-09-12,Dry Van,666.7,1364.46,1342.13,False,True,ridge_spline
TR-040322,2025-09-12,Reefer,71.3,247.85,246.02,False,True,ridge_spline
TR-040323,2025-09-12,Dry Van,1639.9,14949.25,3320.12,True,True,ridge_spline
TR-040324,2025-09-12,Reefer,142.9,447.8,447.09,False,True,ridge_spline
TR-040325,2025-09-12,Flatbed,1018.3,2262.85,2320.05,False,True,ridge_spline
TR-040326,2025-09-12,Dry Van,179.1,473.51,492.24,False,True,ridge_spline
TR-040327,2025-09-12,Dry Van,1040.5,2161.89,2156.18,False,True,ridge_spline
TR-040328,2025-09-12,Dry Van,1589.8,3072.12,3141.85,False,True,ridge_spline
TR-040329,2025-09-12,Reefer,3190.6,6656.87,6685.45,False,True,ridge_spline
TR-040330,2025-09-12,Dry Van,2411.3,4522.94,4570.73,False,True,ridge_spline
TR-040331,2025-09-12,Dry Van,1647.6,3198.8,3222.67,False,True,ridge_spline
TR-040332,2025-09-12,Reefer,921.7,2312.51,2278.72,False,True,ridge_spline
TR-040333,2025-09-12,Dry Van,1242.4,2666.9,2631.57,False,True,ridge_spline
TR-040334,2025-09-12,Flatbed,337.7,905.78,882.88,False,True,ridge_spline
TR-040335,2025-09-12,Reefer,122.7,406.25,403.23,False,True,ridge_spline
TR-040336,2025-09-12,Flatbed,994.1,2386.95,2325.6,False,True,ridge_spline
TR-040337,2025-09-12,Reefer,923.0,2234.94,2272.4,False,True,ridge_spline
TR-040338,2025-09-12,Dry Van,2121.8,4093.95,3956.21,False,True,ridge_spline
TR-040339,2025-09-12,Reefer,300.9,828.81,815.37,False,True,ridge_spline
TR-040340,2025-09-12,Dry Van,1124.5,2263.03,2284.58,False,True,ridge_spline
TR-040341,2025-09-12,Dry Van,237.0,598.68,597.25,False,True,ridge_spline
TR-040342,2025-09-12,Flatbed,1223.6,2710.46,2652.61,False,False,ridge_spline
TR-040343,2025-09-12,Dry Van,2286.2,4232.89,4254.82,False,True,ridge_spline
TR-040344,2025-09-12,Dry Van,1110.1,2243.11,2266.44,False,True,ridge_spline
TR-040345,2025-09-12,Reefer,2727.3,5715.39,5693.2,False,True,ridge_spline
TR-040346,2025-09-12,Dry Van,373.0,866.51,855.28,False,True,ridge_spline
TR-040347,2025-09-12,Reefer,329.8,853.76,865.95,False,True,ridge_spline
TR-040348,2025-09-12,Dry Van,525.3,1085.75,1114.0,False,True,ridge_spline
TR-040349,2025-09-12,Dry Van,1072.6,2089.87,2190.8,False,True,ridge_spline
TR-040350,2025-09-12,Dry Van,677.5,1467.17,1469.43,False,True,ridge_spline
TR-040351,2025-09-12,Dry Van,1076.3,2314.16,2259.86,False,True,ridge_spline
TR-040352,2025-09-12,Dry Van,578.1,1235.15,1240.08,False,True,ridge_spline
TR-040353,2025-09-12,Reefer,1214.5,2838.17,2778.51,False,True,ridge_spline
TR-040354,2025-09-12,Reefer,358.3,956.43,979.77,False,True,ridge_spline
TR-040355,2025-09-12,Dry Van,650.6,1326.12,1304.95,False,True,ridge_spline
TR-040356,2025-09-12,Dry Van,1056.4,2133.45,2145.19,False,True,ridge_spline
TR-040357,2025-09-12,Reefer,123.8,377.23,377.32,False,True,ridge_spline
TR-040358,2025-09-12,Flatbed,2556.1,5109.12,5063.17,False,False,ridge_spline
TR-040359,2025-09-12,Flatbed,804.9,1660.54,1679.95,False,True,ridge_spline
TR-040360,2025-09-12,Dry Van,1281.9,2562.34,2512.94,False,True,ridge_spline
TR-040361,2025-09-12,Dry Van,2168.7,4194.09,4231.03,False,True,ridge_spline
TR-040362,2025-09-12,Reefer,946.3,2122.65,2124.23,False,True,ridge_spline
TR-040363,2025-09-12,Dry Van,882.0,1989.84,1957.84,False,True,ridge_spline
TR-040364,2025-09-12,Dry Van,631.6,1352.36,1398.25,False,True,ridge_spline
TR-040365,2025-09-12,Reefer,1512.7,3269.05,3385.3,False,True,ridge_spline
TR-040366,2025-09-12,Dry Van,581.6,1384.88,1346.09,False,True,ridge_spline
TR-040367,2025-09-12,Reefer,771.5,1760.79,1798.31,False,True,ridge_spline
TR-040368,2025-09-12,Dry Van,1181.2,2275.58,2256.01,False,True,ridge_spline
TR-040369,2025-09-12,Dry Van,617.3,1365.44,1326.76,False,True,ridge_spline
TR-040370,2025-09-12,Reefer,352.0,870.24,870.77,False,True,ridge_spline
TR-040371,2025-09-12,Dry Van,2122.0,4070.73,4133.79,False,True,ridge_spline
TR-040372,2025-09-12,Reefer,945.1,2270.2,2240.57,False,True,ridge_spline
TR-040373,2025-09-12,Dry Van,1543.5,2926.04,3019.79,False,True,ridge_spline
TR-040374,2025-09-12,Flatbed,1351.2,2770.25,2725.11,False,True,ridge_spline
TR-040375,2025-09-12,Dry Van,545.0,1254.79,1259.97,False,True,ridge_spline
TR-040376,2025-09-12,Flatbed,1217.4,2776.29,2722.67,False,True,ridge_spline
TR-040377,2025-09-12,Flatbed,979.9,2124.53,2136.78,False,True,ridge_spline
TR-040378,2025-09-12,Dry Van,685.0,1496.82,1468.95,False,True,ridge_spline
TR-040379,2025-09-12,Dry Van,465.7,1110.55,1081.49,False,True,ridge_spline
TR-040380,2025-09-13,Reefer,2688.4,5032.44,5096.49,False,True,ridge_spline
TR-040381,2025-09-13,Flatbed,464.0,1156.27,1120.7,False,False,ridge_spline
TR-040382,2025-09-13,Flatbed,1615.9,3594.44,3503.76,False,True,ridge_spline
TR-040383,2025-09-13,Dry Van,2923.1,5024.42,5124.41,False,True,ridge_spline
TR-040384,2025-09-13,Dry Van,1690.3,3518.99,3396.97,False,True,ridge_spline
TR-040385,2025-09-13,Dry Van,630.6,1308.11,1332.11,False,True,ridge_spline
TR-040386,2025-09-13,Reefer,1144.9,2641.06,2669.36,False,True,ridge_spline
TR-040387,2025-09-13,Dry Van,997.4,2047.73,2076.88,False,True,ridge_spline
TR-040388,2025-09-13,Dry Van,499.5,1098.51,1109.9,False,True,ridge_spline
TR-040389,2025-09-13,Reefer,997.5,2165.4,2194.84,False,True,ridge_spline
TR-040390,2025-09-13,Dry Van,267.1,642.34,611.52,False,True,ridge_spline
TR-040391,2025-09-13,Reefer,981.0,2312.59,2262.83,False,True,ridge_spline
TR-040392,2025-09-13,Dry Van,1645.1,3300.38,3239.31,False,False,ridge_spline
TR-040393,2025-09-13,Dry Van,2107.6,4012.45,4130.87,False,True,ridge_spline
TR-040394,2025-09-13,Dry Van,2036.2,3842.18,3848.7,False,True,ridge_spline
TR-040395,2025-09-13,Reefer,1835.8,4067.4,3979.61,False,True,ridge_spline
TR-040396,2025-09-13,Reefer,819.9,1871.23,1829.18,False,False,ridge_spline
TR-040397,2025-09-13,Dry Van,602.5,1345.09,1295.1,False,True,ridge_spline
TR-040398,2025-09-13,Dry Van,1225.8,2379.95,2429.79,False,True,ridge_spline
TR-040399,2025-09-13,Dry Van,1729.6,3234.86,3303.67,False,True,ridge_spline
TR-040400,2025-09-13,Dry Van,2034.4,3888.05,3846.16,False,True,ridge_spline
TR-040401,2025-09-13,Dry Van,3238.9,5546.62,5592.19,False,False,ridge_spline
TR-040402,2025-09-13,Reefer,429.4,1170.83,1128.82,False,True,ridge_spline
TR-040403,2025-09-13,Dry Van,335.5,827.34,801.53,False,True,ridge_spline
TR-040404,2025-09-13,Dry Van,669.1,1401.93,1415.86,False,True,ridge_spline
TR-040405,2025-09-13,Dry Van,1317.4,2614.48,2638.35,False,True,ridge_spline
TR-040406,2025-09-13,Reefer,502.6,1219.14,1222.58,False,True,ridge_spline
TR-040407,2025-09-13,Reefer,1520.3,3280.39,3281.19,False,True,ridge_spline
TR-040408,2025-09-13,Dry Van,800.0,1654.89,1668.74,False,True,ridge_spline
TR-040409,2025-09-13,Dry Van,2115.6,3701.25,3754.22,False,True,ridge_spline
TR-040410,2025-09-13,Reefer,1948.6,4009.05,3960.51,False,True,ridge_spline
TR-040411,2025-09-13,Flatbed,1423.8,3045.39,3032.43,False,True,ridge_spline
TR-040412,2025-09-13,Reefer,1043.5,2354.32,2331.84,False,True,ridge_spline
TR-040413,2025-09-13,Flatbed,426.9,1044.62,1038.45,False,True,ridge_spline
TR-040414,2025-09-13,Reefer,2033.5,4472.56,4422.25,False,True,ridge_spline
TR-040415,2025-09-13,Flatbed,1691.2,3543.62,3473.29,False,False,ridge_spline
TR-040416,2025-09-13,Dry Van,563.6,1172.55,1192.54,False,True,ridge_spline
TR-040417,2025-09-13,Dry Van,212.7,522.39,528.91,False,True,ridge_spline
TR-040418,2025-09-13,Flatbed,380.4,946.45,905.72,False,True,ridge_spline
TR-040419,2025-09-13,Reefer,523.0,1287.81,1259.28,False,True,ridge_spline
TR-040420,2025-09-13,Reefer,1132.2,2479.11,2485.96,False,True,ridge_spline
TR-040421,2025-09-13,Dry Van,495.0,1079.36,1089.48,False,True,ridge_spline
TR-040422,2025-09-13,Dry Van,1031.4,2108.65,2089.02,False,True,ridge_spline
TR-040423,2025-09-13,Reefer,466.7,1228.34,1223.34,False,True,ridge_spline
TR-040424,2025-09-13,Flatbed,732.9,1651.44,1652.51,False,True,ridge_spline
TR-040425,2025-09-13,Reefer,1262.9,2785.71,2759.72,False,True,ridge_spline
TR-040426,2025-09-13,Dry Van,458.7,1009.66,1028.12,False,True,ridge_spline
TR-040427,2025-09-13,Dry Van,1116.4,2166.72,2173.36,False,True,ridge_spline
TR-040428,2025-09-13,Dry Van,965.5,2058.77,2041.53,False,True,ridge_spline
TR-040429,2025-09-13,Dry Van,1846.8,3388.79,3424.34,False,True,ridge_spline
TR-040430,2025-09-13,Reefer,1639.1,3731.04,3711.38,False,True,ridge_spline
TR-040431,2025-09-13,Dry Van,1317.6,2474.14,2533.94,False,True,ridge_spline
TR-040432,2025-09-13,Dry Van,2191.1,3947.05,3957.73,False,True,ridge_spline
TR-040433,2025-09-13,Dry Van,1993.3,3475.62,3542.47,False,True,ridge_spline
TR-040434,2025-09-13,Dry Van,1347.9,2662.84,2718.09,False,True,ridge_spline
TR-040435,2025-09-13,Dry Van,2055.0,3904.05,3851.22,False,True,ridge_spline
TR-040436,2025-09-13,Dry Van,580.5,1296.1,1285.14,False,True,ridge_spline
TR-040437,2025-09-13,Dry Van,2833.7,5031.51,5034.06,False,True,ridge_spline
TR-040438,2025-09-13,Dry Van,1520.9,3090.11,3042.23,False,True,ridge_spline
TR-040439,2025-09-13,Dry Van,183.8,463.47,467.12,False,True,ridge_spline
TR-040440,2025-09-13,Dry Van,1311.4,2545.48,2519.94,False,True,ridge_spline
TR-040441,2025-09-13,Flatbed,728.2,1686.2,1652.94,False,True,ridge_spline
TR-040442,2025-09-13,Dry Van,695.4,1454.96,1487.72,False,True,ridge_spline
TR-040443,2025-09-13,Dry Van,2530.0,4695.81,4646.89,False,True,ridge_spline
TR-040444,2025-09-13,Dry Van,1533.4,2958.37,2989.72,False,True,ridge_spline
TR-040445,2025-09-13,Dry Van,798.2,1734.08,1748.16,False,True,ridge_spline
TR-040446,2025-09-13,Flatbed,685.5,1585.84,1596.07,False,True,ridge_spline
TR-040447,2025-09-13,Flatbed,999.6,2357.09,2251.98,False,False,ridge_spline
TR-040448,2025-09-13,Dry Van,538.5,1203.48,1202.42,False,True,ridge_spline
TR-040449,2025-09-13,Dry Van,2316.5,4194.59,4304.64,False,True,ridge_spline
TR-040450,2025-09-13,Reefer,791.8,1836.72,1799.64,False,True,ridge_spline
TR-040451,2025-09-13,Dry Van,502.6,1044.71,1050.28,False,True,ridge_spline
TR-040452,2025-09-13,Reefer,849.9,1951.01,1954.91,False,True,ridge_spline
TR-040453,2025-09-13,Reefer,539.0,1304.13,1315.42,False,True,ridge_spline
TR-040454,2025-09-13,Flatbed,965.8,2187.52,2191.1,False,False,ridge_spline
TR-040455,2025-09-13,Reefer,202.0,615.98,601.98,False,True,ridge_spline
TR-040456,2025-09-13,Dry Van,3031.6,5455.82,5564.44,False,True,ridge_spline
TR-040457,2025-09-13,Flatbed,1393.9,3089.77,3091.83,False,False,ridge_spline
TR-040458,2025-09-13,Dry Van,1304.9,2391.71,2431.04,False,True,ridge_spline
TR-040459,2025-09-13,Flatbed,2296.9,4738.84,4650.83,False,True,ridge_spline
TR-040460,2025-09-13,Dry Van,87.9,255.06,250.39,False,True,ridge_spline
TR-040461,2025-09-13,Dry Van,832.8,1799.91,1789.22,False,True,ridge_spline
TR-040462,2025-09-13,Reefer,1977.9,4376.14,4329.36,False,True,ridge_spline
TR-040463,2025-09-13,Reefer,720.9,1688.51,1666.36,False,True,ridge_spline
TR-040464,2025-09-13,Dry Van,1115.7,2187.93,2204.86,False,True,ridge_spline
TR-040465,2025-09-13,Dry Van,1922.6,3475.74,3535.11,False,True,ridge_spline
TR-040466,2025-09-13,Flatbed,744.9,1608.67,1611.72,False,True,ridge_spline
TR-040467,2025-09-13,Flatbed,186.2,552.07,515.8,False,True,ridge_spline
TR-040468,2025-09-13,Dry Van,1443.1,2883.87,2972.19,False,True,ridge_spline
TR-040469,2025-09-13,Flatbed,948.4,2079.12,2078.26,False,True,ridge_spline
TR-040470,2025-09-13,Dry Van,578.0,1328.98,1325.71,False,True,ridge_spline
TR-040471,2025-09-13,Flatbed,842.7,2066.4,2040.09,False,True,ridge_spline
TR-040472,2025-09-13,Reefer,1208.1,2886.97,2858.68,False,True,ridge_spline
TR-040473,2025-09-13,Dry Van,933.8,1878.13,1837.95,False,True,ridge_spline
TR-040474,2025-09-13,Dry Van,1035.1,1906.74,1934.27,False,True,ridge_spline
TR-040475,2025-09-13,Reefer,677.7,1632.62,1602.9,False,True,ridge_spline
TR-040476,2025-09-13,Dry Van,1303.9,2622.33,2573.83,False,True,ridge_spline
TR-040477,2025-09-13,Dry Van,2228.9,4250.53,4254.72,False,True,ridge_spline
TR-040478,2025-09-13,Dry Van,604.0,1417.05,1372.69,False,True,ridge_spline
TR-040479,2025-09-13,Dry Van,1056.3,2092.12,2056.33,False,True,ridge_spline
TR-040480,2025-09-13,Dry Van,302.1,719.31,726.73,False,True,ridge_spline
TR-040481,2025-09-13,Flatbed,347.6,863.27,870.63,False,True,ridge_spline
TR-040482,2025-09-13,Dry Van,958.3,1933.73,1984.67,False,True,ridge_spline
TR-040483,2025-09-13,Dry Van,789.7,1571.83,1569.5,False,True,ridge_spline
TR-040484,2025-09-13,Dry Van,609.6,1271.19,1311.9,False,True,ridge_spline
TR-040485,2025-09-13,Dry Van,931.6,1900.04,1946.48,False,True,ridge_spline
TR-040486,2025-09-13,Reefer,1932.3,3954.63,4006.35,False,True,ridge_spline
TR-040487,2025-09-13,Dry Van,1378.0,2561.78,2611.41,False,True,ridge_spline
TR-040488,2025-09-13,Reefer,2983.6,5851.44,5759.25,False,True,ridge_spline
TR-040489,2025-09-13,Dry Van,1019.1,1960.67,1987.41,False,True,ridge_spline
TR-040490,2025-09-13,Dry Van,1513.8,2971.31,2964.74,False,True,ridge_spline
TR-040491,2025-09-13,Dry Van,3033.7,5391.91,5317.48,False,True,ridge_spline
TR-040492,2025-09-13,Flatbed,2089.9,4266.21,4171.09,False,True,ridge_spline
TR-040493,2025-09-13,Reefer,1180.9,2520.81,2548.88,False,True,ridge_spline
TR-040494,2025-09-13,Dry Van,1655.1,3124.48,3111.01,False,True,ridge_spline
TR-040495,2025-09-13,Dry Van,915.4,1878.81,1913.09,False,True,ridge_spline
TR-040496,2025-09-13,Dry Van,244.1,585.46,599.45,False,True,ridge_spline
TR-040497,2025-09-13,Dry Van,1272.2,2333.85,2384.71,False,True,ridge_spline
TR-040498,2025-09-13,Dry Van,1005.9,2162.01,2102.35,False,True,ridge_spline
TR-040499,2025-09-13,Reefer,276.0,780.38,770.51,False,True,ridge_spline
TR-040500,2025-09-13,Flatbed,841.4,2027.02,1973.06,False,True,ridge_spline
TR-040501,2025-09-13,Dry Van,1184.1,2341.29,2326.78,False,True,ridge_spline
TR-040502,2025-09-13,Dry Van,1218.5,2582.43,2556.51,False,True,ridge_spline
TR-040503,2025-09-13,Dry Van,2266.7,4209.28,4147.44,False,True,ridge_spline
TR-040504,2025-09-13,Dry Van,3011.3,5482.81,5558.61,False,True,ridge_spline
TR-040505,2025-09-13,Reefer,539.4,1292.29,1282.84,False,True,ridge_spline
TR-040506,2025-09-13,Dry Van,1199.2,2350.57,2360.33,False,True,ridge_spline
TR-040507,2025-09-13,Dry Van,812.9,1693.84,1756.99,False,True,ridge_spline
TR-040508,2025-09-13,Dry Van,1415.7,2750.57,2761.96,False,True,ridge_spline
TR-040509,2025-09-13,Dry Van,1163.0,2500.8,2439.03,False,True,ridge_spline
TR-040510,2025-09-13,Dry Van,292.9,679.62,676.47,False,True,ridge_spline
TR-040511,2025-09-13,Dry Van,595.7,1405.66,1380.37,False,True,ridge_spline
TR-040512,2025-09-13,Flatbed,1254.9,2735.13,2765.95,False,True,ridge_spline
TR-040513,2025-09-13,Reefer,2107.4,4475.25,4628.2,False,True,ridge_spline
TR-040514,2025-09-13,Dry Van,433.5,900.01,911.8,False,True,ridge_spline
TR-040515,2025-09-13,Reefer,659.3,1601.14,1588.42,False,True,ridge_spline
TR-040516,2025-09-13,Dry Van,1461.1,2754.85,2768.77,False,True,ridge_spline
TR-040517,2025-09-13,Dry Van,286.9,698.07,696.0,False,True,ridge_spline
TR-040518,2025-09-13,Dry Van,261.7,586.07,598.46,False,True,ridge_spline
TR-040519,2025-09-13,Flatbed,291.3,804.41,770.62,False,True,ridge_spline
TR-040520,2025-09-13,Dry Van,445.3,1061.76,1021.34,False,True,ridge_spline
TR-040521,2025-09-13,Dry Van,1832.4,3432.15,3440.01,False,True,ridge_spline
TR-040522,2025-09-13,Flatbed,463.9,1152.91,1160.35,False,True,ridge_spline
TR-040523,2025-09-13,Flatbed,1601.4,3445.34,3409.43,False,True,ridge_spline
TR-040524,2025-09-13,Dry Van,2602.0,4873.57,4909.08,False,True,ridge_spline
TR-040525,2025-09-13,Reefer,1671.1,3772.59,3775.49,False,True,ridge_spline
TR-040526,2025-09-13,Dry Van,1080.9,2065.79,2076.29,False,True,ridge_spline
TR-040527,2025-09-13,Dry Van,230.4,608.99,595.43,False,True,ridge_spline
TR-040528,2025-09-13,Dry Van,1233.6,2507.83,2528.28,False,True,ridge_spline
TR-040529,2025-09-13,Dry Van,1647.7,3101.53,3218.45,False,True,ridge_spline
TR-040530,2025-09-13,Reefer,519.2,1398.57,1399.1,False,True,ridge_spline
TR-040531,2025-09-13,Dry Van,1039.3,2085.72,2090.72,False,True,ridge_spline
TR-040532,2025-09-13,Reefer,845.7,1932.61,1905.95,False,False,ridge_spline
TR-040533,2025-09-13,Dry Van,2120.1,3847.17,3815.21,False,True,ridge_spline
TR-040534,2025-09-13,Dry Van,1032.6,2083.05,1995.5,False,True,ridge_spline
TR-040535,2025-09-13,Dry Van,2238.8,3883.47,3867.29,False,True,ridge_spline
TR-040536,2025-09-13,Dry Van,232.9,590.85,587.23,False,True,ridge_spline
TR-040537,2025-09-13,Dry Van,840.6,1809.43,1833.0,False,True,ridge_spline
TR-040538,2025-09-13,Dry Van,641.3,1466.23,1461.53,False,True,ridge_spline
TR-040539,2025-09-13,Dry Van,2784.1,4734.69,4801.26,False,True,ridge_spline
TR-040540,2025-09-13,Reefer,2738.1,5571.21,5623.4,False,True,ridge_spline
TR-040541,2025-09-13,Dry Van,778.5,1483.49,1532.22,False,True,ridge_spline
TR-040542,2025-09-13,Dry Van,2316.0,4169.76,4251.18,False,True,ridge_spline
TR-040543,2025-09-14,Reefer,2087.6,4597.16,4502.99,False,True,ridge_spline
TR-040544,2025-09-14,Dry Van,387.2,834.73,842.29,False,True,ridge_spline
TR-040545,2025-09-14,Reefer,2008.6,3989.26,4107.39,False,True,ridge_spline
TR-040546,2025-09-14,Dry Van,2128.6,4060.39,4106.15,False,True,ridge_spline
TR-040547,2025-09-14,Reefer,437.2,1175.58,1132.55,False,True,ridge_spline
TR-040548,2025-09-14,Dry Van,1971.1,3964.42,3833.86,False,True,ridge_spline
TR-040549,2025-09-14,Dry Van,1839.5,3539.25,3467.48,False,True,ridge_spline
TR-040550,2025-09-14,Dry Van,762.7,1590.9,1571.44,False,True,ridge_spline
TR-040551,2025-09-14,Reefer,1000.7,2372.35,2334.47,False,True,ridge_spline
TR-040552,2025-09-14,Flatbed,2052.6,4168.59,4123.3,False,True,ridge_spline
TR-040553,2025-09-14,Reefer,329.4,872.33,865.4,False,True,ridge_spline
TR-040554,2025-09-14,Flatbed,726.7,1805.4,1775.15,False,True,ridge_spline
TR-040555,2025-09-14,Dry Van,1644.8,3184.99,3226.29,False,True,ridge_spline
TR-040556,2025-09-14,Dry Van,1286.8,2393.93,2460.35,False,True,ridge_spline
TR-040557,2025-09-14,Dry Van,1840.2,3498.42,3577.8,False,True,ridge_spline
TR-040558,2025-09-14,Dry Van,672.3,1421.64,1386.43,False,True,ridge_spline
TR-040559,2025-09-14,Reefer,896.0,2119.94,2043.77,False,False,ridge_spline
TR-040560,2025-09-14,Dry Van,3267.0,5663.09,5966.77,False,True,ridge_spline
TR-040561,2025-09-14,Dry Van,386.2,872.19,880.26,False,False,ridge_spline
TR-040562,2025-09-14,Dry Van,1185.0,2379.3,2317.64,False,True,ridge_spline
TR-040563,2025-09-14,Dry Van,967.3,1978.44,1932.19,False,True,ridge_spline
TR-040564,2025-09-14,Dry Van,446.3,1041.46,1022.22,False,False,ridge_spline
TR-040565,2025-09-14,Dry Van,1348.5,2637.86,2670.67,False,True,ridge_spline
TR-040566,2025-09-14,Reefer,686.4,1581.62,1577.53,False,False,ridge_spline
TR-040567,2025-09-14,Flatbed,971.6,2171.01,2102.29,False,True,ridge_spline
TR-040568,2025-09-14,Flatbed,1494.3,3184.5,3183.58,False,False,ridge_spline
TR-040569,2025-09-14,Dry Van,2390.9,4227.95,4274.71,False,True,ridge_spline
TR-040570,2025-09-14,Reefer,392.0,935.55,927.84,False,True,ridge_spline
TR-040571,2025-09-14,Dry Van,658.5,1426.71,1387.72,False,True,ridge_spline
TR-040572,2025-09-14,Flatbed,462.4,1196.62,1153.46,False,True,ridge_spline
TR-040573,2025-09-14,Flatbed,390.1,947.92,930.04,False,True,ridge_spline
TR-040574,2025-09-14,Dry Van,2728.9,4848.77,4937.33,False,True,ridge_spline
TR-040575,2025-09-14,Reefer,1409.2,3257.67,3227.09,False,True,ridge_spline
TR-040576,2025-09-14,Reefer,798.3,1827.95,1826.4,False,True,ridge_spline
TR-040577,2025-09-14,Flatbed,71.3,211.07,213.14,False,True,ridge_spline
TR-040578,2025-09-14,Reefer,739.7,1751.84,1762.5,False,True,ridge_spline
TR-040579,2025-09-14,Flatbed,1049.7,2328.71,2301.77,False,True,ridge_spline
TR-040580,2025-09-14,Reefer,1233.3,2739.57,2690.97,False,True,ridge_spline
TR-040581,2025-09-14,Dry Van,484.5,1036.14,1042.38,False,True,ridge_spline
TR-040582,2025-09-14,Dry Van,1691.9,3452.05,3355.8,False,True,ridge_spline
TR-040583,2025-09-14,Flatbed,449.4,1072.22,1059.79,False,True,ridge_spline
TR-040584,2025-09-14,Flatbed,1117.7,2411.77,2355.4,False,True,ridge_spline
TR-040585,2025-09-14,Flatbed,2576.3,4941.5,4889.78,False,False,ridge_spline
TR-040586,2025-09-14,Reefer,236.4,701.85,685.85,False,True,ridge_spline
TR-040587,2025-09-14,Dry Van,2806.7,5079.33,5096.26,False,True,ridge_spline
TR-040588,2025-09-14,Flatbed,2781.0,5218.28,5198.94,False,True,ridge_spline
TR-040589,2025-09-14,Dry Van,2511.2,4267.23,4345.16,False,True,ridge_spline
TR-040590,2025-09-14,Flatbed,1300.2,2904.58,2758.09,False,True,ridge_spline
TR-040591,2025-09-14,Dry Van,1935.3,3822.07,3694.84,False,True,ridge_spline
TR-040592,2025-09-14,Reefer,1012.4,2365.37,2343.79,False,True,ridge_spline
TR-040593,2025-09-14,Flatbed,1034.9,2315.08,2251.68,False,True,ridge_spline
TR-040594,2025-09-14,Reefer,718.1,1752.86,1725.38,False,True,ridge_spline
TR-040595,2025-09-14,Dry Van,1650.4,3289.09,3278.83,False,True,ridge_spline
TR-040596,2025-09-14,Reefer,814.3,733.39,1790.56,True,True,ridge_spline
TR-040597,2025-09-14,Dry Van,612.6,1354.26,1326.72,False,True,ridge_spline
TR-040598,2025-09-14,Dry Van,2431.1,4223.18,4405.74,False,True,ridge_spline
TR-040599,2025-09-14,Reefer,2226.4,4618.86,4447.53,False,True,ridge_spline
TR-040600,2025-09-14,Dry Van,2506.1,4259.02,4257.86,False,True,ridge_spline
TR-040601,2025-09-14,Dry Van,2210.6,808.74,3886.54,True,True,ridge_spline
TR-040602,2025-09-14,Dry Van,857.2,1700.06,1728.78,False,True,ridge_spline
TR-040603,2025-09-14,Flatbed,971.0,2338.34,2226.45,False,True,ridge_spline
TR-040604,2025-09-14,Dry Van,839.1,1653.93,1681.87,False,True,ridge_spline
TR-040605,2025-09-14,Dry Van,2277.0,4115.96,4123.36,False,True,ridge_spline
TR-040606,2025-09-14,Dry Van,1212.4,2525.35,2430.76,False,True,ridge_spline
TR-040607,2025-09-14,Reefer,850.0,1940.14,1919.01,False,True,ridge_spline
TR-040608,2025-09-14,Dry Van,2036.4,3659.54,3649.59,False,True,ridge_spline
TR-040609,2025-09-14,Flatbed,2279.0,4550.71,4507.15,False,True,ridge_spline
TR-040610,2025-09-14,Flatbed,1777.0,3778.61,3787.17,False,True,ridge_spline
TR-040611,2025-09-14,Dry Van,406.1,952.32,915.52,False,False,ridge_spline
TR-040612,2025-09-14,Flatbed,926.9,1914.44,1874.08,False,True,ridge_spline
TR-040613,2025-09-14,Reefer,473.5,1088.44,1092.43,False,True,ridge_spline
TR-040614,2025-09-14,Reefer,1862.3,3916.1,3930.43,False,True,ridge_spline
TR-040615,2025-09-14,Reefer,393.3,1040.95,1015.36,False,True,ridge_spline
TR-040616,2025-09-14,Dry Van,1088.3,1990.67,2006.31,False,True,ridge_spline
TR-040617,2025-09-14,Reefer,1700.4,3698.67,3668.36,False,True,ridge_spline
TR-040618,2025-09-14,Dry Van,1236.4,2529.22,2498.42,False,True,ridge_spline
TR-040619,2025-09-14,Reefer,331.0,885.52,877.7,False,True,ridge_spline
TR-040620,2025-09-14,Dry Van,403.2,3043.83,839.86,True,True,ridge_spline
TR-040621,2025-09-14,Dry Van,176.1,439.89,422.67,False,True,ridge_spline
TR-040622,2025-09-14,Flatbed,525.2,1153.83,1121.67,False,True,ridge_spline
TR-040623,2025-09-14,Reefer,1826.7,3862.55,3805.87,False,True,ridge_spline
TR-040624,2025-09-14,Dry Van,847.7,1890.09,1804.67,False,True,ridge_spline
TR-040625,2025-09-14,Dry Van,2040.6,3674.7,3761.74,False,False,ridge_spline
TR-040626,2025-09-14,Dry Van,1657.5,3075.53,3109.35,False,True,ridge_spline
TR-040627,2025-09-14,Reefer,814.8,1911.52,1917.82,False,True,ridge_spline
TR-040628,2025-09-14,Dry Van,791.4,1647.07,1667.91,False,True,ridge_spline
TR-040629,2025-09-14,Dry Van,428.2,968.36,976.9,False,True,ridge_spline
TR-040630,2025-09-14,Flatbed,1031.5,2236.91,2178.93,False,False,ridge_spline
TR-040631,2025-09-14,Reefer,424.2,1041.14,1055.31,False,True,ridge_spline
TR-040632,2025-09-14,Reefer,1221.3,2656.72,2544.21,False,True,ridge_spline
TR-040633,2025-09-14,Reefer,1222.7,2750.6,2679.28,False,True,ridge_spline
TR-040634,2025-09-14,Reefer,1365.5,3015.94,3045.56,False,True,ridge_spline
TR-040635,2025-09-14,Flatbed,351.0,897.94,869.5,False,True,ridge_spline
TR-040636,2025-09-14,Dry Van,768.1,1535.46,1509.26,False,True,ridge_spline
TR-040637,2025-09-14,Flatbed,503.9,1274.27,1246.85,False,False,ridge_spline
TR-040638,2025-09-14,Dry Van,2445.2,4485.86,4519.12,False,True,ridge_spline
TR-040639,2025-09-14,Flatbed,987.7,1930.91,1976.02,False,True,ridge_spline
TR-040640,2025-09-14,Reefer,1241.4,2747.43,2680.03,False,True,ridge_spline
TR-040641,2025-09-14,Flatbed,1235.6,2581.86,2582.06,False,True,ridge_spline
TR-040642,2025-09-14,Dry Van,1017.3,1999.03,1955.11,False,True,ridge_spline
TR-040643,2025-09-14,Reefer,781.4,1856.98,1811.81,False,True,ridge_spline
TR-040644,2025-09-14,Reefer,1208.5,2806.99,2745.55,False,True,ridge_spline
TR-040645,2025-09-14,Flatbed,432.8,1047.96,1015.82,False,True,ridge_spline
TR-040646,2025-09-14,Reefer,2649.7,5487.77,5434.13,False,True,ridge_spline
TR-040647,2025-09-14,Reefer,684.7,1626.23,1616.46,False,True,ridge_spline
TR-040648,2025-09-14,Dry Van,1331.9,2468.53,2563.56,False,True,ridge_spline
TR-040649,2025-09-14,Reefer,554.4,1359.7,1390.85,False,False,ridge_spline
TR-040650,2025-09-14,Reefer,1826.0,3944.15,3878.22,False,True,ridge_spline
TR-040651,2025-09-14,Reefer,1455.1,3304.61,3356.97,False,True,ridge_spline
TR-040652,2025-09-14,Reefer,1114.2,2541.31,2468.57,False,True,ridge_spline
TR-040653,2025-09-14,Dry Van,977.5,1843.13,1890.09,False,True,ridge_spline
TR-040654,2025-09-14,Dry Van,610.2,1357.03,1378.61,False,True,ridge_spline
TR-040655,2025-09-14,Dry Van,700.2,1492.26,1480.38,False,True,ridge_spline
TR-040656,2025-09-14,Dry Van,524.3,1151.06,1169.68,False,True,ridge_spline
TR-040657,2025-09-14,Dry Van,2491.9,4344.6,4338.37,False,True,ridge_spline
TR-040658,2025-09-14,Reefer,583.6,1465.86,1493.65,False,False,ridge_spline
TR-040659,2025-09-14,Dry Van,715.1,1555.76,1518.44,False,True,ridge_spline
TR-040660,2025-09-14,Flatbed,794.2,1745.31,1733.63,False,True,ridge_spline
TR-040661,2025-09-14,Reefer,1104.3,2401.12,2443.84,False,True,ridge_spline
TR-040662,2025-09-14,Flatbed,656.1,1536.67,1518.94,False,True,ridge_spline
TR-040663,2025-09-14,Flatbed,1471.7,3211.14,3185.37,False,True,ridge_spline
TR-040664,2025-09-14,Dry Van,644.9,1394.94,1443.79,False,True,ridge_spline
TR-040665,2025-09-14,Dry Van,569.7,1245.58,1243.52,False,True,ridge_spline
TR-040666,2025-09-14,Dry Van,492.0,1114.52,1115.34,False,True,ridge_spline
TR-040667,2025-09-14,Dry Van,2882.4,5308.01,5290.49,False,True,ridge_spline
TR-040668,2025-09-14,Flatbed,758.0,1833.03,1800.06,False,True,ridge_spline
TR-040669,2025-09-14,Reefer,316.1,758.17,759.99,False,True,ridge_spline
TR-040670,2025-09-14,Dry Van,609.5,1393.75,1376.07,False,True,ridge_spline
TR-040671,2025-09-14,Dry Van,441.7,975.82,984.44,False,True,ridge_spline
TR-040672,2025-09-14,Reefer,925.4,2122.92,2133.26,False,True,ridge_spline
TR-040673,2025-09-14,Dry Van,717.3,1493.78,1494.56,False,True,ridge_spline
TR-040674,2025-09-14,Dry Van,1403.6,2587.46,2602.34,False,True,ridge_spline
TR-040675,2025-09-14,Dry Van,2385.8,4724.87,4578.98,False,True,ridge_spline
TR-040676,2025-09-14,Reefer,545.1,1311.04,1302.06,False,True,ridge_spline
TR-040677,2025-09-14,Reefer,585.2,1367.4,1345.06,False,True,ridge_spline
TR-040678,2025-09-14,Reefer,314.2,803.0,797.01,False,True,ridge_spline
TR-040679,2025-09-14,Dry Van,575.6,4277.4,1306.46,True,True,ridge_spline
TR-040680,2025-09-14,Dry Van,783.6,1544.08,1561.46,False,True,ridge_spline
TR-040681,2025-09-14,Dry Van,1208.9,2356.8,2378.33,False,False,ridge_spline
TR-040682,2025-09-14,Flatbed,1027.3,2282.38,2224.97,False,False,ridge_spline
TR-040683,2025-09-14,Flatbed,299.7,868.27,844.0,False,True,ridge_spline
TR-040684,2025-09-14,Reefer,341.7,913.85,902.86,False,True,ridge_spline
TR-040685,2025-09-14,Dry Van,1096.6,2142.39,2132.96,False,True,ridge_spline
TR-040686,2025-09-14,Reefer,697.8,1683.98,1629.21,False,True,ridge_spline
TR-040687,2025-09-14,Reefer,853.3,1978.32,1936.01,False,False,ridge_spline
TR-040688,2025-09-14,Reefer,1070.6,2480.99,2467.01,False,True,ridge_spline
TR-040689,2025-09-14,Dry Van,867.1,1663.98,1677.74,False,True,ridge_spline
TR-040690,2025-09-14,Dry Van,1695.9,3141.7,3212.68,False,True,ridge_spline
TR-040691,2025-09-14,Flatbed,471.2,1228.47,1212.84,False,True,ridge_spline
TR-040692,2025-09-14,Dry Van,1076.2,2088.95,2098.99,False,True,ridge_spline
TR-040693,2025-09-14,Dry Van,426.2,907.21,908.07,False,True,ridge_spline
TR-040694,2025-09-14,Dry Van,1903.9,3541.96,3590.73,False,True,ridge_spline
TR-040695,2025-09-14,Dry Van,1205.5,2273.19,2291.68,False,True,ridge_spline
TR-040696,2025-09-14,Dry Van,1335.1,2525.6,2529.3,False,True,ridge_spline
TR-040697,2025-09-14,Dry Van,1996.1,3579.73,3565.61,False,True,ridge_spline
TR-040698,2025-09-14,Flatbed,2503.2,5121.15,5046.46,False,True,ridge_spline
TR-040699,2025-09-14,Reefer,835.4,2075.54,2032.12,False,True,ridge_spline
TR-040700,2025-09-14,Dry Van,336.4,806.71,781.21,False,True,ridge_spline
TR-040701,2025-09-14,Dry Van,1600.3,3211.44,3191.54,False,True,ridge_spline
TR-040702,2025-09-14,Dry Van,451.8,1020.34,1058.82,False,True,ridge_spline
TR-040703,2025-09-14,Dry Van,1746.7,3341.34,3315.46,False,True,ridge_spline
TR-040704,2025-09-14,Dry Van,311.8,737.54,737.02,False,True,ridge_spline
TR-040705,2025-09-14,Reefer,498.0,1223.19,1184.68,False,True,ridge_spline
TR-040706,2025-09-14,Dry Van,758.9,1566.25,1512.69,False,True,ridge_spline
TR-040707,2025-09-15,Flatbed,1409.5,3062.16,3009.34,False,True,ridge_spline
TR-040708,2025-09-15,Reefer,1444.7,3074.81,3048.3,False,True,ridge_spline
TR-040709,2025-09-15,Reefer,603.4,1431.72,1449.73,False,True,ridge_spline
TR-040710,2025-09-15,Flatbed,2259.2,4563.16,4556.22,False,True,ridge_spline
TR-040711,2025-09-15,Dry Van,786.7,1632.04,1615.39,False,True,ridge_spline
TR-040712,2025-09-15,Dry Van,2764.4,4885.54,5056.86,False,True,ridge_spline
TR-040713,2025-09-15,Dry Van,414.6,948.95,932.62,False,True,ridge_spline
TR-040714,2025-09-15,Flatbed,916.1,2133.96,1990.79,False,True,ridge_spline
TR-040715,2025-09-15,Dry Van,1610.9,3110.59,3085.02,False,True,ridge_spline
TR-040716,2025-09-15,Dry Van,693.7,1424.34,1460.88,False,True,ridge_spline
TR-040717,2025-09-15,Reefer,1046.8,2335.22,2315.44,False,True,ridge_spline
TR-040718,2025-09-15,Dry Van,825.2,1687.24,1699.01,False,True,ridge_spline
TR-040719,2025-09-15,Flatbed,427.1,1102.46,1072.57,False,True,ridge_spline
TR-040720,2025-09-15,Dry Van,594.5,1299.13,1275.34,False,True,ridge_spline
TR-040721,2025-09-15,Reefer,539.3,1324.29,1317.56,False,True,ridge_spline
TR-040722,2025-09-15,Dry Van,926.3,1738.51,1794.3,False,True,ridge_spline
TR-040723,2025-09-15,Reefer,2183.7,4570.75,4577.21,False,True,ridge_spline
TR-040724,2025-09-15,Dry Van,331.4,3515.75,800.48,True,True,ridge_spline
TR-040725,2025-09-15,Dry Van,398.9,905.06,920.96,False,True,ridge_spline
TR-040726,2025-09-15,Dry Van,1699.8,3307.65,3369.28,False,True,ridge_spline
TR-040727,2025-09-15,Flatbed,691.5,1573.36,1522.33,False,True,ridge_spline
TR-040728,2025-09-15,Reefer,833.0,1764.63,1799.7,False,False,ridge_spline
TR-040729,2025-09-15,Flatbed,2927.8,5473.89,5414.51,False,True,ridge_spline
TR-040730,2025-09-15,Dry Van,2320.5,4555.22,4408.77,False,True,ridge_spline
TR-040731,2025-09-15,Reefer,360.2,996.42,959.73,False,True,ridge_spline
TR-040732,2025-09-15,Dry Van,1363.6,2772.19,2776.85,False,True,ridge_spline
TR-040733,2025-09-15,Reefer,723.9,1627.76,1652.43,False,False,ridge_spline
TR-040734,2025-09-15,Dry Van,859.1,1814.27,1788.31,False,True,ridge_spline
TR-040735,2025-09-15,Flatbed,463.8,1211.23,1168.22,False,True,ridge_spline
TR-040736,2025-09-15,Reefer,1954.8,4400.11,4282.34,False,True,ridge_spline
TR-040737,2025-09-15,Flatbed,1014.3,2144.77,2077.43,False,True,ridge_spline
TR-040738,2025-09-15,Flatbed,1692.3,3584.65,3507.89,False,False,ridge_spline
TR-040739,2025-09-15,Dry Van,2279.0,4151.1,4211.59,False,True,ridge_spline
TR-040740,2025-09-15,Dry Van,1174.4,2467.5,2431.46,False,True,ridge_spline
TR-040741,2025-09-15,Dry Van,472.5,1050.24,1025.26,False,True,ridge_spline
TR-040742,2025-09-15,Dry Van,1649.5,3094.1,3029.78,False,True,ridge_spline
TR-040743,2025-09-15,Flatbed,1523.0,3206.78,3171.81,False,True,ridge_spline
TR-040744,2025-09-15,Dry Van,1929.1,3771.61,3788.8,False,True,ridge_spline
TR-040745,2025-09-15,Reefer,929.9,2081.42,2080.6,False,True,ridge_spline
TR-040746,2025-09-15,Dry Van,429.5,968.79,960.2,False,True,ridge_spline
TR-040747,2025-09-15,Dry Van,1245.7,2265.27,2332.76,False,True,ridge_spline
TR-040748,2025-09-15,Dry Van,244.5,588.75,582.7,False,True,ridge_spline
TR-040749,2025-09-15,Flatbed,236.2,674.16,657.06,False,True,ridge_spline
TR-040750,2025-09-15,Reefer,2348.1,4757.28,4787.85,False,False,ridge_spline
TR-040751,2025-09-15,Reefer,1628.9,3565.01,3514.17,False,True,ridge_spline
TR-040752,2025-09-15,Dry Van,431.3,1017.61,997.71,False,True,ridge_spline
TR-040753,2025-09-15,Dry Van,528.9,1132.1,1151.2,False,True,ridge_spline
TR-040754,2025-09-15,Dry Van,2068.3,3533.31,3601.48,False,False,ridge_spline
TR-040755,2025-09-15,Flatbed,2007.9,4317.3,4095.06,False,True,ridge_spline
TR-040756,2025-09-15,Reefer,764.9,1839.49,1779.13,False,True,ridge_spline
TR-040757,2025-09-15,Reefer,742.0,1720.57,1688.32,False,True,ridge_spline
TR-040758,2025-09-15,Reefer,674.0,1619.11,1568.33,False,True,ridge_spline
TR-040759,2025-09-15,Dry Van,2105.1,4006.97,4002.69,False,True,ridge_spline
TR-040760,2025-09-15,Reefer,1394.2,3216.59,3201.37,False,True,ridge_spline
TR-040761,2025-09-15,Reefer,1775.8,3617.9,3675.6,False,False,ridge_spline
TR-040762,2025-09-15,Reefer,145.4,453.28,438.07,False,True,ridge_spline
TR-040763,2025-09-15,Flatbed,711.9,1604.51,1574.84,False,True,ridge_spline
TR-040764,2025-09-15,Reefer,932.0,2148.4,2110.46,False,True,ridge_spline
TR-040765,2025-09-15,Reefer,2131.0,4688.14,4610.68,False,True,ridge_spline
TR-040766,2025-09-15,Dry Van,350.9,778.24,768.27,False,True,ridge_spline
TR-040767,2025-09-15,Dry Van,1851.2,3409.93,3398.08,False,True,ridge_spline
TR-040768,2025-09-15,Dry Van,857.8,1767.56,1767.08,False,True,ridge_spline
TR-040769,2025-09-15,Dry Van,929.2,1947.44,1908.38,False,True,ridge_spline
TR-040770,2025-09-15,Dry Van,2663.8,4955.66,4802.84,False,True,ridge_spline
TR-040771,2025-09-15,Dry Van,513.5,1174.63,1146.83,False,True,ridge_spline
TR-040772,2025-09-15,Reefer,452.2,1172.91,1168.16,False,True,ridge_spline
TR-040773,2025-09-15,Dry Van,171.2,466.35,460.72,False,True,ridge_spline
TR-040774,2025-09-15,Reefer,2434.6,5059.98,4880.91,False,True,ridge_spline
TR-040775,2025-09-15,Reefer,976.3,575.21,2299.04,True,True,ridge_spline
TR-040776,2025-09-15,Reefer,1212.4,2707.48,2652.48,False,True,ridge_spline
TR-040777,2025-09-15,Dry Van,2377.9,4476.59,4284.48,False,True,ridge_spline
TR-040778,2025-09-15,Reefer,707.5,1701.5,1702.59,False,True,ridge_spline
TR-040779,2025-09-15,Dry Van,1779.1,3500.96,3424.98,False,True,ridge_spline
TR-040780,2025-09-15,Reefer,434.6,1080.4,1098.48,False,True,ridge_spline
TR-040781,2025-09-15,Reefer,651.6,1575.85,1539.02,False,True,ridge_spline
TR-040782,2025-09-15,Flatbed,742.5,1644.06,1602.36,False,True,ridge_spline
TR-040783,2025-09-15,Dry Van,1062.1,2184.53,2238.2,False,True,ridge_spline
TR-040784,2025-09-15,Flatbed,1535.4,3274.66,3120.3,False,True,ridge_spline
TR-040785,2025-09-15,Reefer,2317.4,5052.62,4907.63,False,True,ridge_spline
TR-040786,2025-09-15,Flatbed,257.7,729.28,715.97,False,True,ridge_spline
TR-040787,2025-09-15,Flatbed,613.8,1347.06,1324.72,False,True,ridge_spline
TR-040788,2025-09-15,Dry Van,1606.8,3080.46,3078.39,False,True,ridge_spline
TR-040789,2025-09-15,Flatbed,2266.2,4583.82,4310.93,False,True,ridge_spline
TR-040790,2025-09-15,Flatbed,1692.3,3336.87,3324.07,False,True,ridge_spline
TR-040791,2025-09-15,Reefer,1223.9,2863.65,2870.84,False,True,ridge_spline
TR-040792,2025-09-15,Dry Van,764.1,1594.5,1633.61,False,True,ridge_spline
TR-040793,2025-09-15,Dry Van,1021.2,1965.05,2003.66,False,True,ridge_spline
TR-040794,2025-09-15,Dry Van,466.1,1069.2,1059.75,False,True,ridge_spline
TR-040795,2025-09-15,Dry Van,464.6,1050.81,1063.42,False,True,ridge_spline
TR-040796,2025-09-15,Flatbed,2123.5,4330.39,4245.43,False,True,ridge_spline
TR-040797,2025-09-15,Dry Van,519.6,1106.96,1074.7,False,True,ridge_spline
TR-040798,2025-09-15,Dry Van,1845.6,3386.05,3501.88,False,True,ridge_spline
TR-040799,2025-09-15,Flatbed,145.1,426.34,424.96,False,True,ridge_spline
TR-040800,2025-09-15,Dry Van,1435.2,2665.44,2680.99,False,True,ridge_spline
TR-040801,2025-09-15,Flatbed,2719.7,5290.27,5275.49,False,True,ridge_spline
TR-040802,2025-09-15,Dry Van,1451.2,2763.04,2844.76,False,True,ridge_spline
TR-040803,2025-09-15,Dry Van,743.4,1498.19,1541.2,False,True,ridge_spline
TR-040804,2025-09-15,Dry Van,373.1,823.54,808.22,False,True,ridge_spline
TR-040805,2025-09-15,Dry Van,321.3,730.98,710.59,False,True,ridge_spline
TR-040806,2025-09-15,Dry Van,968.2,1937.55,1895.44,False,True,ridge_spline
TR-040807,2025-09-15,Dry Van,1796.2,3218.12,3258.93,False,True,ridge_spline
TR-040808,2025-09-15,Dry Van,2613.3,4622.68,4680.66,False,True,ridge_spline
TR-040809,2025-09-15,Dry Van,652.4,1354.82,1363.83,False,True,ridge_spline
TR-040810,2025-09-15,Dry Van,1224.6,2478.05,2522.53,False,True,ridge_spline
TR-040811,2025-09-15,Dry Van,1079.6,2165.51,2184.39,False,True,ridge_spline
TR-040812,2025-09-15,Dry Van,560.5,1196.67,1171.81,False,True,ridge_spline
TR-040813,2025-09-15,Flatbed,1038.4,2261.1,2174.99,False,True,ridge_spline
TR-040814,2025-09-15,Dry Van,1353.9,2689.4,2688.28,False,True,ridge_spline
TR-040815,2025-09-15,Reefer,634.1,1502.22,1485.68,False,True,ridge_spline
TR-040816,2025-09-15,Reefer,710.8,1496.45,1533.64,False,True,ridge_spline
TR-040817,2025-09-15,Reefer,880.4,2041.42,2044.57,False,True,ridge_spline
TR-040818,2025-09-15,Dry Van,2231.8,4089.63,4097.25,False,True,ridge_spline
TR-040819,2025-09-15,Dry Van,1025.5,2015.11,2067.78,False,True,ridge_spline
TR-040820,2025-09-15,Reefer,434.3,1168.59,1148.65,False,False,ridge_spline
TR-040821,2025-09-15,Dry Van,827.9,1672.92,1659.97,False,True,ridge_spline
TR-040822,2025-09-15,Flatbed,1335.5,2808.09,2719.76,False,True,ridge_spline
TR-040823,2025-09-15,Reefer,1044.7,2228.44,2248.21,False,True,ridge_spline
TR-040824,2025-09-15,Flatbed,1514.7,3175.28,3173.54,False,True,ridge_spline
TR-040825,2025-09-15,Dry Van,944.7,1787.88,1791.91,False,True,ridge_spline
TR-040826,2025-09-15,Dry Van,2975.0,5510.91,5445.19,False,True,ridge_spline
TR-040827,2025-09-15,Reefer,1181.9,2671.07,2628.71,False,True,ridge_spline
TR-040828,2025-09-15,Dry Van,3041.8,5392.76,5424.2,False,True,ridge_spline
TR-040829,2025-09-15,Dry Van,2260.6,4220.44,4278.37,False,True,ridge_spline
TR-040830,2025-09-15,Dry Van,905.8,1807.31,1802.84,False,True,ridge_spline
TR-040831,2025-09-15,Reefer,2772.6,5682.27,5651.17,False,True,ridge_spline
TR-040832,2025-09-15,Dry Van,1594.0,3185.85,3160.27,False,True,ridge_spline
TR-040833,2025-09-15,Dry Van,2311.5,4442.45,4482.0,False,True,ridge_spline
TR-040834,2025-09-15,Dry Van,524.6,1233.62,1193.36,False,True,ridge_spline
TR-040835,2025-09-15,Dry Van,1588.9,3073.89,2955.8,False,True,ridge_spline
TR-040836,2025-09-15,Reefer,596.1,1438.67,1434.34,False,True,ridge_spline
TR-040837,2025-09-15,Reefer,1517.0,3210.74,3274.03,False,True,ridge_spline
TR-040838,2025-09-15,Dry Van,467.4,1049.12,1042.75,False,True,ridge_spline
TR-040839,2025-09-15,Dry Van,2222.7,4018.01,3990.62,False,True,ridge_spline
TR-040840,2025-09-15,Reefer,1328.8,2835.01,2791.97,False,True,ridge_spline
TR-040841,2025-09-15,Reefer,375.1,1053.79,1036.34,False,True,ridge_spline
TR-040842,2025-09-15,Dry Van,858.2,1821.43,1809.47,False,True,ridge_spline
TR-040843,2025-09-15,Reefer,1650.3,3852.73,3734.05,False,True,ridge_spline
TR-040844,2025-09-15,Flatbed,3146.8,6307.27,6289.26,False,True,ridge_spline
TR-040845,2025-09-15,Dry Van,1032.3,1980.81,2008.16,False,True,ridge_spline
TR-040846,2025-09-15,Dry Van,2692.2,4645.13,4726.65,False,True,ridge_spline
TR-040847,2025-09-15,Reefer,1217.1,2554.83,2651.72,False,True,ridge_spline
TR-040848,2025-09-15,Flatbed,776.5,1737.3,1674.98,False,True,ridge_spline
TR-040849,2025-09-15,Dry Van,543.0,1166.74,1194.24,False,True,ridge_spline
TR-040850,2025-09-15,Reefer,475.1,1267.79,1257.49,False,True,ridge_spline
TR-040851,2025-09-16,Reefer,548.7,1378.26,1388.71,False,True,ridge_spline
TR-040852,2025-09-16,Dry Van,518.7,1223.22,1221.09,False,True,ridge_spline
TR-040853,2025-09-16,Dry Van,1158.5,2233.85,2188.93,False,True,ridge_spline
TR-040854,2025-09-16,Reefer,432.4,1088.38,1076.58,False,True,ridge_spline
TR-040855,2025-09-16,Dry Van,982.4,2085.37,2045.73,False,True,ridge_spline
TR-040856,2025-09-16,Dry Van,1252.8,2338.37,2404.42,False,True,ridge_spline
TR-040857,2025-09-16,Reefer,411.0,1185.12,1153.43,False,True,ridge_spline
TR-040858,2025-09-16,Flatbed,232.7,660.71,628.38,False,True,ridge_spline
TR-040859,2025-09-16,Dry Van,731.9,1603.87,1589.51,False,True,ridge_spline
TR-040860,2025-09-16,Dry Van,1287.7,2493.76,2469.03,False,True,ridge_spline
TR-040861,2025-09-16,Dry Van,1063.1,2083.09,2126.69,False,True,ridge_spline
TR-040862,2025-09-16,Dry Van,842.8,1877.96,1841.23,False,True,ridge_spline
TR-040863,2025-09-16,Dry Van,342.8,852.03,839.83,False,True,ridge_spline
TR-040864,2025-09-16,Dry Van,2281.7,4391.11,4387.18,False,True,ridge_spline
TR-040865,2025-09-16,Dry Van,1505.9,3037.88,3070.87,False,True,ridge_spline
TR-040866,2025-09-16,Flatbed,1499.7,3337.89,3280.12,False,True,ridge_spline
TR-040867,2025-09-16,Reefer,389.6,960.44,934.8,False,True,ridge_spline
TR-040868,2025-09-16,Dry Van,3018.0,5332.73,5436.65,False,True,ridge_spline
TR-040869,2025-09-16,Reefer,1766.1,3955.24,3929.45,False,True,ridge_spline
TR-040870,2025-09-16,Dry Van,935.3,1870.61,1856.98,False,True,ridge_spline
TR-040871,2025-09-16,Flatbed,1144.4,2627.08,2586.35,False,True,ridge_spline
TR-040872,2025-09-16,Reefer,1154.1,2616.44,2625.56,False,False,ridge_spline
TR-040873,2025-09-16,Dry Van,454.7,988.5,981.51,False,True,ridge_spline
TR-040874,2025-09-16,Reefer,2897.4,1843.92,5821.45,True,True,ridge_spline
TR-040875,2025-09-16,Dry Van,2765.0,4985.71,4803.7,False,True,ridge_spline
TR-040876,2025-09-16,Dry Van,1189.5,2443.51,2461.9,False,True,ridge_spline
TR-040877,2025-09-16,Reefer,1104.0,2458.21,2435.63,False,True,ridge_spline
TR-040878,2025-09-16,Dry Van,1981.1,3813.18,3759.12,False,True,ridge_spline
TR-040879,2025-09-16,Dry Van,224.3,587.21,573.64,False,False,ridge_spline
TR-040880,2025-09-16,Reefer,3326.9,6980.2,6912.08,False,False,ridge_spline
TR-040881,2025-09-16,Dry Van,1686.4,3176.7,3181.46,False,True,ridge_spline
TR-040882,2025-09-16,Flatbed,461.1,1086.13,1072.44,False,True,ridge_spline
TR-040883,2025-09-16,Flatbed,858.6,2035.38,1999.38,False,True,ridge_spline
TR-040884,2025-09-16,Dry Van,998.3,2026.62,2029.93,False,True,ridge_spline
TR-040885,2025-09-16,Dry Van,714.5,1430.78,1484.86,False,True,ridge_spline
TR-040886,2025-09-16,Dry Van,793.1,1601.26,1633.9,False,True,ridge_spline
TR-040887,2025-09-16,Dry Van,1349.3,2597.83,2628.91,False,True,ridge_spline
TR-040888,2025-09-16,Dry Van,605.7,1386.56,1379.73,False,True,ridge_spline
TR-040889,2025-09-16,Dry Van,363.2,809.74,799.62,False,True,ridge_spline
TR-040890,2025-09-16,Flatbed,1265.5,2818.13,2745.8,False,True,ridge_spline
TR-040891,2025-09-16,Dry Van,1580.1,3081.78,3035.31,False,True,ridge_spline
TR-040892,2025-09-16,Dry Van,942.9,1810.5,1822.95,False,True,ridge_spline
TR-040893,2025-09-16,Flatbed,918.5,2019.08,1922.89,False,True,ridge_spline
TR-040894,2025-09-16,Reefer,1214.8,2736.15,2776.23,False,True,ridge_spline
TR-040895,2025-09-16,Reefer,731.3,1601.91,1640.62,False,True,ridge_spline
TR-040896,2025-09-16,Dry Van,1234.3,2369.62,2380.76,False,True,ridge_spline
TR-040897,2025-09-16,Reefer,2101.0,4319.43,4252.79,False,True,ridge_spline
TR-040898,2025-09-16,Reefer,1633.4,3554.88,3600.06,False,True,ridge_spline
TR-040899,2025-09-16,Dry Van,2642.3,4623.71,4778.07,False,True,ridge_spline
TR-040900,2025-09-16,Reefer,2941.1,5703.47,5730.39,False,True,ridge_spline
TR-040901,2025-09-16,Reefer,1049.2,2206.18,2208.51,False,True,ridge_spline
TR-040902,2025-09-16,Dry Van,266.2,664.52,655.04,False,True,ridge_spline
TR-040903,2025-09-16,Dry Van,1876.8,3668.0,3689.13,False,True,ridge_spline
TR-040904,2025-09-16,Dry Van,2591.8,4560.56,4675.33,False,True,ridge_spline
TR-040905,2025-09-16,Dry Van,2791.9,5067.55,5152.57,False,True,ridge_spline
TR-040906,2025-09-16,Reefer,3019.5,6054.32,6059.9,False,True,ridge_spline
TR-040907,2025-09-16,Reefer,363.8,916.15,921.37,False,True,ridge_spline
TR-040908,2025-09-16,Reefer,205.7,623.54,617.43,False,True,ridge_spline
TR-040909,2025-09-16,Reefer,620.9,1477.06,1448.24,False,True,ridge_spline
TR-040910,2025-09-16,Flatbed,547.3,1290.12,1307.12,False,True,ridge_spline
TR-040911,2025-09-16,Dry Van,349.1,817.03,827.02,False,True,ridge_spline
TR-040912,2025-09-16,Dry Van,949.3,1886.02,1907.56,False,True,ridge_spline
TR-040913,2025-09-16,Dry Van,628.2,1249.27,1262.1,False,True,ridge_spline
TR-040914,2025-09-16,Dry Van,1926.1,3605.83,3715.88,False,True,ridge_spline
TR-040915,2025-09-16,Dry Van,765.3,1469.88,1474.86,False,True,ridge_spline
TR-040916,2025-09-16,Dry Van,2742.9,4956.68,5002.5,False,True,ridge_spline
TR-040917,2025-09-16,Reefer,400.1,1015.05,971.81,False,True,ridge_spline
TR-040918,2025-09-16,Dry Van,2180.6,4170.13,4123.44,False,True,ridge_spline
TR-040919,2025-09-16,Flatbed,1776.8,3698.14,3610.82,False,False,ridge_spline
TR-040920,2025-09-16,Reefer,2820.4,5841.12,5918.41,False,True,ridge_spline
TR-040921,2025-09-16,Dry Van,2428.8,4325.09,4405.71,False,True,ridge_spline
TR-040922,2025-09-16,Dry Van,504.2,1147.98,1164.51,False,True,ridge_spline
TR-040923,2025-09-16,Reefer,1935.9,4251.9,4191.5,False,True,ridge_spline
TR-040924,2025-09-16,Reefer,1139.0,2628.86,2552.75,False,True,ridge_spline
TR-040925,2025-09-16,Dry Van,2224.1,4051.53,4021.1,False,True,ridge_spline
TR-040926,2025-09-16,Reefer,1493.1,3250.67,3170.11,False,True,ridge_spline
TR-040927,2025-09-16,Flatbed,477.6,1253.08,1194.24,False,True,ridge_spline
TR-040928,2025-09-16,Reefer,905.5,2238.41,2199.23,False,False,ridge_spline
TR-040929,2025-09-16,Dry Van,345.3,812.56,822.47,False,True,ridge_spline
TR-040930,2025-09-16,Dry Van,419.6,1026.3,1025.95,False,True,ridge_spline
TR-040931,2025-09-16,Reefer,2285.9,4680.29,4798.53,False,True,ridge_spline
TR-040932,2025-09-16,Dry Van,904.7,1793.86,1785.1,False,True,ridge_spline
TR-040933,2025-09-16,Dry Van,1632.9,3078.74,3141.18,False,True,ridge_spline
TR-040934,2025-09-16,Dry Van,1025.0,2014.48,1961.53,False,True,ridge_spline
TR-040935,2025-09-16,Dry Van,760.6,1484.69,1545.64,False,True,ridge_spline
TR-040936,2025-09-16,Reefer,598.7,1499.84,1463.86,False,True,ridge_spline
TR-040937,2025-09-16,Dry Van,944.6,2054.88,2008.68,False,True,ridge_spline
TR-040938,2025-09-16,Reefer,503.8,1219.92,1222.56,False,True,ridge_spline
TR-040939,2025-09-16,Flatbed,549.5,1242.48,1238.88,False,True,ridge_spline
TR-040940,2025-09-16,Dry Van,853.2,1807.11,1838.29,False,True,ridge_spline
TR-040941,2025-09-16,Dry Van,958.3,1979.33,1992.21,False,True,ridge_spline
TR-040942,2025-09-16,Reefer,246.3,667.93,667.81,False,True,ridge_spline
TR-040943,2025-09-16,Flatbed,2217.9,4503.51,4502.74,False,True,ridge_spline
TR-040944,2025-09-16,Dry Van,2043.0,3945.11,3957.18,False,True,ridge_spline
TR-040945,2025-09-16,Dry Van,963.5,1970.18,1966.21,False,True,ridge_spline
TR-040946,2025-09-16,Dry Van,491.0,1087.27,1093.67,False,True,ridge_spline
TR-040947,2025-09-16,Flatbed,771.9,1766.67,1679.11,False,True,ridge_spline
TR-040948,2025-09-16,Dry Van,522.3,1131.77,1138.12,False,True,ridge_spline
TR-040949,2025-09-16,Dry Van,772.9,1521.6,1549.94,False,True,ridge_spline
TR-040950,2025-09-16,Flatbed,1744.7,3868.91,3691.64,False,True,ridge_spline
TR-040951,2025-09-16,Flatbed,1523.4,3185.68,3089.27,False,False,ridge_spline
TR-040952,2025-09-16,Dry Van,1361.5,2638.03,2750.78,False,True,ridge_spline
TR-040953,2025-09-16,Reefer,293.5,839.67,834.06,False,True,ridge_spline
TR-040954,2025-09-16,Dry Van,1382.3,2704.71,2722.64,False,False,ridge_spline
TR-040955,2025-09-16,Flatbed,700.5,1545.62,1525.03,False,True,ridge_spline
TR-040956,2025-09-16,Dry Van,745.0,1558.53,1559.49,False,True,ridge_spline
TR-040957,2025-09-16,Reefer,1722.1,3918.17,3857.52,False,True,ridge_spline
TR-040958,2025-09-16,Dry Van,1253.8,2442.86,2444.8,False,True,ridge_spline
TR-040959,2025-09-16,Reefer,898.2,1982.16,1899.1,False,True,ridge_spline
TR-040960,2025-09-16,Dry Van,248.8,581.45,588.17,False,True,ridge_spline
TR-040961,2025-09-16,Dry Van,1494.9,2852.03,2930.0,False,True,ridge_spline
TR-040962,2025-09-16,Flatbed,556.1,1279.53,1271.84,False,True,ridge_spline
TR-040963,2025-09-16,Dry Van,665.1,1367.88,1392.79,False,True,ridge_spline
TR-040964,2025-09-16,Dry Van,2229.8,4170.61,4153.11,False,True,ridge_spline
TR-040965,2025-09-16,Dry Van,2155.9,3944.47,4036.14,False,True,ridge_spline
TR-040966,2025-09-16,Dry Van,502.9,1081.8,1101.26,False,True,ridge_spline
TR-040967,2025-09-16,Reefer,873.3,2057.08,1994.89,False,True,ridge_spline
TR-040968,2025-09-16,Reefer,1393.1,3174.22,3170.13,False,True,ridge_spline
TR-040969,2025-09-16,Dry Van,1994.1,4067.99,4004.29,False,True,ridge_spline
TR-040970,2025-09-16,Dry Van,1189.3,2224.4,2236.02,False,True,ridge_spline
TR-040971,2025-09-16,Reefer,1595.4,3577.0,3513.04,False,True,ridge_spline
TR-040972,2025-09-16,Dry Van,1120.2,2154.7,2214.38,False,True,ridge_spline
TR-040973,2025-09-16,Flatbed,1231.4,2756.57,2695.96,False,True,ridge_spline
TR-040974,2025-09-16,Dry Van,2137.0,4126.92,4206.65,False,True,ridge_spline
TR-040975,2025-09-16,Reefer,727.4,1659.73,1649.12,False,True,ridge_spline
TR-040976,2025-09-16,Flatbed,2042.8,4080.93,4018.54,False,True,ridge_spline
TR-040977,2025-09-16,Reefer,1150.7,2506.42,2461.62,False,True,ridge_spline
TR-040978,2025-09-16,Flatbed,1932.7,4029.83,3862.74,False,True,ridge_spline
TR-040979,2025-09-16,Dry Van,2109.4,4091.43,4049.79,False,True,ridge_spline
TR-040980,2025-09-16,Dry Van,2209.2,4078.58,4257.96,False,True,ridge_spline
TR-040981,2025-09-16,Flatbed,368.1,934.49,887.74,False,True,ridge_spline
TR-040982,2025-09-16,Dry Van,939.8,1789.68,1816.37,False,True,ridge_spline
TR-040983,2025-09-16,Dry Van,816.1,1687.91,1690.55,False,True,ridge_spline
TR-040984,2025-09-16,Dry Van,1080.0,2134.44,2119.02,False,True,ridge_spline
TR-040985,2025-09-16,Dry Van,482.3,1132.66,1147.65,False,True,ridge_spline
TR-040986,2025-09-16,Dry Van,746.3,1710.51,1674.34,False,True,ridge_spline
TR-040987,2025-09-16,Flatbed,1650.7,3380.14,3315.73,False,True,ridge_spline
TR-040988,2025-09-17,Dry Van,790.1,1617.6,1654.11,False,True,ridge_spline
TR-040989,2025-09-17,Dry Van,420.8,1015.28,993.86,False,True,ridge_spline
TR-040990,2025-09-17,Dry Van,2175.8,4091.01,4054.54,False,True,ridge_spline
TR-040991,2025-09-17,Dry Van,2379.3,4336.7,4390.12,False,True,ridge_spline
TR-040992,2025-09-17,Reefer,1396.3,3262.82,3192.36,False,True,ridge_spline
TR-040993,2025-09-17,Dry Van,2425.3,4567.4,4625.75,False,True,ridge_spline
TR-040994,2025-09-17,Reefer,813.5,1851.07,1847.73,False,True,ridge_spline
TR-040995,2025-09-17,Dry Van,1016.0,2103.06,2060.86,False,True,ridge_spline
TR-040996,2025-09-17,Dry Van,963.9,1839.0,1833.55,False,True,ridge_spline
TR-040997,2025-09-17,Flatbed,542.2,1397.52,1376.32,False,True,ridge_spline
TR-040998,2025-09-17,Dry Van,604.9,1369.61,1379.46,False,True,ridge_spline
TR-040999,2025-09-17,Dry Van,893.7,1714.65,1748.48,False,True,ridge_spline
TR-041000,2025-09-17,Dry Van,718.0,1536.66,1550.75,False,True,ridge_spline
TR-041001,2025-09-17,Dry Van,1012.6,2021.45,2082.61,False,True,ridge_spline
TR-041002,2025-09-17,Dry Van,685.2,1509.8,1473.53,False,True,ridge_spline
TR-041003,2025-09-17,Dry Van,1079.9,2165.33,2146.71,False,True,ridge_spline
TR-041004,2025-09-17,Dry Van,2413.7,4566.56,4671.68,False,True,ridge_spline
TR-041005,2025-09-17,Reefer,2776.6,5892.61,5752.34,False,True,ridge_spline
TR-041006,2025-09-17,Dry Van,2275.9,4118.9,4076.31,False,True,ridge_spline
TR-041007,2025-09-17,Dry Van,296.6,700.67,707.83,False,True,ridge_spline
TR-041008,2025-09-17,Dry Van,2322.9,4223.34,4286.54,False,True,ridge_spline
TR-041009,2025-09-17,Flatbed,2377.9,4943.1,4770.86,False,False,ridge_spline
TR-041010,2025-09-17,Dry Van,371.7,899.51,878.56,False,True,ridge_spline
TR-041011,2025-09-17,Dry Van,946.6,1973.28,1918.27,False,True,ridge_spline
TR-041012,2025-09-17,Reefer,410.2,1165.59,1133.76,False,True,ridge_spline
TR-041013,2025-09-17,Reefer,697.0,1631.56,1620.02,False,True,ridge_spline
TR-041014,2025-09-17,Dry Van,1283.4,2502.95,2469.22,False,True,ridge_spline
TR-041015,2025-09-17,Dry Van,693.7,1476.1,1487.58,False,True,ridge_spline
TR-041016,2025-09-17,Dry Van,1188.2,2313.33,2266.62,False,True,ridge_spline
TR-041017,2025-09-17,Flatbed,1409.3,3052.05,3060.96,False,False,ridge_spline
TR-041018,2025-09-17,Dry Van,1390.8,2829.57,2826.28,False,True,ridge_spline
TR-041019,2025-09-17,Flatbed,1839.7,3938.37,3854.41,False,True,ridge_spline
TR-041020,2025-09-17,Flatbed,1687.4,3648.58,3615.96,False,True,ridge_spline
TR-041021,2025-09-17,Dry Van,672.0,1466.6,1446.8,False,True,ridge_spline
TR-041022,2025-09-17,Dry Van,99.5,273.37,270.85,False,True,ridge_spline
TR-041023,2025-09-17,Flatbed,1367.3,3112.83,3026.27,False,True,ridge_spline
TR-041024,2025-09-17,Dry Van,1180.6,2276.42,2299.14,False,True,ridge_spline
TR-041025,2025-09-17,Dry Van,302.4,729.36,744.6,False,True,ridge_spline
TR-041026,2025-09-17,Flatbed,881.0,2104.11,2101.82,False,True,ridge_spline
TR-041027,2025-09-17,Flatbed,404.2,990.67,949.44,False,True,ridge_spline
TR-041028,2025-09-17,Dry Van,562.0,1197.94,1197.5,False,True,ridge_spline
TR-041029,2025-09-17,Dry Van,673.2,1389.62,1375.72,False,True,ridge_spline
TR-041030,2025-09-17,Reefer,553.3,1335.13,1354.34,False,True,ridge_spline
TR-041031,2025-09-17,Dry Van,1341.2,2728.59,2659.68,False,True,ridge_spline
TR-041032,2025-09-17,Dry Van,231.0,573.51,570.09,False,True,ridge_spline
TR-041033,2025-09-17,Reefer,2106.4,4659.3,4500.61,False,True,ridge_spline
TR-041034,2025-09-17,Dry Van,429.3,988.26,982.04,False,True,ridge_spline
TR-041035,2025-09-17,Dry Van,1423.2,2937.59,2960.49,False,True,ridge_spline
TR-041036,2025-09-17,Flatbed,260.8,714.33,719.79,False,True,ridge_spline
TR-041037,2025-09-17,Dry Van,2431.4,4631.81,4610.97,False,True,ridge_spline
TR-041038,2025-09-17,Reefer,509.2,1360.34,1373.68,False,True,ridge_spline
TR-041039,2025-09-17,Dry Van,534.7,1229.15,1231.34,False,True,ridge_spline
TR-041040,2025-09-17,Dry Van,1017.3,2138.99,2146.12,False,True,ridge_spline
TR-041041,2025-09-17,Flatbed,1838.1,3600.79,3736.45,False,True,ridge_spline
TR-041042,2025-09-17,Dry Van,494.9,1162.72,1163.14,False,True,ridge_spline
TR-041043,2025-09-17,Reefer,1460.0,3135.32,3107.51,False,False,ridge_spline
TR-041044,2025-09-17,Dry Van,1117.0,2066.78,2094.97,False,True,ridge_spline
TR-041045,2025-09-17,Dry Van,1750.3,3598.79,3476.4,False,True,ridge_spline
TR-041046,2025-09-17,Flatbed,1727.6,3908.44,3720.18,False,True,ridge_spline
TR-041047,2025-09-17,Dry Van,912.9,1846.47,1853.75,False,True,ridge_spline
TR-041048,2025-09-17,Reefer,2175.6,4706.92,4597.41,False,True,ridge_spline
TR-041049,2025-09-17,Dry Van,337.6,814.08,808.91,False,True,ridge_spline
TR-041050,2025-09-17,Dry Van,369.1,880.59,881.25,False,True,ridge_spline
TR-041051,2025-09-17,Dry Van,3117.0,5846.36,5920.56,False,True,ridge_spline
TR-041052,2025-09-17,Flatbed,758.7,1720.64,1687.86,False,True,ridge_spline
TR-041053,2025-09-17,Reefer,1427.5,3312.66,3298.3,False,True,ridge_spline
TR-041054,2025-09-17,Flatbed,1783.1,3690.6,3706.78,False,True,ridge_spline
TR-041055,2025-09-17,Dry Van,668.6,1488.08,1505.62,False,True,ridge_spline
TR-041056,2025-09-17,Flatbed,1639.4,3655.47,3571.01,False,True,ridge_spline
TR-041057,2025-09-17,Reefer,1958.8,4523.32,4404.91,False,True,ridge_spline
TR-041058,2025-09-17,Dry Van,1645.5,3177.01,3175.6,False,True,ridge_spline
TR-041059,2025-09-17,Reefer,2353.6,5112.3,4942.0,False,True,ridge_spline
TR-041060,2025-09-17,Flatbed,564.5,1371.31,1349.68,False,True,ridge_spline
TR-041061,2025-09-17,Reefer,3032.3,6357.66,6270.96,False,True,ridge_spline
TR-041062,2025-09-17,Dry Van,2192.5,4269.7,4271.03,False,True,ridge_spline
TR-041063,2025-09-17,Dry Van,2092.9,3970.47,3896.64,False,True,ridge_spline
TR-041064,2025-09-17,Dry Van,165.9,452.28,449.54,False,True,ridge_spline
TR-041065,2025-09-17,Dry Van,445.1,959.77,949.82,False,True,ridge_spline
TR-041066,2025-09-17,Dry Van,1330.0,2751.84,2688.16,False,True,ridge_spline
TR-041067,2025-09-17,Flatbed,345.2,911.83,923.0,False,True,ridge_spline
TR-041068,2025-09-17,Dry Van,553.4,1119.2,1126.23,False,True,ridge_spline
TR-041069,2025-09-17,Dry Van,659.0,1404.58,1403.07,False,True,ridge_spline
TR-041070,2025-09-17,Dry Van,678.6,1388.78,1402.87,False,True,ridge_spline
TR-041071,2025-09-17,Reefer,755.7,1679.9,1743.32,False,True,ridge_spline
TR-041072,2025-09-17,Reefer,1241.7,2806.83,2765.98,False,True,ridge_spline
TR-041073,2025-09-17,Reefer,391.4,960.78,964.53,False,True,ridge_spline
TR-041074,2025-09-17,Flatbed,608.8,1470.55,1427.15,False,True,ridge_spline
TR-041075,2025-09-17,Flatbed,2077.9,4412.66,4339.68,False,True,ridge_spline
TR-041076,2025-09-17,Flatbed,785.6,1701.66,1741.79,False,False,ridge_spline
TR-041077,2025-09-17,Dry Van,1979.0,3611.76,3628.2,False,True,ridge_spline
TR-041078,2025-09-17,Dry Van,530.2,1248.13,1225.7,False,True,ridge_spline
TR-041079,2025-09-17,Flatbed,1150.9,2579.63,2527.12,False,True,ridge_spline
TR-041080,2025-09-17,Dry Van,1481.8,2995.71,2936.41,False,True,ridge_spline
TR-041081,2025-09-17,Reefer,2529.3,5378.9,5344.45,False,True,ridge_spline
TR-041082,2025-09-17,Reefer,545.0,1445.94,1407.72,False,True,ridge_spline
TR-041083,2025-09-17,Reefer,1259.0,2932.57,2913.37,False,True,ridge_spline
TR-041084,2025-09-17,Reefer,1202.7,2622.63,2616.66,False,True,ridge_spline
TR-041085,2025-09-17,Dry Van,912.7,1931.11,1893.83,False,True,ridge_spline
TR-041086,2025-09-17,Flatbed,552.5,1278.61,1270.3,False,True,ridge_spline
TR-041087,2025-09-17,Flatbed,1315.6,2749.07,2746.75,False,True,ridge_spline
TR-041088,2025-09-17,Reefer,1775.6,3878.08,3783.64,False,True,ridge_spline
TR-041089,2025-09-17,Dry Van,354.9,3848.82,816.97,True,True,ridge_spline
TR-041090,2025-09-17,Reefer,587.7,1368.56,1394.22,False,True,ridge_spline
TR-041091,2025-09-17,Dry Van,488.5,1073.49,1080.29,False,True,ridge_spline
TR-041092,2025-09-17,Dry Van,322.3,814.99,791.9,False,True,ridge_spline
TR-041093,2025-09-17,Reefer,1708.2,3588.73,3615.8,False,True,ridge_spline
TR-041094,2025-09-17,Flatbed,1233.1,2577.91,2542.11,False,False,ridge_spline
TR-041095,2025-09-17,Reefer,2012.7,4132.31,4284.69,False,True,ridge_spline
TR-041096,2025-09-17,Dry Van,1481.6,2885.53,2881.49,False,True,ridge_spline
TR-041097,2025-09-17,Dry Van,2900.1,5317.19,5283.24,False,True,ridge_spline
TR-041098,2025-09-17,Dry Van,326.6,791.36,782.48,False,True,ridge_spline
TR-041099,2025-09-17,Dry Van,1475.1,2796.78,2839.56,False,True,ridge_spline
TR-041100,2025-09-17,Dry Van,494.1,1162.66,1140.91,False,True,ridge_spline
TR-041101,2025-09-17,Dry Van,1355.1,2826.87,2760.33,False,True,ridge_spline
TR-041102,2025-09-17,Dry Van,1461.4,2943.01,2895.43,False,True,ridge_spline
TR-041103,2025-09-17,Flatbed,803.5,1914.6,1836.24,False,True,ridge_spline
TR-041104,2025-09-17,Dry Van,1256.2,2533.96,2469.18,False,True,ridge_spline
TR-041105,2025-09-17,Reefer,2471.7,5358.59,5314.91,False,True,ridge_spline
TR-041106,2025-09-17,Dry Van,585.4,1338.09,1340.26,False,True,ridge_spline
TR-041107,2025-09-17,Dry Van,155.9,414.0,420.61,False,True,ridge_spline
TR-041108,2025-09-17,Dry Van,1961.7,3889.04,3770.98,False,True,ridge_spline
TR-041109,2025-09-17,Dry Van,112.9,316.38,315.95,False,True,ridge_spline
TR-041110,2025-09-17,Reefer,517.9,1317.55,1302.45,False,True,ridge_spline
TR-041111,2025-09-17,Dry Van,456.2,999.43,1005.39,False,True,ridge_spline
TR-041112,2025-09-17,Dry Van,908.7,2000.33,1970.2,False,True,ridge_spline
TR-041113,2025-09-17,Reefer,731.7,1650.1,1624.65,False,True,ridge_spline
TR-041114,2025-09-17,Reefer,2807.6,5395.2,5470.03,False,True,ridge_spline
TR-041115,2025-09-17,Dry Van,1062.9,2252.16,2233.56,False,True,ridge_spline
TR-041116,2025-09-17,Dry Van,274.0,624.09,626.7,False,True,ridge_spline
TR-041117,2025-09-17,Reefer,1319.8,2935.57,2911.41,False,False,ridge_spline
TR-041118,2025-09-17,Flatbed,1615.5,3551.15,3432.3,False,True,ridge_spline
TR-041119,2025-09-17,Reefer,319.9,918.41,903.61,False,True,ridge_spline
TR-041120,2025-09-17,Flatbed,2885.5,5576.86,5399.72,False,True,ridge_spline
TR-041121,2025-09-17,Dry Van,1612.0,3261.98,3210.51,False,True,ridge_spline
TR-041122,2025-09-17,Dry Van,410.8,992.4,977.74,False,True,ridge_spline
TR-041123,2025-09-17,Reefer,960.3,2275.66,2247.71,False,True,ridge_spline
TR-041124,2025-09-17,Reefer,372.8,1031.93,995.44,False,True,ridge_spline
TR-041125,2025-09-17,Reefer,991.2,2383.15,2369.22,False,True,ridge_spline
TR-041126,2025-09-17,Dry Van,2051.3,3999.28,4023.42,False,True,ridge_spline
TR-041127,2025-09-17,Dry Van,303.5,796.55,793.5,False,True,ridge_spline
TR-041128,2025-09-17,Flatbed,2559.0,5227.72,5014.99,False,True,ridge_spline
TR-041129,2025-09-17,Reefer,1564.9,3322.27,3448.58,False,True,ridge_spline
TR-041130,2025-09-17,Reefer,731.9,1805.75,1772.08,False,True,ridge_spline
TR-041131,2025-09-17,Dry Van,378.6,897.02,917.26,False,True,ridge_spline
TR-041132,2025-09-17,Flatbed,2666.7,5307.92,5293.15,False,True,ridge_spline
TR-041133,2025-09-17,Reefer,698.6,1599.52,1602.57,False,True,ridge_spline
TR-041134,2025-09-17,Dry Van,744.2,1503.91,1549.89,False,True,ridge_spline
TR-041135,2025-09-17,Dry Van,1226.1,2470.32,2417.17,False,True,ridge_spline
TR-041136,2025-09-17,Dry Van,353.3,837.75,851.35,False,True,ridge_spline
TR-041137,2025-09-17,Dry Van,825.9,1786.6,1778.47,False,True,ridge_spline
TR-041138,2025-09-17,Reefer,2021.7,4381.32,4375.23,False,True,ridge_spline
TR-041139,2025-09-18,Reefer,450.1,1182.12,1165.03,False,True,ridge_spline
TR-041140,2025-09-18,Dry Van,845.4,1790.79,1837.91,False,True,ridge_spline
TR-041141,2025-09-18,Dry Van,1112.0,2372.58,2359.75,False,True,ridge_spline
TR-041142,2025-09-18,Dry Van,546.7,1245.98,1223.57,False,True,ridge_spline
TR-041143,2025-09-18,Reefer,951.8,2246.24,2238.3,False,True,ridge_spline
TR-041144,2025-09-18,Reefer,381.6,980.22,989.47,False,True,ridge_spline
TR-041145,2025-09-18,Flatbed,328.9,859.17,875.62,False,True,ridge_spline
TR-041146,2025-09-18,Dry Van,1590.3,3153.62,3196.8,False,True,ridge_spline
TR-041147,2025-09-18,Dry Van,1006.6,1933.02,1981.08,False,True,ridge_spline
TR-041148,2025-09-18,Flatbed,2735.9,5495.7,5363.17,False,True,ridge_spline
TR-041149,2025-09-18,Dry Van,175.6,436.95,443.8,False,True,ridge_spline
TR-041150,2025-09-18,Dry Van,937.8,2059.06,2065.68,False,True,ridge_spline
TR-041151,2025-09-18,Dry Van,1788.2,3435.44,3465.06,False,True,ridge_spline
TR-041152,2025-09-18,Dry Van,1406.1,2781.29,2825.61,False,True,ridge_spline
TR-041153,2025-09-18,Dry Van,953.7,1843.05,1927.79,False,True,ridge_spline
TR-041154,2025-09-18,Dry Van,953.6,1946.98,1928.67,False,True,ridge_spline
TR-041155,2025-09-18,Dry Van,1142.8,2332.46,2382.24,False,True,ridge_spline
TR-041156,2025-09-18,Reefer,2680.4,5695.78,5646.3,False,True,ridge_spline
TR-041157,2025-09-18,Flatbed,909.0,2032.48,1973.26,False,True,ridge_spline
TR-041158,2025-09-18,Reefer,1643.0,3604.9,3470.9,False,False,ridge_spline
TR-041159,2025-09-18,Flatbed,2543.9,5154.0,4974.25,False,True,ridge_spline
TR-041160,2025-09-18,Dry Van,660.6,1341.43,1356.77,False,True,ridge_spline
TR-041161,2025-09-18,Reefer,305.2,836.33,825.97,False,True,ridge_spline
TR-041162,2025-09-18,Dry Van,1959.5,3815.87,3770.57,False,True,ridge_spline
TR-041163,2025-09-18,Reefer,946.1,885.17,2156.08,True,True,ridge_spline
TR-041164,2025-09-18,Flatbed,1835.2,4030.69,3908.19,False,True,ridge_spline
TR-041165,2025-09-18,Reefer,918.5,2164.8,2176.98,False,True,ridge_spline
TR-041166,2025-09-18,Dry Van,499.4,1115.02,1112.91,False,True,ridge_spline
TR-041167,2025-09-18,Dry Van,1715.6,3388.51,3386.68,False,True,ridge_spline
TR-041168,2025-09-18,Dry Van,1879.1,3529.08,3652.26,False,True,ridge_spline
TR-041169,2025-09-18,Dry Van,1695.0,3266.65,3334.54,False,True,ridge_spline
TR-041170,2025-09-18,Dry Van,936.5,2045.91,2002.35,False,True,ridge_spline
TR-041171,2025-09-18,Reefer,395.7,1042.37,1023.67,False,True,ridge_spline
TR-041172,2025-09-18,Flatbed,518.4,1264.25,1234.79,False,True,ridge_spline
TR-041173,2025-09-18,Reefer,1355.4,3029.19,3053.0,False,True,ridge_spline
TR-041174,2025-09-18,Dry Van,427.0,1065.43,1049.27,False,True,ridge_spline
TR-041175,2025-09-18,Dry Van,507.2,1037.51,1043.83,False,True,ridge_spline
TR-041176,2025-09-18,Reefer,979.8,2417.3,2355.78,False,True,ridge_spline
TR-041177,2025-09-18,Reefer,1768.0,4019.3,3983.84,False,True,ridge_spline
TR-041178,2025-09-18,Dry Van,1374.9,2703.52,2771.92,False,True,ridge_spline
TR-041179,2025-09-18,Dry Van,713.3,1567.93,1543.04,False,True,ridge_spline
TR-041180,2025-09-18,Dry Van,729.9,1649.02,1635.21,False,True,ridge_spline
TR-041181,2025-09-18,Reefer,2721.2,5797.14,5730.37,False,True,ridge_spline
TR-041182,2025-09-18,Flatbed,928.0,2220.74,2193.51,False,True,ridge_spline
TR-041183,2025-09-18,Flatbed,529.9,1321.15,1363.37,False,True,ridge_spline
TR-041184,2025-09-18,Dry Van,780.7,1567.88,1588.73,False,True,ridge_spline
TR-041185,2025-09-18,Dry Van,2787.3,5298.62,5216.65,False,True,ridge_spline
TR-041186,2025-09-18,Flatbed,2075.6,4547.86,4397.28,False,True,ridge_spline
TR-041187,2025-09-18,Dry Van,400.7,885.3,902.78,False,True,ridge_spline
TR-041188,2025-09-18,Dry Van,2960.1,5223.67,5150.97,False,True,ridge_spline
TR-041189,2025-09-18,Reefer,828.3,1986.74,1959.57,False,True,ridge_spline
TR-041190,2025-09-18,Dry Van,658.7,1416.04,1472.89,False,True,ridge_spline
TR-041191,2025-09-18,Flatbed,986.2,2259.09,2214.49,False,False,ridge_spline
TR-041192,2025-09-18,Dry Van,1527.4,3119.9,3092.54,False,True,ridge_spline
TR-041193,2025-09-18,Dry Van,1246.6,2612.11,2575.86,False,False,ridge_spline
TR-041194,2025-09-18,Flatbed,464.6,1167.77,1097.35,False,False,ridge_spline
TR-041195,2025-09-18,Dry Van,1109.4,2337.65,2246.45,False,True,ridge_spline
TR-041196,2025-09-18,Dry Van,2655.2,4868.18,4905.83,False,True,ridge_spline
TR-041197,2025-09-18,Dry Van,2123.9,3972.67,3937.01,False,True,ridge_spline
TR-041198,2025-09-18,Dry Van,2100.5,4109.95,4128.18,False,True,ridge_spline
TR-041199,2025-09-18,Dry Van,988.1,1958.31,1991.17,False,True,ridge_spline
TR-041200,2025-09-18,Dry Van,1042.0,2130.39,2178.75,False,True,ridge_spline
TR-041201,2025-09-18,Reefer,755.3,1788.14,1815.95,False,True,ridge_spline
TR-041202,2025-09-18,Reefer,876.5,2137.06,2121.47,False,True,ridge_spline
TR-041203,2025-09-18,Dry Van,1908.0,3595.28,3580.33,False,True,ridge_spline
TR-041204,2025-09-18,Reefer,976.1,2314.91,2258.36,False,True,ridge_spline
TR-041205,2025-09-18,Dry Van,1905.8,3538.35,3580.3,False,True,ridge_spline
TR-041206,2025-09-18,Dry Van,1882.8,3771.62,3766.54,False,True,ridge_spline
TR-041207,2025-09-18,Dry Van,234.0,564.55,574.69,False,True,ridge_spline
TR-041208,2025-09-18,Dry Van,1643.8,3055.45,3087.7,False,True,ridge_spline
TR-041209,2025-09-18,Reefer,3044.8,6586.76,6385.89,False,True,ridge_spline
TR-041210,2025-09-18,Reefer,662.7,1752.61,1715.26,False,True,ridge_spline
TR-041211,2025-09-18,Reefer,850.9,2056.74,2024.3,False,False,ridge_spline
TR-041212,2025-09-18,Dry Van,461.2,1099.58,1072.37,False,True,ridge_spline
TR-041213,2025-09-18,Flatbed,873.4,2031.94,1961.69,False,True,ridge_spline
TR-041214,2025-09-18,Dry Van,2262.9,4129.46,4177.61,False,True,ridge_spline
TR-041215,2025-09-18,Flatbed,1861.4,4083.22,3992.34,False,True,ridge_spline
TR-041216,2025-09-18,Reefer,559.9,1344.15,1318.9,False,True,ridge_spline
TR-041217,2025-09-18,Dry Van,926.0,1770.17,1821.15,False,True,ridge_spline
TR-041218,2025-09-18,Dry Van,447.6,1027.87,1029.45,False,True,ridge_spline
TR-041219,2025-09-18,Reefer,741.3,1771.04,1750.22,False,True,ridge_spline
TR-041220,2025-09-18,Reefer,159.4,478.02,487.27,False,False,ridge_spline
TR-041221,2025-09-18,Reefer,931.6,2240.88,2223.95,False,True,ridge_spline
TR-041222,2025-09-18,Dry Van,2390.0,4419.92,4535.54,False,True,ridge_spline
TR-041223,2025-09-18,Dry Van,407.6,929.25,929.48,False,True,ridge_spline
TR-041224,2025-09-18,Flatbed,1728.2,3628.7,3544.29,False,True,ridge_spline
TR-041225,2025-09-18,Reefer,896.0,2265.66,2204.07,False,True,ridge_spline
TR-041226,2025-09-18,Dry Van,832.3,1740.58,1752.08,False,True,ridge_spline
TR-041227,2025-09-18,Dry Van,801.4,1650.49,1669.23,False,True,ridge_spline
TR-041228,2025-09-18,Reefer,2250.1,4786.14,4827.12,False,True,ridge_spline
TR-041229,2025-09-18,Dry Van,928.4,1915.64,1929.58,False,True,ridge_spline
TR-041230,2025-09-18,Reefer,1344.4,2864.86,2982.31,False,True,ridge_spline
TR-041231,2025-09-18,Flatbed,1049.2,2342.44,2291.68,False,True,ridge_spline
TR-041232,2025-09-18,Reefer,366.0,987.48,967.93,False,True,ridge_spline
TR-041233,2025-09-18,Dry Van,1098.9,2390.47,2327.57,False,True,ridge_spline
TR-041234,2025-09-18,Reefer,2743.0,5812.57,5782.17,False,True,ridge_spline
TR-041235,2025-09-18,Dry Van,434.2,1047.42,1023.34,False,True,ridge_spline
TR-041236,2025-09-18,Dry Van,2854.4,5446.12,5406.17,False,False,ridge_spline
TR-041237,2025-09-18,Dry Van,368.4,800.45,792.03,False,True,ridge_spline
TR-041238,2025-09-18,Dry Van,434.8,995.21,1008.54,False,True,ridge_spline
TR-041239,2025-09-18,Dry Van,1490.5,2915.4,2890.44,False,True,ridge_spline
TR-041240,2025-09-18,Dry Van,1212.1,2328.57,2385.83,False,True,ridge_spline
TR-041241,2025-09-18,Reefer,1403.9,2995.54,3020.1,False,True,ridge_spline
TR-041242,2025-09-18,Dry Van,2929.2,4914.73,5097.37,False,True,ridge_spline
TR-041243,2025-09-18,Dry Van,1997.6,3696.63,3788.06,False,True,ridge_spline
TR-041244,2025-09-18,Flatbed,2365.7,4894.62,4817.03,False,True,ridge_spline
TR-041245,2025-09-18,Dry Van,1435.2,2822.47,2800.81,False,True,ridge_spline
TR-041246,2025-09-18,Dry Van,431.4,966.91,967.02,False,True,ridge_spline
TR-041247,2025-09-18,Reefer,916.3,2294.9,2215.72,False,True,ridge_spline
TR-041248,2025-09-18,Reefer,765.5,1917.68,1859.0,False,True,ridge_spline
TR-041249,2025-09-18,Reefer,493.4,1337.6,1315.89,False,True,ridge_spline
TR-041250,2025-09-18,Dry Van,1906.7,3669.73,3708.22,False,True,ridge_spline
TR-041251,2025-09-18,Dry Van,1220.0,2518.18,2464.68,False,True,ridge_spline
TR-041252,2025-09-18,Reefer,510.4,1315.02,1258.11,False,True,ridge_spline
TR-041253,2025-09-18,Dry Van,752.7,1542.34,1565.62,False,True,ridge_spline
TR-041254,2025-09-18,Dry Van,562.6,1246.18,1256.67,False,True,ridge_spline
TR-041255,2025-09-18,Reefer,192.5,599.39,582.71,False,True,ridge_spline
TR-041256,2025-09-18,Flatbed,1838.4,4103.83,3979.75,False,True,ridge_spline
TR-041257,2025-09-18,Dry Van,936.7,2050.57,2075.2,False,True,ridge_spline
TR-041258,2025-09-18,Flatbed,964.1,2133.38,2113.99,False,True,ridge_spline
TR-041259,2025-09-18,Dry Van,2264.9,4187.8,4125.73,False,True,ridge_spline
TR-041260,2025-09-18,Flatbed,1528.1,3405.96,3309.44,False,False,ridge_spline
TR-041261,2025-09-18,Reefer,371.2,966.93,963.36,False,True,ridge_spline
TR-041262,2025-09-18,Dry Van,276.3,683.55,664.7,False,True,ridge_spline
TR-041263,2025-09-18,Dry Van,1500.6,3083.47,3050.25,False,True,ridge_spline
TR-041264,2025-09-18,Flatbed,1077.8,2349.97,2338.15,False,True,ridge_spline
TR-041265,2025-09-18,Dry Van,521.2,1089.72,1110.98,False,True,ridge_spline
TR-041266,2025-09-18,Dry Van,611.5,1388.56,1416.53,False,True,ridge_spline
TR-041267,2025-09-18,Dry Van,475.7,1096.12,1100.06,False,True,ridge_spline
TR-041268,2025-09-18,Flatbed,116.9,386.27,377.59,False,True,ridge_spline
TR-041269,2025-09-18,Flatbed,447.2,1155.18,1118.05,False,True,ridge_spline
TR-041270,2025-09-18,Dry Van,205.7,535.96,518.58,False,True,ridge_spline
TR-041271,2025-09-18,Flatbed,1247.4,2817.62,2669.52,False,True,ridge_spline
TR-041272,2025-09-18,Dry Van,913.8,1850.05,1870.19,False,True,ridge_spline
TR-041273,2025-09-18,Dry Van,2845.8,4899.37,5000.81,False,True,ridge_spline
TR-041274,2025-09-18,Reefer,1053.9,2715.31,2577.85,False,True,ridge_spline
TR-041275,2025-09-18,Dry Van,328.2,757.99,755.38,False,True,ridge_spline
TR-041276,2025-09-18,Flatbed,676.0,1657.2,1607.01,False,True,ridge_spline
TR-041277,2025-09-18,Dry Van,574.6,1187.35,1192.01,False,False,ridge_spline
TR-041278,2025-09-18,Flatbed,239.7,657.12,627.33,False,True,ridge_spline
TR-041279,2025-09-18,Dry Van,694.4,1626.15,1581.02,False,True,ridge_spline
TR-041280,2025-09-18,Dry Van,677.8,1558.19,1530.93,False,True,ridge_spline
TR-041281,2025-09-18,Dry Van,580.1,1344.39,1320.0,False,True,ridge_spline
TR-041282,2025-09-18,Reefer,349.1,897.6,878.34,False,True,ridge_spline
TR-041283,2025-09-18,Reefer,680.8,1636.88,1631.79,False,True,ridge_spline
TR-041284,2025-09-18,Dry Van,776.4,1756.73,1676.05,False,True,ridge_spline
TR-041285,2025-09-18,Dry Van,1548.5,3063.44,2965.19,False,True,ridge_spline
TR-041286,2025-09-18,Reefer,294.1,816.57,811.93,False,True,ridge_spline
TR-041287,2025-09-18,Dry Van,844.3,1765.83,1784.72,False,True,ridge_spline
TR-041288,2025-09-18,Dry Van,2799.5,5166.2,5006.99,False,True,ridge_spline
TR-041289,2025-09-18,Dry Van,1089.0,2083.43,2120.18,False,True,ridge_spline
TR-041290,2025-09-18,Reefer,2306.1,4607.16,4582.06,False,True,ridge_spline
TR-041291,2025-09-18,Dry Van,346.3,779.84,759.44,False,True,ridge_spline
TR-041292,2025-09-18,Dry Van,346.5,836.28,812.62,False,True,ridge_spline
TR-041293,2025-09-18,Dry Van,1710.1,3176.84,3245.21,False,True,ridge_spline
TR-041294,2025-09-18,Dry Van,190.7,495.46,488.7,False,True,ridge_spline
TR-041295,2025-09-18,Reefer,1968.0,4347.36,4260.25,False,True,ridge_spline
TR-041296,2025-09-18,Dry Van,2110.6,4178.51,4160.62,False,True,ridge_spline
TR-041297,2025-09-18,Dry Van,1470.7,3006.37,2997.12,False,True,ridge_spline
TR-041298,2025-09-18,Dry Van,2266.5,4053.08,4127.45,False,True,ridge_spline
TR-041299,2025-09-18,Reefer,659.6,1607.34,1595.03,False,True,ridge_spline
TR-041300,2025-09-18,Dry Van,896.6,1949.7,1966.64,False,True,ridge_spline
TR-041301,2025-09-18,Reefer,1744.5,3802.99,3770.4,False,False,ridge_spline
TR-041302,2025-09-18,Dry Van,745.7,1483.86,1535.05,False,True,ridge_spline
TR-041303,2025-09-18,Flatbed,1216.4,2759.78,2663.05,False,True,ridge_spline
TR-041304,2025-09-18,Dry Van,738.7,1445.84,1476.88,False,True,ridge_spline
TR-041305,2025-09-18,Dry Van,789.6,1615.1,1605.65,False,True,ridge_spline
TR-041306,2025-09-18,Reefer,1149.4,2584.15,2602.07,False,True,ridge_spline
TR-041307,2025-09-18,Dry Van,847.3,405.1,1876.26,True,True,ridge_spline
TR-041308,2025-09-18,Dry Van,1752.4,3412.56,3397.54,False,True,ridge_spline
TR-041309,2025-09-18,Flatbed,1933.1,4087.21,4086.85,False,False,ridge_spline
TR-041310,2025-09-18,Dry Van,1763.7,3359.31,3307.96,False,True,ridge_spline
TR-041311,2025-09-18,Dry Van,1185.6,2325.78,2377.5,False,True,ridge_spline
TR-041312,2025-09-18,Dry Van,1395.5,2730.21,2671.39,False,True,ridge_spline
TR-041313,2025-09-19,Dry Van,333.3,826.67,828.33,False,True,ridge_spline
TR-041314,2025-09-19,Reefer,789.7,1962.07,1971.81,False,True,ridge_spline
TR-041315,2025-09-19,Flatbed,427.8,1166.63,1119.0,False,False,ridge_spline
TR-041316,2025-09-19,Dry Van,1342.0,2564.42,2563.85,False,True,ridge_spline
TR-041317,2025-09-19,Flatbed,217.8,600.81,583.68,False,True,ridge_spline
TR-041318,2025-09-19,Reefer,1854.2,4014.66,3989.79,False,True,ridge_spline
TR-041319,2025-09-19,Flatbed,2170.8,4738.37,4581.35,False,True,ridge_spline
TR-041320,2025-09-19,Dry Van,1038.3,2092.82,2087.97,False,True,ridge_spline
TR-041321,2025-09-19,Dry Van,1618.1,3163.26,3126.12,False,True,ridge_spline
TR-041322,2025-09-19,Dry Van,1008.4,2019.13,2036.3,False,True,ridge_spline
TR-041323,2025-09-19,Dry Van,1394.5,2802.25,2746.17,False,True,ridge_spline
TR-041324,2025-09-19,Reefer,873.8,2066.97,2021.82,False,True,ridge_spline
TR-041325,2025-09-19,Dry Van,2478.6,4590.43,4652.99,False,True,ridge_spline
TR-041326,2025-09-19,Dry Van,1790.8,3670.77,3504.37,False,True,ridge_spline
TR-041327,2025-09-19,Dry Van,2391.1,4250.42,4289.03,False,True,ridge_spline
TR-041328,2025-09-19,Dry Van,220.6,572.29,565.63,False,True,ridge_spline
TR-041329,2025-09-19,Reefer,1748.9,3894.84,3830.44,False,True,ridge_spline
TR-041330,2025-09-19,Dry Van,806.3,1665.41,1637.92,False,True,ridge_spline
TR-041331,2025-09-19,Dry Van,721.1,1549.99,1567.99,False,True,ridge_spline
TR-041332,2025-09-19,Reefer,117.9,373.8,380.36,False,True,ridge_spline
TR-041333,2025-09-19,Dry Van,84.9,249.46,251.62,False,True,ridge_spline
TR-041334,2025-09-19,Dry Van,924.0,1841.98,1862.67,False,True,ridge_spline
TR-041335,2025-09-19,Flatbed,901.8,2160.19,2034.3,False,True,ridge_spline
TR-041336,2025-09-19,Dry Van,2862.7,4847.31,5051.56,False,True,ridge_spline
TR-041337,2025-09-19,Reefer,2597.5,5106.42,5102.69,False,True,ridge_spline
TR-041338,2025-09-19,Reefer,1198.0,2911.96,2779.06,False,True,ridge_spline
TR-041339,2025-09-19,Dry Van,851.6,1809.62,1796.89,False,True,ridge_spline
TR-041340,2025-09-19,Dry Van,1115.4,2273.21,2292.91,False,True,ridge_spline
TR-041341,2025-09-19,Flatbed,822.6,2039.79,2008.73,False,True,ridge_spline
TR-041342,2025-09-19,Reefer,2059.3,4417.79,4403.52,False,True,ridge_spline
TR-041343,2025-09-19,Dry Van,1344.7,2867.1,2792.36,False,True,ridge_spline
TR-041344,2025-09-19,Reefer,1588.7,3683.21,3608.12,False,True,ridge_spline
TR-041345,2025-09-19,Flatbed,1591.3,3549.61,3531.34,False,True,ridge_spline
TR-041346,2025-09-19,Reefer,163.6,469.54,460.02,False,False,ridge_spline
TR-041347,2025-09-19,Dry Van,751.1,1551.3,1573.82,False,True,ridge_spline
TR-041348,2025-09-19,Dry Van,1224.1,2382.54,2392.1,False,True,ridge_spline
TR-041349,2025-09-19,Dry Van,2301.9,4489.53,4473.59,False,True,ridge_spline
TR-041350,2025-09-19,Dry Van,1968.8,3701.37,3751.18,False,True,ridge_spline
TR-041351,2025-09-19,Dry Van,305.5,717.35,718.35,False,True,ridge_spline
TR-041352,2025-09-19,Flatbed,363.9,918.88,888.47,False,False,ridge_spline
TR-041353,2025-09-19,Flatbed,1070.0,2313.34,2297.35,False,True,ridge_spline
TR-041354,2025-09-19,Reefer,1307.7,3012.74,2954.7,False,True,ridge_spline
TR-041355,2025-09-19,Flatbed,2573.4,5178.86,5034.88,False,True,ridge_spline
TR-041356,2025-09-19,Dry Van,871.0,1862.86,1897.61,False,True,ridge_spline
TR-041357,2025-09-19,Dry Van,2133.1,3962.57,4047.6,False,True,ridge_spline
TR-041358,2025-09-19,Dry Van,132.2,348.25,351.88,False,True,ridge_spline
TR-041359,2025-09-19,Dry Van,1359.4,2798.54,2730.26,False,True,ridge_spline
TR-041360,2025-09-19,Dry Van,1450.4,2912.78,2843.64,False,True,ridge_spline
TR-041361,2025-09-19,Dry Van,2216.3,4193.39,4098.58,False,True,ridge_spline
TR-041362,2025-09-19,Dry Van,1106.1,2333.95,2328.63,False,True,ridge_spline
TR-041363,2025-09-19,Flatbed,182.7,545.4,526.56,False,True,ridge_spline
TR-041364,2025-09-19,Dry Van,918.6,1823.61,1865.62,False,True,ridge_spline
TR-041365,2025-09-19,Flatbed,427.6,1131.31,1060.75,False,True,ridge_spline
TR-041366,2025-09-19,Dry Van,378.1,880.09,878.87,False,True,ridge_spline
TR-041367,2025-09-19,Reefer,1083.3,2446.13,2551.26,False,True,ridge_spline
TR-041368,2025-09-19,Dry Van,1044.3,432.04,2109.32,True,True,ridge_spline
TR-041369,2025-09-19,Reefer,1272.8,2825.22,2889.85,False,False,ridge_spline
TR-041370,2025-09-19,Flatbed,633.1,1526.78,1482.99,False,True,ridge_spline
TR-041371,2025-09-19,Dry Van,453.7,1058.42,1055.04,False,True,ridge_spline
TR-041372,2025-09-19,Reefer,636.9,1601.24,1527.97,False,True,ridge_spline
TR-041373,2025-09-19,Reefer,1720.0,3788.58,3619.54,False,True,ridge_spline
TR-041374,2025-09-19,Reefer,461.2,1235.15,1181.05,False,True,ridge_spline
TR-041375,2025-09-19,Dry Van,1221.7,2413.33,2450.68,False,True,ridge_spline
TR-041376,2025-09-19,Dry Van,1132.6,2272.44,2293.87,False,True,ridge_spline
TR-041377,2025-09-19,Reefer,795.2,1969.29,1988.21,False,True,ridge_spline
TR-041378,2025-09-19,Dry Van,1756.2,3317.48,3332.32,False,True,ridge_spline
TR-041379,2025-09-19,Reefer,642.1,1566.34,1569.93,False,True,ridge_spline
TR-041380,2025-09-19,Dry Van,489.1,1111.1,1123.01,False,True,ridge_spline
TR-041381,2025-09-19,Dry Van,1384.6,2600.02,2665.2,False,True,ridge_spline
TR-041382,2025-09-19,Reefer,518.9,1354.98,1298.07,False,True,ridge_spline
TR-041383,2025-09-19,Flatbed,348.7,897.45,866.72,False,True,ridge_spline
TR-041384,2025-09-19,Dry Van,2186.8,3963.16,3981.58,False,True,ridge_spline
TR-041385,2025-09-19,Dry Van,1041.0,2136.16,2153.96,False,True,ridge_spline
TR-041386,2025-09-19,Dry Van,2743.5,4859.45,5034.67,False,True,ridge_spline
TR-041387,2025-09-19,Dry Van,2281.5,4167.22,4215.54,False,True,ridge_spline
TR-041388,2025-09-19,Reefer,1806.5,4020.92,3960.67,False,True,ridge_spline
TR-041389,2025-09-19,Reefer,1441.2,3264.88,3292.77,False,True,ridge_spline
TR-041390,2025-09-19,Dry Van,1795.1,3581.05,3462.02,False,True,ridge_spline
TR-041391,2025-09-19,Reefer,834.9,2090.09,2048.63,False,True,ridge_spline
TR-041392,2025-09-19,Dry Van,939.5,1915.77,1889.33,False,True,ridge_spline
TR-041393,2025-09-19,Dry Van,747.4,1493.8,1511.98,False,True,ridge_spline
TR-041394,2025-09-19,Flatbed,2815.0,5809.72,5681.13,False,True,ridge_spline
TR-041395,2025-09-19,Reefer,735.4,1860.36,1866.15,False,True,ridge_spline
TR-041396,2025-09-19,Dry Van,294.3,718.21,703.35,False,True,ridge_spline
TR-041397,2025-09-19,Dry Van,2037.3,3752.22,3742.83,False,True,ridge_spline
TR-041398,2025-09-19,Dry Van,411.2,1009.11,996.25,False,True,ridge_spline
TR-041399,2025-09-19,Flatbed,762.1,1688.02,1650.65,False,True,ridge_spline
TR-041400,2025-09-19,Dry Van,254.9,675.49,664.25,False,True,ridge_spline
TR-041401,2025-09-19,Dry Van,475.4,1092.65,1037.03,False,True,ridge_spline
TR-041402,2025-09-19,Dry Van,1182.5,2445.31,2463.51,False,True,ridge_spline
TR-041403,2025-09-19,Flatbed,609.6,1575.86,1533.23,False,True,ridge_spline
TR-041404,2025-09-19,Dry Van,988.1,1942.8,1925.8,False,True,ridge_spline
TR-041405,2025-09-19,Dry Van,754.2,1490.24,1488.12,False,True,ridge_spline
TR-041406,2025-09-19,Reefer,740.5,1823.67,1833.98,False,True,ridge_spline
TR-041407,2025-09-19,Dry Van,1535.9,3149.95,3108.72,False,True,ridge_spline
TR-041408,2025-09-19,Reefer,1605.6,3684.7,3514.34,False,True,ridge_spline
TR-041409,2025-09-19,Flatbed,425.3,1149.42,1097.95,False,True,ridge_spline
TR-041410,2025-09-19,Flatbed,407.3,1057.51,1026.57,False,False,ridge_spline
TR-041411,2025-09-19,Dry Van,556.4,1108.17,1155.64,False,True,ridge_spline
TR-041412,2025-09-19,Reefer,2078.1,4413.86,4419.22,False,True,ridge_spline
TR-041413,2025-09-19,Reefer,3300.5,7000.31,7003.62,False,False,ridge_spline
TR-041414,2025-09-19,Reefer,290.9,729.0,718.78,False,True,ridge_spline
TR-041415,2025-09-19,Dry Van,291.8,697.25,684.91,False,True,ridge_spline
TR-041416,2025-09-19,Dry Van,799.8,1732.79,1694.58,False,True,ridge_spline
TR-041417,2025-09-19,Flatbed,258.9,699.16,678.08,False,True,ridge_spline
TR-041418,2025-09-19,Dry Van,507.1,1024.61,1025.81,False,True,ridge_spline
TR-041419,2025-09-19,Dry Van,371.6,984.87,952.96,False,True,ridge_spline
TR-041420,2025-09-19,Dry Van,561.7,1120.14,1128.97,False,True,ridge_spline
TR-041421,2025-09-19,Flatbed,2748.9,5513.01,5285.51,False,True,ridge_spline
TR-041422,2025-09-19,Dry Van,764.5,1698.83,1707.94,False,True,ridge_spline
TR-041423,2025-09-19,Dry Van,1039.9,2098.69,2097.61,False,True,ridge_spline
TR-041424,2025-09-19,Dry Van,198.0,511.87,518.25,False,True,ridge_spline
TR-041425,2025-09-19,Reefer,2861.0,5677.76,5720.1,False,True,ridge_spline
TR-041426,2025-09-19,Dry Van,1988.2,3838.77,3816.91,False,True,ridge_spline
TR-041427,2025-09-19,Reefer,786.1,1919.67,1901.93,False,True,ridge_spline
TR-041428,2025-09-19,Dry Van,820.4,1724.82,1714.34,False,True,ridge_spline
TR-041429,2025-09-19,Dry Van,658.0,1478.5,1412.19,False,True,ridge_spline
TR-041430,2025-09-19,Flatbed,728.8,1751.33,1717.85,False,True,ridge_spline
TR-041431,2025-09-19,Dry Van,740.1,1599.26,1621.21,False,True,ridge_spline
TR-041432,2025-09-19,Dry Van,1206.4,2598.59,2520.11,False,True,ridge_spline
TR-041433,2025-09-19,Reefer,2075.8,4609.65,4577.01,False,True,ridge_spline
TR-041434,2025-09-19,Dry Van,1272.0,2637.5,2663.39,False,True,ridge_spline
TR-041435,2025-09-19,Dry Van,733.3,1583.02,1522.09,False,True,ridge_spline
TR-041436,2025-09-19,Dry Van,545.9,1166.33,1178.19,False,True,ridge_spline
TR-041437,2025-09-19,Reefer,1040.4,2423.32,2427.75,False,True,ridge_spline
TR-041438,2025-09-19,Dry Van,616.0,1411.33,1400.99,False,True,ridge_spline
TR-041439,2025-09-19,Dry Van,947.4,1983.08,1959.27,False,True,ridge_spline
TR-041440,2025-09-19,Dry Van,349.5,829.31,825.2,False,True,ridge_spline
TR-041441,2025-09-19,Dry Van,965.3,2031.65,2046.1,False,True,ridge_spline
TR-041442,2025-09-19,Dry Van,1388.0,2710.77,2690.46,False,True,ridge_spline
TR-041443,2025-09-19,Dry Van,1989.3,3526.7,3538.04,False,True,ridge_spline
TR-041444,2025-09-19,Reefer,2813.0,5785.57,5800.11,False,True,ridge_spline
TR-041445,2025-09-19,Dry Van,2210.0,3976.16,4010.32,False,True,ridge_spline
TR-041446,2025-09-19,Dry Van,1765.3,3382.24,3363.98,False,True,ridge_spline
TR-041447,2025-09-19,Reefer,779.9,1870.14,1857.36,False,True,ridge_spline
TR-041448,2025-09-19,Reefer,1767.4,3800.07,3760.59,False,True,ridge_spline
TR-041449,2025-09-19,Flatbed,1462.3,3178.92,3067.09,False,True,ridge_spline
TR-041450,2025-09-19,Dry Van,883.2,1772.42,1731.08,False,True,ridge_spline
TR-041451,2025-09-19,Dry Van,2231.8,4268.29,4280.15,False,True,ridge_spline
TR-041452,2025-09-19,Reefer,397.9,1085.89,1061.18,False,True,ridge_spline
TR-041453,2025-09-19,Reefer,439.0,1067.12,1068.57,False,False,ridge_spline
TR-041454,2025-09-19,Dry Van,3016.4,5532.01,5370.68,False,True,ridge_spline
TR-041455,2025-09-19,Reefer,531.1,1267.47,1235.75,False,True,ridge_spline
TR-041456,2025-09-19,Dry Van,987.2,1977.83,1985.45,False,True,ridge_spline
TR-041457,2025-09-19,Dry Van,794.2,1514.56,1544.49,False,True,ridge_spline
TR-041458,2025-09-19,Dry Van,1233.5,2563.44,2536.47,False,True,ridge_spline
TR-041459,2025-09-19,Dry Van,1120.9,2244.2,2325.19,False,True,ridge_spline
TR-041460,2025-09-19,Dry Van,1144.1,2281.98,2252.01,False,True,ridge_spline
TR-041461,2025-09-19,Dry Van,1228.8,2464.37,2464.67,False,True,ridge_spline
TR-041462,2025-09-19,Reefer,519.4,1251.18,1264.46,False,True,ridge_spline
TR-041463,2025-09-19,Flatbed,283.7,701.83,686.99,False,True,ridge_spline
TR-041464,2025-09-19,Dry Van,2113.7,3911.62,3989.26,False,True,ridge_spline
TR-041465,2025-09-19,Dry Van,2453.8,4489.47,4570.06,False,True,ridge_spline
TR-041466,2025-09-19,Dry Van,843.9,1779.73,1817.69,False,True,ridge_spline
TR-041467,2025-09-19,Dry Van,540.3,1137.37,1145.13,False,True,ridge_spline
TR-041468,2025-09-19,Flatbed,1166.1,2618.81,2502.17,False,True,ridge_spline
TR-041469,2025-09-20,Dry Van,1543.3,2777.97,2859.92,False,True,ridge_spline
TR-041470,2025-09-20,Dry Van,1053.8,2051.76,2098.67,False,True,ridge_spline
TR-041471,2025-09-20,Reefer,430.6,1148.22,1138.89,False,True,ridge_spline
TR-041472,2025-09-20,Dry Van,266.9,681.23,667.85,False,True,ridge_spline
TR-041473,2025-09-20,Reefer,280.6,817.29,786.64,False,True,ridge_spline
TR-041474,2025-09-20,Flatbed,333.8,858.27,813.23,False,True,ridge_spline
TR-041475,2025-09-20,Flatbed,2083.8,4472.14,4268.46,False,True,ridge_spline
TR-041476,2025-09-20,Dry Van,2235.4,4102.92,4058.99,False,True,ridge_spline
TR-041477,2025-09-20,Flatbed,1952.3,4114.55,3929.28,False,True,ridge_spline
TR-041478,2025-09-20,Dry Van,694.2,1498.39,1484.84,False,True,ridge_spline
TR-041479,2025-09-20,Reefer,1598.9,3486.22,3453.48,False,True,ridge_spline
TR-041480,2025-09-20,Dry Van,468.6,1031.05,1037.82,False,False,ridge_spline
TR-041481,2025-09-20,Reefer,386.3,1002.51,951.98,False,True,ridge_spline
TR-041482,2025-09-20,Flatbed,483.1,1263.21,1220.09,False,True,ridge_spline
TR-041483,2025-09-20,Reefer,2240.9,4619.3,4515.89,False,True,ridge_spline
TR-041484,2025-09-20,Flatbed,936.5,2077.27,2050.3,False,True,ridge_spline
TR-041485,2025-09-20,Dry Van,133.8,372.53,369.64,False,True,ridge_spline
TR-041486,2025-09-20,Reefer,571.4,1368.72,1374.48,False,True,ridge_spline
TR-041487,2025-09-20,Dry Van,290.2,679.95,663.08,False,True,ridge_spline
TR-041488,2025-09-20,Dry Van,2088.1,3736.98,3714.73,False,True,ridge_spline
TR-041489,2025-09-20,Dry Van,1272.8,2482.7,2519.88,False,True,ridge_spline
TR-041490,2025-09-20,Dry Van,2037.1,4011.6,3944.89,False,True,ridge_spline
TR-041491,2025-09-20,Dry Van,2477.6,4622.88,4667.42,False,True,ridge_spline
TR-041492,2025-09-20,Dry Van,1146.1,2288.84,2300.06,False,True,ridge_spline
TR-041493,2025-09-20,Dry Van,1856.8,3411.6,3437.84,False,True,ridge_spline
TR-041494,2025-09-20,Flatbed,959.1,2104.46,2041.65,False,True,ridge_spline
TR-041495,2025-09-20,Dry Van,1066.0,2144.77,2151.52,False,True,ridge_spline
TR-041496,2025-09-20,Dry Van,1131.1,2243.52,2290.76,False,True,ridge_spline
TR-041497,2025-09-20,Reefer,845.6,1998.89,1953.26,False,True,ridge_spline
TR-041498,2025-09-20,Dry Van,1069.0,2219.93,2160.81,False,True,ridge_spline
TR-041499,2025-09-20,Reefer,107.5,335.52,330.26,False,True,ridge_spline
TR-041500,2025-09-20,Dry Van,379.6,901.1,876.61,False,True,ridge_spline
TR-041501,2025-09-20,Reefer,1350.2,3012.21,2957.2,False,False,ridge_spline
TR-041502,2025-09-20,Reefer,651.3,1533.17,1500.69,False,True,ridge_spline
TR-041503,2025-09-20,Dry Van,1059.3,2146.22,2134.08,False,True,ridge_spline
TR-041504,2025-09-20,Dry Van,522.5,1102.28,1120.92,False,True,ridge_spline
TR-041505,2025-09-20,Flatbed,1509.0,3257.94,3190.21,False,True,ridge_spline
TR-041506,2025-09-20,Flatbed,695.8,1699.99,1672.14,False,True,ridge_spline
TR-041507,2025-09-20,Dry Van,3059.9,5653.85,5626.46,False,True,ridge_spline
TR-041508,2025-09-20,Dry Van,986.9,1920.07,1941.05,False,True,ridge_spline
TR-041509,2025-09-20,Dry Van,379.2,881.72,867.9,False,True,ridge_spline
TR-041510,2025-09-20,Dry Van,1272.3,2604.3,2595.46,False,True,ridge_spline
TR-041511,2025-09-20,Reefer,1166.6,2758.91,2733.0,False,True,ridge_spline
TR-041512,2025-09-20,Reefer,1679.1,3721.12,3723.01,False,True,ridge_spline
TR-041513,2025-09-20,Reefer,953.3,2035.36,2073.09,False,True,ridge_spline
TR-041514,2025-09-20,Dry Van,1167.0,2146.79,2251.17,False,True,ridge_spline
TR-041515,2025-09-20,Reefer,1101.2,2458.05,2364.39,False,True,ridge_spline
TR-041516,2025-09-20,Dry Van,2211.6,4252.72,3984.8,False,True,ridge_spline
TR-041517,2025-09-20,Dry Van,1486.0,3005.24,2859.52,False,True,ridge_spline
TR-041518,2025-09-20,Dry Van,1369.7,2602.63,2586.64,False,True,ridge_spline
TR-041519,2025-09-20,Reefer,2120.9,4747.91,4586.77,False,True,ridge_spline
TR-041520,2025-09-20,Dry Van,1621.4,3161.48,3192.35,False,True,ridge_spline
TR-041521,2025-09-20,Dry Van,2835.5,5262.91,5170.98,False,True,ridge_spline
TR-041522,2025-09-20,Reefer,837.0,1980.51,1947.35,False,True,ridge_spline
TR-041523,2025-09-20,Dry Van,1181.5,2463.93,2458.43,False,True,ridge_spline
TR-041524,2025-09-20,Dry Van,306.6,663.18,663.72,False,True,ridge_spline
TR-041525,2025-09-20,Dry Van,2537.6,4674.14,4556.35,False,True,ridge_spline
TR-041526,2025-09-20,Flatbed,814.9,1870.42,1767.45,False,True,ridge_spline
TR-041527,2025-09-20,Flatbed,490.9,1270.66,1250.22,False,True,ridge_spline
TR-041528,2025-09-20,Dry Van,763.4,1553.72,1585.45,False,True,ridge_spline
TR-041529,2025-09-20,Flatbed,827.3,2021.6,1942.2,False,True,ridge_spline
TR-041530,2025-09-20,Reefer,347.1,953.96,944.63,False,True,ridge_spline
TR-041531,2025-09-20,Reefer,968.7,2195.35,2113.6,False,True,ridge_spline
TR-041532,2025-09-20,Dry Van,92.1,272.91,269.71,False,True,ridge_spline
TR-041533,2025-09-20,Dry Van,275.8,685.08,682.48,False,True,ridge_spline
TR-041534,2025-09-20,Dry Van,1702.2,3415.45,3388.4,False,True,ridge_spline
TR-041535,2025-09-20,Flatbed,467.2,1154.58,1125.29,False,True,ridge_spline
TR-041536,2025-09-20,Dry Van,272.0,665.35,663.15,False,True,ridge_spline
TR-041537,2025-09-20,Reefer,554.6,1411.62,1396.32,False,True,ridge_spline
TR-041538,2025-09-20,Flatbed,892.7,1934.67,1921.25,False,False,ridge_spline
TR-041539,2025-09-20,Flatbed,605.0,1361.74,1313.98,False,True,ridge_spline
TR-041540,2025-09-20,Dry Van,1349.8,2654.53,2681.13,False,True,ridge_spline
TR-041541,2025-09-20,Reefer,583.2,1578.66,1538.34,False,False,ridge_spline
TR-041542,2025-09-20,Dry Van,1895.9,3639.45,3609.4,False,True,ridge_spline
TR-041543,2025-09-20,Dry Van,1074.4,2152.21,2144.06,False,True,ridge_spline
TR-041544,2025-09-20,Dry Van,283.4,660.37,672.91,False,True,ridge_spline
TR-041545,2025-09-20,Flatbed,1664.0,3689.68,3577.12,False,True,ridge_spline
TR-041546,2025-09-20,Dry Van,256.9,647.45,632.1,False,True,ridge_spline
TR-041547,2025-09-20,Flatbed,1172.8,2708.57,2536.39,False,False,ridge_spline
TR-041548,2025-09-20,Reefer,487.5,1321.9,1267.3,False,True,ridge_spline
TR-041549,2025-09-20,Flatbed,480.2,1267.57,1214.67,False,True,ridge_spline
TR-041550,2025-09-20,Dry Van,470.7,1007.21,998.17,False,True,ridge_spline
TR-041551,2025-09-20,Dry Van,565.7,1218.31,1215.52,False,True,ridge_spline
TR-041552,2025-09-20,Reefer,2041.7,4250.94,4250.11,False,True,ridge_spline
TR-041553,2025-09-20,Dry Van,315.0,766.56,755.98,False,True,ridge_spline
TR-041554,2025-09-20,Dry Van,546.7,1085.7,1101.18,False,True,ridge_spline
TR-041555,2025-09-20,Flatbed,2133.6,4321.42,4218.85,False,True,ridge_spline
TR-041556,2025-09-20,Reefer,922.4,2205.52,2100.05,False,True,ridge_spline
TR-041557,2025-09-20,Dry Van,215.1,594.54,577.55,False,True,ridge_spline
TR-041558,2025-09-20,Reefer,1081.8,2343.87,2411.67,False,True,ridge_spline
TR-041559,2025-09-20,Dry Van,1692.7,3066.44,3102.12,False,True,ridge_spline
TR-041560,2025-09-20,Reefer,268.4,755.87,742.16,False,True,ridge_spline
TR-041561,2025-09-20,Dry Van,999.3,2005.63,2019.42,False,True,ridge_spline
TR-041562,2025-09-20,Dry Van,2399.4,4423.86,4430.07,False,True,ridge_spline
TR-041563,2025-09-20,Flatbed,1072.8,2458.95,2318.82,False,False,ridge_spline
TR-041564,2025-09-20,Dry Van,1368.1,2676.11,2666.32,False,True,ridge_spline
TR-041565,2025-09-20,Dry Van,208.1,553.31,555.81,False,True,ridge_spline
TR-041566,2025-09-20,Reefer,716.4,1702.75,1700.97,False,True,ridge_spline
TR-041567,2025-09-20,Dry Van,2868.6,5494.02,5396.34,False,True,ridge_spline
TR-041568,2025-09-20,Dry Van,1065.7,2135.93,2110.52,False,True,ridge_spline
TR-041569,2025-09-20,Dry Van,974.0,1893.4,1872.53,False,True,ridge_spline
TR-041570,2025-09-20,Dry Van,863.0,1672.18,1610.0,False,True,ridge_spline
TR-041571,2025-09-20,Dry Van,645.3,1326.94,1339.35,False,True,ridge_spline
TR-041572,2025-09-20,Reefer,437.9,1097.05,1092.01,False,True,ridge_spline
TR-041573,2025-09-20,Dry Van,89.2,256.31,258.9,False,True,ridge_spline
TR-041574,2025-09-20,Reefer,1205.6,2697.63,2656.58,False,True,ridge_spline
TR-041575,2025-09-20,Reefer,2841.2,6062.73,5935.38,False,True,ridge_spline
TR-041576,2025-09-20,Flatbed,2109.6,4426.29,4242.09,False,True,ridge_spline
TR-041577,2025-09-20,Dry Van,2589.2,4436.16,4532.35,False,True,ridge_spline
TR-041578,2025-09-20,Dry Van,290.3,752.64,747.69,False,True,ridge_spline
TR-041579,2025-09-20,Dry Van,2772.5,5132.62,5150.9,False,True,ridge_spline
TR-041580,2025-09-20,Dry Van,953.0,1788.23,1778.49,False,True,ridge_spline
TR-041581,2025-09-20,Dry Van,578.2,1207.23,1230.92,False,True,ridge_spline
TR-041582,2025-09-20,Dry Van,522.4,1156.91,1147.45,False,True,ridge_spline
TR-041583,2025-09-20,Reefer,805.2,1875.17,1855.2,False,True,ridge_spline
TR-041584,2025-09-20,Dry Van,1464.1,2800.54,2858.02,False,True,ridge_spline
TR-041585,2025-09-20,Dry Van,210.4,548.54,550.72,False,True,ridge_spline
TR-041586,2025-09-20,Reefer,329.5,895.46,856.0,False,True,ridge_spline
TR-041587,2025-09-20,Dry Van,241.1,584.9,579.38,False,True,ridge_spline
TR-041588,2025-09-20,Dry Van,282.9,718.43,699.44,False,True,ridge_spline
TR-041589,2025-09-20,Dry Van,1466.4,2934.3,2984.03,False,True,ridge_spline
TR-041590,2025-09-20,Reefer,1061.3,2442.85,2400.65,False,True,ridge_spline
TR-041591,2025-09-20,Flatbed,2046.8,4279.35,4197.69,False,True,ridge_spline
TR-041592,2025-09-20,Dry Van,327.3,852.06,831.82,False,True,ridge_spline
TR-041593,2025-09-20,Reefer,266.9,736.28,717.05,False,True,ridge_spline
TR-041594,2025-09-20,Dry Van,712.4,1514.72,1567.29,False,True,ridge_spline
TR-041595,2025-09-20,Reefer,775.9,1942.49,1917.5,False,True,ridge_spline
TR-041596,2025-09-20,Dry Van,1102.7,2369.5,2328.45,False,True,ridge_spline
TR-041597,2025-09-20,Reefer,1952.3,4329.3,4144.4,False,True,ridge_spline
TR-041598,2025-09-20,Reefer,448.6,1129.4,1085.72,False,True,ridge_spline
TR-041599,2025-09-20,Flatbed,480.7,1146.01,1093.13,False,True,ridge_spline
TR-041600,2025-09-20,Dry Van,733.5,1556.84,1548.83,False,True,ridge_spline
TR-041601,2025-09-20,Dry Van,1408.4,2807.0,2759.28,False,True,ridge_spline
TR-041602,2025-09-20,Dry Van,244.5,586.23,586.72,False,True,ridge_spline
TR-041603,2025-09-20,Flatbed,572.1,1376.63,1341.23,False,True,ridge_spline
TR-041604,2025-09-20,Reefer,1327.0,2990.48,2955.39,False,False,ridge_spline
TR-041605,2025-09-20,Flatbed,234.0,728.24,687.93,False,False,ridge_spline
TR-041606,2025-09-20,Reefer,1997.3,4417.98,4378.86,False,True,ridge_spline
TR-041607,2025-09-20,Dry Van,502.1,1112.43,1082.3,False,True,ridge_spline
TR-041608,2025-09-20,Dry Van,2387.0,4553.03,4473.64,False,True,ridge_spline
TR-041609,2025-09-20,Dry Van,2017.1,3737.08,3714.9,False,True,ridge_spline
TR-041610,2025-09-20,Reefer,1133.1,2595.85,2520.98,False,True,ridge_spline
TR-041611,2025-09-20,Flatbed,1158.5,2428.37,2338.15,False,False,ridge_spline
TR-041612,2025-09-20,Dry Van,1087.9,2160.55,2115.98,False,True,ridge_spline
TR-041613,2025-09-20,Reefer,2015.5,4399.61,4354.19,False,True,ridge_spline
TR-041614,2025-09-20,Dry Van,859.3,1804.25,1882.02,False,True,ridge_spline
TR-041615,2025-09-20,Flatbed,427.2,1108.08,1084.91,False,True,ridge_spline
TR-041616,2025-09-20,Dry Van,2088.2,4005.68,3938.95,False,True,ridge_spline
TR-041617,2025-09-20,Dry Van,2517.6,4511.67,4492.84,False,True,ridge_spline
TR-041618,2025-09-20,Flatbed,395.2,1005.81,947.39,False,True,ridge_spline
TR-041619,2025-09-20,Reefer,2128.2,4513.5,4468.12,False,True,ridge_spline
TR-041620,2025-09-20,Reefer,1232.8,2683.56,2615.57,False,True,ridge_spline
TR-041621,2025-09-20,Dry Van,1113.3,2324.01,2258.01,False,True,ridge_spline
TR-041622,2025-09-20,Dry Van,2075.0,3985.25,3929.57,False,True,ridge_spline
TR-041623,2025-09-20,Reefer,616.4,1504.04,1491.63,False,True,ridge_spline
TR-041624,2025-09-20,Flatbed,336.6,921.31,881.44,False,True,ridge_spline
TR-041625,2025-09-20,Dry Van,648.5,1366.91,1377.01,False,True,ridge_spline
TR-041626,2025-09-20,Reefer,80.4,262.05,252.45,False,True,ridge_spline
TR-041627,2025-09-20,Dry Van,270.5,661.66,658.58,False,True,ridge_spline
TR-041628,2025-09-20,Dry Van,588.5,1324.49,1316.85,False,True,ridge_spline
TR-041629,2025-09-20,Flatbed,430.7,1087.21,1056.51,False,False,ridge_spline
TR-041630,2025-09-20,Dry Van,825.4,1725.11,1724.51,False,True,ridge_spline
TR-041631,2025-09-20,Dry Van,789.0,1676.07,1694.42,False,False,ridge_spline
TR-041632,2025-09-20,Reefer,2871.4,5941.62,5951.24,False,True,ridge_spline
TR-041633,2025-09-20,Flatbed,1478.2,3017.66,2985.23,False,True,ridge_spline
TR-041634,2025-09-21,Reefer,1561.9,3611.88,3530.72,False,True,ridge_spline
TR-041635,2025-09-21,Flatbed,1145.1,2498.49,2414.49,False,True,ridge_spline
TR-041636,2025-09-21,Flatbed,1057.8,2310.62,2196.76,False,True,ridge_spline
TR-041637,2025-09-21,Dry Van,2084.3,3946.83,3870.99,False,True,ridge_spline
TR-041638,2025-09-21,Dry Van,1957.1,3480.52,3503.31,False,True,ridge_spline
TR-041639,2025-09-21,Flatbed,230.1,656.64,647.9,False,False,ridge_spline
TR-041640,2025-09-21,Flatbed,445.0,1150.42,1115.04,False,True,ridge_spline
TR-041641,2025-09-21,Flatbed,1022.9,2309.66,2167.8,False,True,ridge_spline
TR-041642,2025-09-21,Dry Van,501.8,1091.36,1079.63,False,True,ridge_spline
TR-041643,2025-09-21,Dry Van,1913.5,3456.18,3561.64,False,True,ridge_spline
TR-041644,2025-09-21,Dry Van,498.1,1183.78,1162.59,False,True,ridge_spline
TR-041645,2025-09-21,Reefer,2091.3,4502.92,4441.96,False,True,ridge_spline
TR-041646,2025-09-21,Dry Van,441.4,937.58,931.58,False,True,ridge_spline
TR-041647,2025-09-21,Flatbed,1774.9,3646.07,3522.0,False,True,ridge_spline
TR-041648,2025-09-21,Reefer,187.6,581.09,568.19,False,True,ridge_spline
TR-041649,2025-09-21,Dry Van,1182.8,2297.22,2277.36,False,True,ridge_spline
TR-041650,2025-09-21,Reefer,435.2,1193.08,1179.34,False,True,ridge_spline
TR-041651,2025-09-21,Flatbed,710.3,1740.18,1691.57,False,True,ridge_spline
TR-041652,2025-09-21,Reefer,1369.5,3074.08,3034.51,False,True,ridge_spline
TR-041653,2025-09-21,Reefer,439.7,1143.9,1135.2,False,True,ridge_spline
TR-041654,2025-09-21,Dry Van,1042.9,1957.77,1957.35,False,True,ridge_spline
TR-041655,2025-09-21,Dry Van,121.1,365.4,356.01,False,True,ridge_spline
TR-041656,2025-09-21,Flatbed,951.7,2169.77,2156.89,False,True,ridge_spline
TR-041657,2025-09-21,Flatbed,819.3,1898.38,1831.21,False,True,ridge_spline
TR-041658,2025-09-21,Dry Van,919.3,1971.85,1929.58,False,True,ridge_spline
TR-041659,2025-09-21,Flatbed,321.5,800.84,768.51,False,True,ridge_spline
TR-041660,2025-09-21,Flatbed,332.8,807.9,767.97,False,True,ridge_spline
TR-041661,2025-09-21,Reefer,182.5,554.99,538.66,False,True,ridge_spline
TR-041662,2025-09-21,Dry Van,1168.4,2382.06,2417.21,False,True,ridge_spline
TR-041663,2025-09-21,Dry Van,539.7,1220.3,1229.6,False,True,ridge_spline
TR-041664,2025-09-21,Dry Van,655.5,1360.17,1329.04,False,True,ridge_spline
TR-041665,2025-09-21,Dry Van,1086.7,2162.8,2105.58,False,True,ridge_spline
TR-041666,2025-09-21,Dry Van,1114.2,2239.01,2230.51,False,True,ridge_spline
TR-041667,2025-09-21,Reefer,1981.7,4080.25,4041.36,False,True,ridge_spline
TR-041668,2025-09-21,Dry Van,871.4,1752.55,1730.26,False,True,ridge_spline
TR-041669,2025-09-21,Dry Van,251.6,584.89,576.78,False,True,ridge_spline
TR-041670,2025-09-21,Reefer,1489.5,3304.89,3217.07,False,True,ridge_spline
TR-041671,2025-09-21,Dry Van,2270.9,4233.74,4110.39,False,True,ridge_spline
TR-041672,2025-09-21,Reefer,709.7,1661.42,1666.63,False,True,ridge_spline
TR-041673,2025-09-21,Flatbed,327.6,828.15,800.92,False,True,ridge_spline
TR-041674,2025-09-21,Dry Van,847.6,1868.09,1856.62,False,True,ridge_spline
TR-041675,2025-09-21,Flatbed,689.0,1767.74,1649.53,False,False,ridge_spline
TR-041676,2025-09-21,Reefer,588.6,1491.52,1422.19,False,True,ridge_spline
TR-041677,2025-09-21,Dry Van,1208.9,2551.97,2534.04,False,True,ridge_spline
TR-041678,2025-09-21,Dry Van,2028.9,3696.45,3648.78,False,True,ridge_spline
TR-041679,2025-09-21,Dry Van,1775.6,3427.37,3429.48,False,True,ridge_spline
TR-041680,2025-09-21,Reefer,1004.5,2493.86,2394.0,False,True,ridge_spline
TR-041681,2025-09-21,Dry Van,1721.7,3252.12,3176.34,False,True,ridge_spline
TR-041682,2025-09-21,Flatbed,2297.9,4953.89,4804.01,False,False,ridge_spline
TR-041683,2025-09-21,Flatbed,634.3,1398.23,1366.14,False,True,ridge_spline
TR-041684,2025-09-21,Reefer,2921.2,5882.21,5840.81,False,True,ridge_spline
TR-041685,2025-09-21,Flatbed,1543.5,3113.17,3082.0,False,True,ridge_spline
TR-041686,2025-09-21,Dry Van,76.1,216.43,213.58,False,True,ridge_spline
TR-041687,2025-09-21,Flatbed,879.7,2108.16,2079.67,False,True,ridge_spline
TR-041688,2025-09-21,Flatbed,2410.9,4976.59,4842.39,False,True,ridge_spline
TR-041689,2025-09-21,Flatbed,382.1,924.23,875.98,False,True,ridge_spline
TR-041690,2025-09-21,Dry Van,2384.0,4553.9,4484.97,False,True,ridge_spline
TR-041691,2025-09-21,Dry Van,1685.9,3217.01,3121.04,False,True,ridge_spline
TR-041692,2025-09-21,Dry Van,1757.7,3269.56,3210.59,False,True,ridge_spline
TR-041693,2025-09-21,Reefer,1952.6,4026.29,4034.88,False,True,ridge_spline
TR-041694,2025-09-21,Dry Van,1334.6,2725.13,2638.97,False,True,ridge_spline
TR-041695,2025-09-21,Reefer,2193.5,4748.45,4653.19,False,True,ridge_spline
TR-041696,2025-09-21,Dry Van,1334.5,2479.52,2453.31,False,True,ridge_spline
TR-041697,2025-09-21,Flatbed,593.7,1515.47,1407.03,False,True,ridge_spline
TR-041698,2025-09-21,Dry Van,642.5,1345.26,1325.94,False,True,ridge_spline
TR-041699,2025-09-21,Dry Van,1504.5,2784.94,2787.81,False,True,ridge_spline
TR-041700,2025-09-21,Dry Van,1923.2,3667.95,3667.28,False,True,ridge_spline
TR-041701,2025-09-21,Dry Van,1284.1,2487.79,2476.41,False,True,ridge_spline
TR-041702,2025-09-21,Dry Van,401.7,911.59,880.05,False,True,ridge_spline
TR-041703,2025-09-21,Dry Van,414.4,936.36,899.64,False,True,ridge_spline
TR-041704,2025-09-21,Reefer,750.4,1881.04,1866.6,False,True,ridge_spline
TR-041705,2025-09-21,Dry Van,3198.5,5700.34,5723.9,False,True,ridge_spline
TR-041706,2025-09-21,Dry Van,528.8,1022.08,1051.87,False,True,ridge_spline
TR-041707,2025-09-21,Flatbed,239.4,683.1,665.5,False,False,ridge_spline
TR-041708,2025-09-21,Dry Van,826.5,1709.29,1671.09,False,True,ridge_spline
TR-041709,2025-09-21,Dry Van,1141.1,2231.98,2226.65,False,True,ridge_spline
TR-041710,2025-09-21,Flatbed,559.5,1377.14,1341.37,False,True,ridge_spline
TR-041711,2025-09-21,Reefer,2079.3,4268.96,4250.4,False,True,ridge_spline
TR-041712,2025-09-21,Flatbed,2637.4,5070.8,4943.77,False,True,ridge_spline
TR-041713,2025-09-21,Reefer,915.9,2103.34,2096.07,False,True,ridge_spline
TR-041714,2025-09-21,Dry Van,2338.7,4051.87,4141.26,False,True,ridge_spline
TR-041715,2025-09-21,Dry Van,556.9,1161.23,1150.23,False,True,ridge_spline
TR-041716,2025-09-21,Dry Van,595.9,1373.05,1334.97,False,True,ridge_spline
TR-041717,2025-09-21,Flatbed,951.8,2122.07,2056.22,False,True,ridge_spline
TR-041718,2025-09-21,Flatbed,544.4,1254.13,1207.12,False,True,ridge_spline
TR-041719,2025-09-21,Reefer,1194.9,2906.25,2802.08,False,True,ridge_spline
TR-041720,2025-09-21,Flatbed,3050.4,5931.87,5731.28,False,False,ridge_spline
TR-041721,2025-09-21,Dry Van,324.1,244.71,811.86,True,True,ridge_spline
TR-041722,2025-09-21,Dry Van,3153.9,5709.8,5826.78,False,True,ridge_spline
TR-041723,2025-09-21,Reefer,1016.6,2386.8,2312.36,False,True,ridge_spline
TR-041724,2025-09-21,Dry Van,2166.9,4134.62,4000.77,False,True,ridge_spline
TR-041725,2025-09-21,Dry Van,874.1,1916.49,1913.02,False,True,ridge_spline
TR-041726,2025-09-21,Flatbed,1807.7,3923.46,3725.3,False,True,ridge_spline
TR-041727,2025-09-21,Dry Van,1853.0,3419.89,3408.64,False,True,ridge_spline
TR-041728,2025-09-21,Dry Van,1235.6,2421.49,2416.2,False,True,ridge_spline
TR-041729,2025-09-21,Dry Van,338.5,762.33,762.41,False,True,ridge_spline
TR-041730,2025-09-21,Dry Van,500.2,1108.34,1068.21,False,True,ridge_spline
TR-041731,2025-09-21,Reefer,1044.0,2406.81,2407.07,False,True,ridge_spline
TR-041732,2025-09-21,Flatbed,2638.5,5554.59,5261.09,False,True,ridge_spline
TR-041733,2025-09-21,Dry Van,488.3,1091.14,1093.71,False,True,ridge_spline
TR-041734,2025-09-21,Reefer,536.0,1422.21,1382.24,False,True,ridge_spline
TR-041735,2025-09-21,Flatbed,1215.1,2632.12,2605.29,False,False,ridge_spline
TR-041736,2025-09-21,Dry Van,1825.4,3352.84,3403.26,False,True,ridge_spline
TR-041737,2025-09-21,Reefer,1992.2,4540.34,4238.04,False,True,ridge_spline
TR-041738,2025-09-21,Reefer,1555.8,3564.41,3523.01,False,True,ridge_spline
TR-041739,2025-09-21,Dry Van,919.7,1698.54,1754.98,False,True,ridge_spline
TR-041740,2025-09-21,Dry Van,1015.5,2008.12,2068.63,False,True,ridge_spline
TR-041741,2025-09-21,Dry Van,2794.9,4920.08,4961.41,False,True,ridge_spline
TR-041742,2025-09-21,Reefer,953.9,2146.69,2112.77,False,True,ridge_spline
TR-041743,2025-09-21,Dry Van,1677.2,3160.7,3116.13,False,True,ridge_spline
TR-041744,2025-09-21,Dry Van,2753.6,4976.74,5023.01,False,True,ridge_spline
TR-041745,2025-09-21,Dry Van,844.8,1719.66,1780.27,False,True,ridge_spline
TR-041746,2025-09-21,Dry Van,687.8,1466.84,1435.02,False,True,ridge_spline
TR-041747,2025-09-21,Reefer,192.6,597.35,573.75,False,True,ridge_spline
TR-041748,2025-09-21,Flatbed,136.6,435.75,413.9,False,True,ridge_spline
TR-041749,2025-09-21,Flatbed,781.2,1883.43,1774.76,False,True,ridge_spline
TR-041750,2025-09-21,Reefer,1702.9,3765.88,3730.72,False,True,ridge_spline
TR-041751,2025-09-21,Dry Van,546.2,1181.13,1119.04,False,True,ridge_spline
TR-041752,2025-09-21,Dry Van,1290.4,2585.03,2541.73,False,True,ridge_spline
TR-041753,2025-09-21,Flatbed,2859.2,5593.05,5478.28,False,True,ridge_spline
TR-041754,2025-09-21,Reefer,1368.8,2872.83,2882.32,False,False,ridge_spline
TR-041755,2025-09-21,Dry Van,568.5,1243.64,1275.13,False,True,ridge_spline
TR-041756,2025-09-21,Dry Van,500.8,1191.99,1191.75,False,True,ridge_spline
TR-041757,2025-09-21,Dry Van,1823.0,3622.66,3537.36,False,True,ridge_spline
TR-041758,2025-09-21,Dry Van,2392.1,4224.72,4294.44,False,True,ridge_spline
TR-041759,2025-09-21,Dry Van,2101.0,3774.79,3842.7,False,True,ridge_spline
TR-041760,2025-09-21,Dry Van,416.2,983.11,981.7,False,True,ridge_spline
TR-041761,2025-09-21,Dry Van,2233.9,4238.58,4211.46,False,True,ridge_spline
TR-041762,2025-09-21,Reefer,3056.4,6531.29,6260.06,False,True,ridge_spline
TR-041763,2025-09-21,Reefer,455.2,1214.44,1176.16,False,True,ridge_spline
TR-041764,2025-09-21,Flatbed,704.7,1597.77,1576.33,False,True,ridge_spline
TR-041765,2025-09-21,Dry Van,1295.2,2476.39,2475.91,False,True,ridge_spline
TR-041766,2025-09-21,Dry Van,1333.8,2612.5,2604.9,False,True,ridge_spline
TR-041767,2025-09-21,Flatbed,244.1,664.97,641.6,False,True,ridge_spline
TR-041768,2025-09-21,Dry Van,2370.5,4338.34,4415.35,False,True,ridge_spline
TR-041769,2025-09-21,Flatbed,1523.6,3287.49,3195.22,False,True,ridge_spline
TR-041770,2025-09-21,Reefer,927.3,2040.68,2017.8,False,True,ridge_spline
TR-041771,2025-09-21,Dry Van,1222.2,2381.44,2401.26,False,True,ridge_spline
TR-041772,2025-09-21,Reefer,1239.6,2836.21,2841.64,False,True,ridge_spline
TR-041773,2025-09-21,Reefer,1509.7,3438.75,3311.99,False,True,ridge_spline
TR-041774,2025-09-21,Flatbed,1263.8,2846.57,2708.96,False,True,ridge_spline
TR-041775,2025-09-21,Dry Van,892.4,1924.08,1922.25,False,True,ridge_spline
TR-041776,2025-09-21,Dry Van,1511.8,3085.65,3064.39,False,True,ridge_spline
TR-041777,2025-09-21,Dry Van,2296.6,4135.69,4204.47,False,True,ridge_spline
TR-041778,2025-09-21,Reefer,2087.4,4199.58,4095.54,False,True,ridge_spline
TR-041779,2025-09-21,Dry Van,184.2,460.98,456.31,False,True,ridge_spline
TR-041780,2025-09-21,Reefer,362.7,998.75,991.05,False,True,ridge_spline
TR-041781,2025-09-21,Dry Van,1428.8,2684.0,2719.28,False,True,ridge_spline
TR-041782,2025-09-21,Dry Van,2001.4,3891.27,3844.36,False,True,ridge_spline
TR-041783,2025-09-21,Reefer,729.0,1745.97,1706.53,False,False,ridge_spline
TR-041784,2025-09-21,Reefer,2782.2,5583.52,5594.75,False,True,ridge_spline
TR-041785,2025-09-21,Dry Van,333.7,806.69,799.17,False,True,ridge_spline
TR-041786,2025-09-21,Reefer,1350.9,2945.77,2932.3,False,True,ridge_spline
TR-041787,2025-09-21,Dry Van,329.1,847.94,835.46,False,True,ridge_spline
TR-041788,2025-09-21,Dry Van,1978.2,3704.41,3612.63,False,True,ridge_spline
TR-041789,2025-09-21,Dry Van,825.0,1772.5,1724.37,False,True,ridge_spline
TR-041790,2025-09-21,Dry Van,1802.0,3563.18,3534.07,False,True,ridge_spline
TR-041791,2025-09-21,Flatbed,1657.0,3667.32,3537.73,False,True,ridge_spline
TR-041792,2025-09-21,Dry Van,1094.1,2291.91,2152.73,False,True,ridge_spline
TR-041793,2025-09-21,Dry Van,1165.9,2359.67,2338.72,False,True,ridge_spline
TR-041794,2025-09-21,Dry Van,1413.5,2850.44,2852.81,False,True,ridge_spline
TR-041795,2025-09-21,Dry Van,1236.6,2392.66,2340.29,False,True,ridge_spline
TR-041796,2025-09-21,Reefer,184.4,512.08,490.56,False,False,ridge_spline
TR-041797,2025-09-21,Reefer,2194.4,4363.74,4344.44,False,True,ridge_spline
TR-041798,2025-09-21,Dry Van,307.7,748.37,756.05,False,True,ridge_spline
TR-041799,2025-09-21,Dry Van,1113.4,2177.89,2217.46,False,True,ridge_spline
TR-041800,2025-09-21,Dry Van,1170.5,2376.16,2422.65,False,True,ridge_spline
TR-041801,2025-09-21,Dry Van,828.0,1699.23,1710.15,False,True,ridge_spline
TR-041802,2025-09-21,Dry Van,534.8,1215.54,1244.57,False,True,ridge_spline
TR-041803,2025-09-21,Dry Van,2093.9,3766.9,3792.66,False,True,ridge_spline
TR-041804,2025-09-22,Flatbed,954.9,2128.56,2052.68,False,True,ridge_spline
TR-041805,2025-09-22,Dry Van,646.4,1392.33,1371.17,False,True,ridge_spline
TR-041806,2025-09-22,Dry Van,1842.3,3440.26,3360.47,False,True,ridge_spline
TR-041807,2025-09-22,Dry Van,2218.0,4046.17,4063.56,False,True,ridge_spline
TR-041808,2025-09-22,Dry Van,733.6,1540.67,1567.0,False,True,ridge_spline
TR-041809,2025-09-22,Dry Van,2131.4,3878.45,3946.16,False,True,ridge_spline
TR-041810,2025-09-22,Dry Van,756.3,1538.05,1535.37,False,True,ridge_spline
TR-041811,2025-09-22,Dry Van,734.0,1544.91,1502.85,False,True,ridge_spline
TR-041812,2025-09-22,Reefer,2083.1,4597.18,4398.56,False,True,ridge_spline
TR-041813,2025-09-22,Reefer,1158.1,2531.03,2514.37,False,True,ridge_spline
TR-041814,2025-09-22,Dry Van,446.5,976.23,953.33,False,True,ridge_spline
TR-041815,2025-09-22,Reefer,1060.5,2554.85,2463.0,False,True,ridge_spline
TR-041816,2025-09-22,Dry Van,1029.0,2158.7,2105.61,False,True,ridge_spline
TR-041817,2025-09-22,Dry Van,1178.7,2347.09,2338.3,False,True,ridge_spline
TR-041818,2025-09-22,Flatbed,120.9,375.07,349.52,False,True,ridge_spline
TR-041819,2025-09-22,Dry Van,417.6,923.27,896.65,False,True,ridge_spline
TR-041820,2025-09-22,Dry Van,210.8,555.39,545.32,False,True,ridge_spline
TR-041821,2025-09-22,Reefer,1121.6,2538.88,2484.02,False,True,ridge_spline
TR-041822,2025-09-22,Reefer,554.8,1378.44,1384.75,False,True,ridge_spline
TR-041823,2025-09-22,Dry Van,202.5,501.37,492.49,False,True,ridge_spline
TR-041824,2025-09-22,Dry Van,1527.1,2992.86,2986.4,False,True,ridge_spline
TR-041825,2025-09-22,Reefer,483.4,1204.25,1199.79,False,True,ridge_spline
TR-041826,2025-09-22,Reefer,2541.4,5426.58,5235.45,False,True,ridge_spline
TR-041827,2025-09-22,Dry Van,434.1,1048.6,1034.88,False,True,ridge_spline
TR-041828,2025-09-22,Dry Van,1445.9,2931.57,2896.85,False,True,ridge_spline
TR-041829,2025-09-22,Dry Van,481.1,1099.07,1075.1,False,True,ridge_spline
TR-041830,2025-09-22,Reefer,1302.8,2775.61,2775.07,False,False,ridge_spline
TR-041831,2025-09-22,Dry Van,261.7,633.76,635.29,False,True,ridge_spline
TR-041832,2025-09-22,Dry Van,1055.3,2098.04,2137.59,False,True,ridge_spline
TR-041833,2025-09-22,Reefer,820.4,1851.74,1826.28,False,True,ridge_spline
TR-041834,2025-09-22,Reefer,542.8,1355.55,1312.27,False,False,ridge_spline
TR-041835,2025-09-22,Dry Van,788.3,1625.53,1629.44,False,True,ridge_spline
TR-041836,2025-09-22,Dry Van,517.5,1125.97,1123.99,False,True,ridge_spline
TR-041837,2025-09-22,Dry Van,1082.3,2152.81,2111.59,False,True,ridge_spline
TR-041838,2025-09-22,Reefer,369.5,983.53,964.32,False,True,ridge_spline
TR-041839,2025-09-22,Dry Van,989.9,1939.61,1952.08,False,True,ridge_spline
TR-041840,2025-09-22,Dry Van,1446.8,2691.8,2788.95,False,True,ridge_spline
TR-041841,2025-09-22,Reefer,699.5,1628.59,1591.73,False,True,ridge_spline
TR-041842,2025-09-22,Dry Van,820.5,1699.49,1719.25,False,True,ridge_spline
TR-041843,2025-09-22,Reefer,369.8,959.92,918.68,False,True,ridge_spline
TR-041844,2025-09-22,Dry Van,764.8,1496.18,1515.25,False,True,ridge_spline
TR-041845,2025-09-22,Reefer,1948.7,4098.74,3957.26,False,True,ridge_spline
TR-041846,2025-09-22,Dry Van,1509.7,2928.12,2891.54,False,True,ridge_spline
TR-041847,2025-09-22,Flatbed,2662.5,5214.68,5022.27,False,False,ridge_spline
TR-041848,2025-09-22,Dry Van,965.4,1920.81,1912.38,False,True,ridge_spline
TR-041849,2025-09-22,Dry Van,681.2,1342.0,1351.49,False,False,ridge_spline
TR-041850,2025-09-22,Dry Van,131.7,373.78,360.13,False,True,ridge_spline
TR-041851,2025-09-22,Reefer,844.7,1977.64,1903.96,False,False,ridge_spline
TR-041852,2025-09-22,Dry Van,390.0,898.29,867.0,False,True,ridge_spline
TR-041853,2025-09-22,Reefer,828.7,2004.53,1907.19,False,True,ridge_spline
TR-041854,2025-09-22,Dry Van,282.2,748.0,742.14,False,True,ridge_spline
TR-041855,2025-09-22,Flatbed,2202.0,4486.44,4317.55,False,True,ridge_spline
TR-041856,2025-09-22,Dry Van,530.3,1113.48,1115.33,False,True,ridge_spline
TR-041857,2025-09-22,Dry Van,1759.8,3244.08,3271.44,False,True,ridge_spline
TR-041858,2025-09-22,Dry Van,622.0,1349.6,1342.84,False,True,ridge_spline
TR-041859,2025-09-22,Reefer,697.5,1733.25,1679.27,False,True,ridge_spline
TR-041860,2025-09-22,Dry Van,2469.9,4679.78,4649.4,False,True,ridge_spline
TR-041861,2025-09-22,Reefer,594.4,1549.59,1516.67,False,True,ridge_spline
TR-041862,2025-09-22,Reefer,761.1,1817.52,1765.31,False,True,ridge_spline
TR-041863,2025-09-22,Dry Van,1223.6,2398.51,2373.59,False,True,ridge_spline
TR-041864,2025-09-22,Reefer,1050.4,2497.67,2491.28,False,True,ridge_spline
TR-041865,2025-09-22,Dry Van,585.5,1227.05,1213.83,False,True,ridge_spline
TR-041866,2025-09-22,Flatbed,960.6,2259.47,2142.81,False,True,ridge_spline
TR-041867,2025-09-22,Dry Van,294.0,782.19,767.65,False,True,ridge_spline
TR-041868,2025-09-22,Dry Van,1947.2,3823.47,3826.5,False,True,ridge_spline
TR-041869,2025-09-22,Flatbed,1230.8,2778.74,2648.11,False,True,ridge_spline
TR-041870,2025-09-22,Dry Van,949.7,2064.85,2020.43,False,True,ridge_spline
TR-041871,2025-09-22,Dry Van,501.0,1051.24,1065.41,False,True,ridge_spline
TR-041872,2025-09-22,Reefer,1902.5,3988.91,3899.72,False,True,ridge_spline
TR-041873,2025-09-22,Reefer,581.5,1385.82,1345.72,False,False,ridge_spline
TR-041874,2025-09-22,Flatbed,435.9,1175.72,1132.42,False,False,ridge_spline
TR-041875,2025-09-22,Dry Van,213.3,569.67,570.62,False,True,ridge_spline
TR-041876,2025-09-22,Reefer,1838.6,3963.94,3929.05,False,True,ridge_spline
TR-041877,2025-09-22,Reefer,940.3,2063.23,2070.01,False,True,ridge_spline
TR-041878,2025-09-22,Reefer,120.9,383.49,380.06,False,True,ridge_spline
TR-041879,2025-09-22,Dry Van,751.7,1608.15,1576.8,False,True,ridge_spline
TR-041880,2025-09-22,Flatbed,737.2,1667.17,1578.68,False,True,ridge_spline
TR-041881,2025-09-22,Reefer,453.9,1193.46,1154.19,False,True,ridge_spline
TR-041882,2025-09-22,Dry Van,1959.2,3775.66,3728.2,False,True,ridge_spline
TR-041883,2025-09-22,Reefer,973.8,2429.57,2351.26,False,False,ridge_spline
TR-041884,2025-09-22,Flatbed,1746.1,3902.72,3673.75,False,True,ridge_spline
TR-041885,2025-09-22,Reefer,334.9,884.94,859.86,False,True,ridge_spline
TR-041886,2025-09-22,Dry Van,1979.9,3667.82,3658.98,False,True,ridge_spline
TR-041887,2025-09-22,Dry Van,2226.6,4192.73,4222.26,False,True,ridge_spline
TR-041888,2025-09-22,Dry Van,521.8,1161.6,1116.76,False,True,ridge_spline
TR-041889,2025-09-22,Dry Van,195.5,509.11,509.51,False,True,ridge_spline
TR-041890,2025-09-22,Dry Van,2132.0,4197.87,4046.01,False,True,ridge_spline
TR-041891,2025-09-22,Flatbed,2803.4,5728.27,5485.98,False,True,ridge_spline
TR-041892,2025-09-22,Dry Van,131.6,344.39,347.48,False,True,ridge_spline
TR-041893,2025-09-22,Dry Van,1107.4,2216.98,2185.1,False,True,ridge_spline
TR-041894,2025-09-22,Reefer,1698.8,3656.53,3542.64,False,True,ridge_spline
TR-041895,2025-09-22,Reefer,975.5,2289.62,2216.83,False,True,ridge_spline
TR-041896,2025-09-22,Reefer,722.0,1834.15,1672.61,False,True,ridge_spline
TR-041897,2025-09-22,Flatbed,526.3,1259.22,1219.26,False,True,ridge_spline
TR-041898,2025-09-22,Dry Van,392.4,901.25,897.19,False,True,ridge_spline
TR-041899,2025-09-22,Dry Van,1088.1,2075.25,2140.73,False,True,ridge_spline
TR-041900,2025-09-22,Dry Van,910.4,1961.33,1952.63,False,True,ridge_spline
TR-041901,2025-09-22,Dry Van,1281.6,2668.74,2638.44,False,True,ridge_spline
TR-041902,2025-09-22,Reefer,319.6,863.66,842.16,False,True,ridge_spline
TR-041903,2025-09-22,Dry Van,742.8,1502.5,1531.6,False,True,ridge_spline
TR-041904,2025-09-22,Dry Van,2234.0,4047.61,4195.32,False,True,ridge_spline
TR-041905,2025-09-22,Flatbed,1244.4,2745.03,2601.69,False,True,ridge_spline
TR-041906,2025-09-22,Flatbed,919.7,1915.26,1923.42,False,True,ridge_spline
TR-041907,2025-09-22,Reefer,2215.3,4609.13,4552.26,False,True,ridge_spline
TR-041908,2025-09-22,Dry Van,2704.4,4898.32,4780.99,False,True,ridge_spline
TR-041909,2025-09-22,Dry Van,1584.9,3122.02,3029.07,False,True,ridge_spline
TR-041910,2025-09-22,Dry Van,1116.5,2249.86,2154.39,False,True,ridge_spline
TR-041911,2025-09-22,Flatbed,1143.9,2716.18,2555.25,False,True,ridge_spline
TR-041912,2025-09-22,Dry Van,485.5,1151.79,1139.68,False,True,ridge_spline
TR-041913,2025-09-22,Reefer,357.0,1040.12,977.03,False,True,ridge_spline
TR-041914,2025-09-22,Flatbed,720.7,1637.66,1599.56,False,True,ridge_spline
TR-041915,2025-09-22,Dry Van,169.7,455.17,454.35,False,True,ridge_spline
TR-041916,2025-09-22,Dry Van,339.9,755.4,750.87,False,True,ridge_spline
TR-041917,2025-09-22,Dry Van,628.6,1382.93,1409.19,False,True,ridge_spline
TR-041918,2025-09-22,Reefer,316.3,791.95,792.04,False,True,ridge_spline
TR-041919,2025-09-22,Reefer,521.3,1264.86,1247.36,False,False,ridge_spline
TR-041920,2025-09-22,Dry Van,140.2,349.2,348.24,False,True,ridge_spline
TR-041921,2025-09-22,Reefer,221.9,620.41,598.66,False,False,ridge_spline
TR-041922,2025-09-22,Dry Van,943.8,1972.72,1950.54,False,True,ridge_spline
TR-041923,2025-09-22,Dry Van,425.1,938.4,933.46,False,True,ridge_spline
TR-041924,2025-09-22,Flatbed,378.3,1052.71,1002.36,False,True,ridge_spline
TR-041925,2025-09-22,Flatbed,1069.1,2333.1,2237.26,False,True,ridge_spline
TR-041926,2025-09-22,Dry Van,460.6,1094.42,1053.21,False,True,ridge_spline
TR-041927,2025-09-22,Reefer,651.4,1486.23,1480.36,False,True,ridge_spline
TR-041928,2025-09-22,Dry Van,1068.8,2095.39,2078.39,False,True,ridge_spline
TR-041929,2025-09-22,Reefer,318.6,883.79,882.22,False,True,ridge_spline
TR-041930,2025-09-22,Dry Van,2108.7,3727.53,3680.8,False,True,ridge_spline
TR-041931,2025-09-22,Dry Van,1713.2,3367.15,3339.12,False,True,ridge_spline
TR-041932,2025-09-22,Reefer,193.8,580.22,568.5,False,True,ridge_spline
TR-041933,2025-09-22,Dry Van,1392.0,2751.44,2734.47,False,True,ridge_spline
TR-041934,2025-09-22,Dry Van,853.8,1753.47,1765.31,False,True,ridge_spline
TR-041935,2025-09-22,Dry Van,1450.4,2831.17,2792.86,False,True,ridge_spline
TR-041936,2025-09-22,Reefer,2300.1,4986.16,4770.76,False,True,ridge_spline
TR-041937,2025-09-22,Dry Van,1742.8,3237.63,3142.67,False,False,ridge_spline
TR-041938,2025-09-22,Dry Van,589.6,1167.44,1145.77,False,True,ridge_spline
TR-041939,2025-09-22,Dry Van,1990.6,3721.9,3706.78,False,True,ridge_spline
TR-041940,2025-09-22,Reefer,647.4,1565.74,1559.24,False,True,ridge_spline
TR-041941,2025-09-22,Dry Van,825.2,1636.8,1629.05,False,True,ridge_spline
TR-041942,2025-09-22,Dry Van,979.2,2014.62,1946.04,False,True,ridge_spline
TR-041943,2025-09-22,Reefer,1190.1,2826.25,2679.68,False,False,ridge_spline
TR-041944,2025-09-22,Dry Van,979.6,1946.28,1953.09,False,True,ridge_spline
TR-041945,2025-09-22,Dry Van,1938.7,3824.6,3772.58,False,True,ridge_spline
TR-041946,2025-09-22,Reefer,783.1,1822.63,1793.64,False,True,ridge_spline
TR-041947,2025-09-22,Dry Van,3077.7,5226.16,5247.29,False,True,ridge_spline
TR-041948,2025-09-22,Dry Van,1909.5,3518.72,3569.48,False,True,ridge_spline
TR-041949,2025-09-22,Dry Van,293.4,727.52,702.39,False,True,ridge_spline
TR-041950,2025-09-22,Dry Van,3082.1,5484.51,5468.52,False,True,ridge_spline
TR-041951,2025-09-22,Dry Van,2080.8,4080.13,3995.76,False,True,ridge_spline
TR-041952,2025-09-22,Dry Van,1308.4,2566.19,2606.09,False,True,ridge_spline
TR-041953,2025-09-22,Dry Van,1929.1,3686.09,3774.13,False,True,ridge_spline
TR-041954,2025-09-22,Reefer,862.1,2079.7,2038.03,False,True,ridge_spline
TR-041955,2025-09-22,Reefer,2143.2,4598.86,4620.76,False,False,ridge_spline
TR-041956,2025-09-22,Dry Van,739.4,1533.36,1527.68,False,True,ridge_spline
TR-041957,2025-09-23,Dry Van,331.8,790.81,808.34,False,True,ridge_spline
TR-041958,2025-09-23,Dry Van,3239.8,5667.22,5738.89,False,True,ridge_spline
TR-041959,2025-09-23,Dry Van,1253.6,2482.03,2535.62,False,True,ridge_spline
TR-041960,2025-09-23,Flatbed,1320.1,2799.55,2694.02,False,False,ridge_spline
TR-041961,2025-09-23,Flatbed,624.2,1557.88,1507.04,False,True,ridge_spline
TR-041962,2025-09-23,Dry Van,555.0,1190.7,1156.47,False,True,ridge_spline
TR-041963,2025-09-23,Reefer,1240.6,3022.15,2932.94,False,True,ridge_spline
TR-041964,2025-09-23,Dry Van,1628.8,3231.74,3227.34,False,True,ridge_spline
TR-041965,2025-09-23,Dry Van,543.5,1124.33,1107.31,False,True,ridge_spline
TR-041966,2025-09-23,Dry Van,288.5,724.44,741.66,False,True,ridge_spline
TR-041967,2025-09-23,Dry Van,815.9,1739.85,1690.89,False,True,ridge_spline
TR-041968,2025-09-23,Dry Van,223.8,592.8,577.37,False,True,ridge_spline
TR-041969,2025-09-23,Flatbed,1117.5,2522.33,2434.55,False,True,ridge_spline
TR-041970,2025-09-23,Dry Van,776.2,1509.49,1520.83,False,True,ridge_spline
TR-041971,2025-09-23,Dry Van,2552.1,4756.46,4797.76,False,True,ridge_spline
TR-041972,2025-09-23,Flatbed,1946.5,4177.12,3964.53,False,True,ridge_spline
TR-041973,2025-09-23,Dry Van,967.4,1885.76,1852.1,False,True,ridge_spline
TR-041974,2025-09-23,Reefer,2155.7,4776.1,4734.88,False,False,ridge_spline
TR-041975,2025-09-23,Dry Van,1280.2,2635.86,2617.06,False,True,ridge_spline
TR-041976,2025-09-23,Dry Van,751.1,1653.44,1625.21,False,True,ridge_spline
TR-041977,2025-09-23,Flatbed,189.9,522.62,498.39,False,True,ridge_spline
TR-041978,2025-09-23,Dry Van,839.4,1787.64,1739.31,False,True,ridge_spline
TR-041979,2025-09-23,Dry Van,784.3,1542.61,1527.25,False,True,ridge_spline
TR-041980,2025-09-23,Dry Van,2410.2,4533.05,4529.13,False,True,ridge_spline
TR-041981,2025-09-23,Flatbed,798.7,1883.24,1804.03,False,True,ridge_spline
TR-041982,2025-09-23,Dry Van,1432.2,2810.7,2706.42,False,True,ridge_spline
TR-041983,2025-09-23,Reefer,1185.8,2838.34,2789.5,False,True,ridge_spline
TR-041984,2025-09-23,Reefer,631.2,1638.9,1552.87,False,True,ridge_spline
TR-041985,2025-09-23,Dry Van,1022.1,2047.55,2043.79,False,True,ridge_spline
TR-041986,2025-09-23,Reefer,569.0,1398.71,1348.48,False,False,ridge_spline
TR-041987,2025-09-23,Dry Van,1230.8,711.03,2415.91,True,True,ridge_spline
TR-041988,2025-09-23,Dry Van,551.1,1228.36,1220.84,False,True,ridge_spline
TR-041989,2025-09-23,Dry Van,240.3,595.46,596.15,False,True,ridge_spline
TR-041990,2025-09-23,Dry Van,1028.7,2231.13,2211.67,False,True,ridge_spline
TR-041991,2025-09-23,Dry Van,287.3,742.69,743.35,False,True,ridge_spline
TR-041992,2025-09-23,Dry Van,285.4,705.08,701.12,False,False,ridge_spline
TR-041993,2025-09-23,Reefer,241.8,646.86,618.32,False,True,ridge_spline
TR-041994,2025-09-23,Dry Van,1945.0,3862.09,3798.29,False,True,ridge_spline
TR-041995,2025-09-23,Dry Van,167.9,435.27,429.47,False,True,ridge_spline
TR-041996,2025-09-23,Dry Van,1185.9,2309.76,2319.45,False,True,ridge_spline
TR-041997,2025-09-23,Reefer,2487.2,5088.19,4933.09,False,True,ridge_spline
TR-041998,2025-09-23,Flatbed,1851.2,3994.83,3744.96,False,True,ridge_spline
TR-041999,2025-09-23,Dry Van,1227.9,2388.93,2433.71,False,True,ridge_spline
TR-042000,2025-09-23,Dry Van,538.7,1101.11,1093.57,False,True,ridge_spline
TR-042001,2025-09-23,Reefer,1880.3,4155.43,3949.22,False,True,ridge_spline
TR-042002,2025-09-23,Reefer,1667.2,3432.98,3328.35,False,True,ridge_spline
TR-042003,2025-09-23,Flatbed,626.2,1563.76,1513.13,False,True,ridge_spline
TR-042004,2025-09-23,Dry Van,1707.7,3380.49,3305.03,False,True,ridge_spline
TR-042005,2025-09-23,Reefer,390.6,1098.56,1061.37,False,True,ridge_spline
TR-042006,2025-09-23,Dry Van,1181.8,2277.98,2204.02,False,True,ridge_spline
TR-042007,2025-09-23,Dry Van,3215.7,5683.63,5597.42,False,True,ridge_spline
TR-042008,2025-09-23,Reefer,1048.6,2337.12,2342.57,False,False,ridge_spline
TR-042009,2025-09-23,Dry Van,2073.6,3369.41,3552.54,False,True,ridge_spline
TR-042010,2025-09-23,Flatbed,1661.5,3638.32,3505.97,False,True,ridge_spline
TR-042011,2025-09-23,Reefer,2079.9,4202.91,4268.3,False,True,ridge_spline
TR-042012,2025-09-23,Dry Van,2615.8,4581.19,4551.14,False,True,ridge_spline
TR-042013,2025-09-23,Reefer,1168.3,2736.4,2676.43,False,True,ridge_spline
TR-042014,2025-09-23,Dry Van,835.6,1738.09,1739.51,False,True,ridge_spline
TR-042015,2025-09-23,Dry Van,768.8,1660.43,1665.02,False,True,ridge_spline
TR-042016,2025-09-23,Reefer,2135.7,4842.97,4633.04,False,True,ridge_spline
TR-042017,2025-09-23,Dry Van,298.4,731.1,721.97,False,True,ridge_spline
TR-042018,2025-09-23,Dry Van,560.8,1227.42,1204.73,False,True,ridge_spline
TR-042019,2025-09-23,Reefer,1812.1,3958.1,3893.19,False,True,ridge_spline
TR-042020,2025-09-23,Dry Van,979.8,2009.54,2021.44,False,True,ridge_spline
TR-042021,2025-09-23,Flatbed,749.0,1774.47,1731.05,False,False,ridge_spline
TR-042022,2025-09-23,Dry Van,2404.8,4600.17,4533.1,False,True,ridge_spline
TR-042023,2025-09-23,Dry Van,2335.7,4515.31,4514.32,False,True,ridge_spline
TR-042024,2025-09-23,Dry Van,1187.7,2254.26,2265.23,False,True,ridge_spline
TR-042025,2025-09-23,Reefer,871.6,2018.27,1988.87,False,True,ridge_spline
TR-042026,2025-09-23,Reefer,1848.3,4140.09,4023.8,False,True,ridge_spline
TR-042027,2025-09-23,Dry Van,1849.5,3530.8,3522.1,False,True,ridge_spline
TR-042028,2025-09-23,Reefer,2251.9,4814.82,4714.07,False,True,ridge_spline
TR-042029,2025-09-23,Flatbed,743.8,1666.44,1596.39,False,True,ridge_spline
TR-042030,2025-09-23,Reefer,962.2,2350.24,2306.77,False,True,ridge_spline
TR-042031,2025-09-23,Dry Van,306.4,759.16,764.01,False,True,ridge_spline
TR-042032,2025-09-23,Flatbed,2321.3,5033.39,4688.44,False,True,ridge_spline
TR-042033,2025-09-23,Reefer,737.8,322.34,1715.75,True,True,ridge_spline
TR-042034,2025-09-23,Dry Van,3145.4,5577.48,5505.22,False,True,ridge_spline
TR-042035,2025-09-23,Flatbed,2193.8,4438.72,4183.62,False,True,ridge_spline
TR-042036,2025-09-23,Dry Van,1903.5,3727.19,3686.1,False,True,ridge_spline
TR-042037,2025-09-23,Dry Van,660.6,1343.64,1332.59,False,True,ridge_spline
TR-042038,2025-09-23,Dry Van,752.4,1564.53,1532.69,False,True,ridge_spline
TR-042039,2025-09-23,Reefer,694.5,1745.08,1672.37,False,True,ridge_spline
TR-042040,2025-09-23,Dry Van,167.6,436.33,430.67,False,True,ridge_spline
TR-042041,2025-09-23,Flatbed,372.8,997.52,947.25,False,True,ridge_spline
TR-042042,2025-09-23,Flatbed,2973.8,6078.29,5901.55,False,True,ridge_spline
TR-042043,2025-09-23,Reefer,811.5,1980.66,1916.56,False,True,ridge_spline
TR-042044,2025-09-23,Dry Van,2078.0,4012.31,4014.17,False,True,ridge_spline
TR-042045,2025-09-23,Reefer,149.7,436.95,422.3,False,True,ridge_spline
TR-042046,2025-09-23,Dry Van,193.5,509.49,510.26,False,True,ridge_spline
TR-042047,2025-09-23,Flatbed,852.0,2050.84,2003.73,False,True,ridge_spline
TR-042048,2025-09-23,Dry Van,427.6,997.19,964.43,False,True,ridge_spline
TR-042049,2025-09-23,Dry Van,422.1,1068.01,1046.48,False,True,ridge_spline
TR-042050,2025-09-23,Flatbed,371.7,943.32,904.3,False,True,ridge_spline
TR-042051,2025-09-23,Dry Van,1045.7,2090.75,2083.64,False,True,ridge_spline
TR-042052,2025-09-23,Reefer,76.5,269.11,255.85,False,True,ridge_spline
TR-042053,2025-09-23,Dry Van,703.5,1458.41,1483.44,False,True,ridge_spline
TR-042054,2025-09-23,Dry Van,383.1,893.07,886.64,False,True,ridge_spline
TR-042055,2025-09-23,Reefer,2245.8,4756.33,4650.49,False,True,ridge_spline
TR-042056,2025-09-23,Dry Van,468.4,1079.12,1087.3,False,True,ridge_spline
TR-042057,2025-09-23,Dry Van,1201.2,2323.37,2396.12,False,True,ridge_spline
TR-042058,2025-09-23,Flatbed,1292.5,2936.24,2784.24,False,True,ridge_spline
TR-042059,2025-09-23,Flatbed,497.9,1268.05,1220.23,False,True,ridge_spline
TR-042060,2025-09-23,Flatbed,699.6,1705.42,1620.2,False,True,ridge_spline
TR-042061,2025-09-23,Dry Van,1569.4,3196.74,3195.41,False,True,ridge_spline
TR-042062,2025-09-23,Dry Van,3092.3,5914.46,5785.47,False,True,ridge_spline
TR-042063,2025-09-23,Flatbed,543.7,1338.37,1268.58,False,True,ridge_spline
TR-042064,2025-09-23,Dry Van,377.8,887.15,863.23,False,True,ridge_spline
TR-042065,2025-09-23,Reefer,982.2,2179.55,2122.75,False,True,ridge_spline
TR-042066,2025-09-23,Dry Van,1237.7,2404.05,2388.64,False,True,ridge_spline
TR-042067,2025-09-23,Dry Van,489.6,1083.45,1048.3,False,True,ridge_spline
TR-042068,2025-09-23,Reefer,1640.8,3650.77,3478.66,False,True,ridge_spline
TR-042069,2025-09-23,Dry Van,909.0,1876.04,1869.75,False,True,ridge_spline
TR-042070,2025-09-23,Dry Van,651.2,1414.99,1449.41,False,True,ridge_spline
TR-042071,2025-09-23,Dry Van,2398.6,4273.9,4310.18,False,True,ridge_spline
TR-042072,2025-09-23,Flatbed,562.1,1392.01,1337.61,False,True,ridge_spline
TR-042073,2025-09-23,Flatbed,748.4,1871.4,1824.61,False,True,ridge_spline
TR-042074,2025-09-23,Dry Van,1312.0,2687.38,2647.67,False,True,ridge_spline
TR-042075,2025-09-23,Flatbed,1151.8,2666.89,2520.56,False,False,ridge_spline
TR-042076,2025-09-23,Reefer,1950.5,4386.65,4250.29,False,True,ridge_spline
TR-042077,2025-09-23,Flatbed,1192.4,2664.59,2584.25,False,True,ridge_spline
TR-042078,2025-09-23,Dry Van,2267.9,3938.41,4100.81,False,True,ridge_spline
TR-042079,2025-09-23,Dry Van,2670.9,4537.16,4601.99,False,True,ridge_spline
TR-042080,2025-09-23,Dry Van,307.9,745.34,756.87,False,True,ridge_spline
TR-042081,2025-09-23,Flatbed,2131.7,4440.3,4407.28,False,True,ridge_spline
TR-042082,2025-09-23,Dry Van,1202.1,2524.09,2466.89,False,True,ridge_spline
TR-042083,2025-09-23,Dry Van,508.5,1080.84,1073.7,False,True,ridge_spline
TR-042084,2025-09-23,Dry Van,1071.8,2189.11,2141.8,False,True,ridge_spline
TR-042085,2025-09-23,Dry Van,2118.2,3963.65,3980.89,False,True,ridge_spline
TR-042086,2025-09-23,Dry Van,990.4,2167.86,2104.49,False,True,ridge_spline
TR-042087,2025-09-23,Reefer,648.3,1554.02,1522.2,False,True,ridge_spline
TR-042088,2025-09-23,Dry Van,977.7,2039.75,1986.5,False,True,ridge_spline
TR-042089,2025-09-23,Dry Van,994.2,2024.17,1972.69,False,True,ridge_spline
TR-042090,2025-09-23,Reefer,221.7,681.2,673.02,False,True,ridge_spline
TR-042091,2025-09-23,Dry Van,420.7,890.9,890.12,False,True,ridge_spline
TR-042092,2025-09-23,Reefer,2465.7,5471.67,5284.93,False,True,ridge_spline
TR-042093,2025-09-23,Dry Van,240.8,590.75,574.24,False,True,ridge_spline
TR-042094,2025-09-23,Dry Van,419.5,873.95,884.55,False,True,ridge_spline
TR-042095,2025-09-23,Flatbed,2023.4,4339.94,4207.61,False,True,ridge_spline
TR-042096,2025-09-23,Flatbed,3077.1,6219.04,5802.06,False,False,ridge_spline
TR-042097,2025-09-23,Dry Van,1405.0,2723.7,2757.71,False,True,ridge_spline
TR-042098,2025-09-23,Dry Van,758.0,1592.93,1597.75,False,True,ridge_spline
TR-042099,2025-09-23,Reefer,686.8,1570.77,1534.38,False,True,ridge_spline
TR-042100,2025-09-23,Reefer,180.5,559.36,541.48,False,True,ridge_spline
TR-042101,2025-09-23,Dry Van,2355.7,4467.36,4431.13,False,True,ridge_spline
TR-042102,2025-09-23,Dry Van,1305.1,2608.57,2468.79,False,True,ridge_spline
TR-042103,2025-09-23,Dry Van,746.9,1457.22,1468.27,False,True,ridge_spline
TR-042104,2025-09-23,Reefer,430.0,1213.26,1175.78,False,True,ridge_spline
TR-042105,2025-09-24,Dry Van,941.0,1858.56,1786.02,False,True,ridge_spline
TR-042106,2025-09-24,Reefer,649.3,1640.99,1628.69,False,True,ridge_spline
TR-042107,2025-09-24,Flatbed,308.4,831.82,767.8,False,True,ridge_spline
TR-042108,2025-09-24,Dry Van,2312.2,4344.78,4372.71,False,True,ridge_spline
TR-042109,2025-09-24,Dry Van,2844.4,5375.13,5286.83,False,True,ridge_spline
TR-042110,2025-09-24,Dry Van,1690.2,3243.45,3201.35,False,True,ridge_spline
TR-042111,2025-09-24,Reefer,165.0,486.64,476.24,False,True,ridge_spline
TR-042112,2025-09-24,Flatbed,1142.8,2421.53,2366.59,False,True,ridge_spline
TR-042113,2025-09-24,Dry Van,303.5,774.12,751.52,False,True,ridge_spline
TR-042114,2025-09-24,Flatbed,2197.4,4504.8,4449.03,False,True,ridge_spline
TR-042115,2025-09-24,Flatbed,319.0,872.42,819.9,False,True,ridge_spline
TR-042116,2025-09-24,Reefer,356.6,965.6,945.18,False,True,ridge_spline
TR-042117,2025-09-24,Reefer,1659.8,3812.94,3630.84,False,True,ridge_spline
TR-042118,2025-09-24,Dry Van,300.0,765.42,752.8,False,True,ridge_spline
TR-042119,2025-09-24,Dry Van,2724.3,4913.77,4907.65,False,True,ridge_spline
TR-042120,2025-09-24,Reefer,793.7,1907.82,1810.47,False,True,ridge_spline
TR-042121,2025-09-24,Dry Van,2461.9,4576.82,4494.8,False,True,ridge_spline
TR-042122,2025-09-24,Dry Van,480.8,1075.11,1057.27,False,True,ridge_spline
TR-042123,2025-09-24,Dry Van,1790.8,3454.06,3390.07,False,True,ridge_spline
TR-042124,2025-09-24,Dry Van,1763.2,3492.43,3368.87,False,True,ridge_spline
TR-042125,2025-09-24,Dry Van,1006.8,2006.15,2018.12,False,True,ridge_spline
TR-042126,2025-09-24,Dry Van,1074.8,2311.97,2262.57,False,True,ridge_spline
TR-042127,2025-09-24,Reefer,2886.3,5685.16,5540.25,False,True,ridge_spline
TR-042128,2025-09-24,Dry Van,766.4,1647.88,1639.62,False,True,ridge_spline
TR-042129,2025-09-24,Reefer,1082.8,2493.63,2504.66,False,True,ridge_spline
TR-042130,2025-09-24,Flatbed,1170.4,2740.24,2555.28,False,True,ridge_spline
TR-042131,2025-09-24,Dry Van,1711.9,3225.05,3251.84,False,True,ridge_spline
TR-042132,2025-09-24,Dry Van,487.3,1140.94,1099.43,False,True,ridge_spline
TR-042133,2025-09-24,Dry Van,2277.8,4050.11,4079.33,False,True,ridge_spline
TR-042134,2025-09-24,Dry Van,666.4,1500.33,1444.52,False,True,ridge_spline
TR-042135,2025-09-24,Dry Van,2238.8,4161.55,4115.81,False,True,ridge_spline
TR-042136,2025-09-24,Reefer,813.0,2029.71,1941.66,False,True,ridge_spline
TR-042137,2025-09-24,Dry Van,845.7,1841.47,1835.54,False,True,ridge_spline
TR-042138,2025-09-24,Dry Van,1168.0,2411.4,2395.14,False,False,ridge_spline
TR-042139,2025-09-24,Reefer,976.7,2419.53,2273.84,False,True,ridge_spline
TR-042140,2025-09-24,Dry Van,1070.0,2179.13,2173.15,False,True,ridge_spline
TR-042141,2025-09-24,Dry Van,1535.5,3015.19,2933.82,False,False,ridge_spline
TR-042142,2025-09-24,Flatbed,1227.1,2935.55,2774.04,False,True,ridge_spline
TR-042143,2025-09-24,Dry Van,1779.8,3418.66,3385.4,False,True,ridge_spline
TR-042144,2025-09-24,Dry Van,2419.9,4715.78,4646.33,False,True,ridge_spline
TR-042145,2025-09-24,Flatbed,1826.4,4088.47,3948.21,False,True,ridge_spline
TR-042146,2025-09-24,Dry Van,1786.5,3505.47,3459.25,False,True,ridge_spline
TR-042147,2025-09-24,Dry Van,2773.7,5063.42,5005.12,False,True,ridge_spline
TR-042148,2025-09-24,Flatbed,2117.6,4446.28,4222.88,False,True,ridge_spline
TR-042149,2025-09-24,Dry Van,812.8,1733.22,1684.53,False,True,ridge_spline
TR-042150,2025-09-24,Dry Van,1415.5,13026.22,2841.43,True,True,ridge_spline
TR-042151,2025-09-24,Flatbed,2728.7,5884.52,5507.2,False,True,ridge_spline
TR-042152,2025-09-24,Dry Van,984.2,2109.73,2031.25,False,True,ridge_spline
TR-042153,2025-09-24,Reefer,2126.3,4373.32,4283.63,False,True,ridge_spline
TR-042154,2025-09-24,Dry Van,1102.3,2231.28,2174.73,False,True,ridge_spline
TR-042155,2025-09-24,Dry Van,2743.0,4987.73,4976.28,False,True,ridge_spline
TR-042156,2025-09-24,Flatbed,943.3,2100.75,1999.6,False,True,ridge_spline
TR-042157,2025-09-24,Reefer,1188.7,2762.46,2687.89,False,True,ridge_spline
TR-042158,2025-09-24,Reefer,2123.5,5117.77,4684.04,False,True,ridge_spline
TR-042159,2025-09-24,Flatbed,427.6,1163.04,1108.33,False,True,ridge_spline
TR-042160,2025-09-24,Dry Van,3104.3,5724.44,5774.51,False,True,ridge_spline
TR-042161,2025-09-24,Dry Van,433.0,1018.98,979.76,False,True,ridge_spline
TR-042162,2025-09-24,Flatbed,181.6,564.94,533.51,False,True,ridge_spline
TR-042163,2025-09-24,Dry Van,370.6,926.75,903.26,False,False,ridge_spline
TR-042164,2025-09-24,Dry Van,1440.2,2891.9,2840.81,False,True,ridge_spline
TR-042165,2025-09-24,Dry Van,772.7,1573.33,1554.53,False,True,ridge_spline
TR-042166,2025-09-24,Reefer,181.9,562.12,556.52,False,True,ridge_spline
TR-042167,2025-09-24,Reefer,740.7,1761.53,1671.02,False,True,ridge_spline
TR-042168,2025-09-24,Dry Van,1616.7,3178.09,3190.07,False,True,ridge_spline
TR-042169,2025-09-24,Dry Van,2081.1,4088.81,4038.74,False,True,ridge_spline
TR-042170,2025-09-24,Reefer,914.0,2056.92,1972.64,False,True,ridge_spline
TR-042171,2025-09-24,Flatbed,615.8,1475.32,1396.55,False,True,ridge_spline
TR-042172,2025-09-24,Reefer,1019.2,2307.45,2292.82,False,False,ridge_spline
TR-042173,2025-09-24,Flatbed,367.9,944.09,901.26,False,True,ridge_spline
TR-042174,2025-09-24,Flatbed,916.1,2244.31,2164.92,False,True,ridge_spline
TR-042175,2025-09-24,Dry Van,848.4,1812.97,1727.53,False,True,ridge_spline
TR-042176,2025-09-24,Dry Van,496.3,1017.35,1043.58,False,True,ridge_spline
TR-042177,2025-09-24,Dry Van,545.9,1223.55,1238.7,False,True,ridge_spline
TR-042178,2025-09-24,Flatbed,274.5,757.04,741.88,False,True,ridge_spline
TR-042179,2025-09-24,Flatbed,918.6,2187.59,2068.33,False,True,ridge_spline
TR-042180,2025-09-24,Dry Van,2266.7,4031.66,4040.69,False,True,ridge_spline
TR-042181,2025-09-24,Dry Van,378.2,892.63,905.5,False,True,ridge_spline
TR-042182,2025-09-24,Flatbed,508.7,1257.54,1221.31,False,True,ridge_spline
TR-042183,2025-09-24,Dry Van,712.5,1578.48,1549.42,False,True,ridge_spline
TR-042184,2025-09-24,Flatbed,911.0,2122.13,2039.39,False,True,ridge_spline
TR-042185,2025-09-24,Reefer,2146.3,4599.91,4562.32,False,True,ridge_spline
TR-042186,2025-09-24,Dry Van,3161.7,5692.34,5451.68,False,True,ridge_spline
TR-042187,2025-09-24,Dry Van,1148.4,2230.17,2293.08,False,True,ridge_spline
TR-042188,2025-09-24,Reefer,922.4,2184.86,2150.9,False,True,ridge_spline
TR-042189,2025-09-24,Flatbed,1233.5,2740.72,2673.7,False,False,ridge_spline
TR-042190,2025-09-24,Dry Van,978.4,1888.07,1835.47,False,True,ridge_spline
TR-042191,2025-09-24,Dry Van,1239.1,2647.68,2604.98,False,True,ridge_spline
TR-042192,2025-09-24,Dry Van,260.9,594.17,589.72,False,True,ridge_spline
TR-042193,2025-09-24,Dry Van,1068.2,2258.15,2306.47,False,True,ridge_spline
TR-042194,2025-09-24,Flatbed,2098.0,4305.47,4044.58,False,True,ridge_spline
TR-042195,2025-09-24,Dry Van,2865.1,4852.12,5076.94,False,True,ridge_spline
TR-042196,2025-09-24,Reefer,73.4,243.49,235.08,False,True,ridge_spline
TR-042197,2025-09-24,Flatbed,794.8,1892.2,1834.37,False,True,ridge_spline
TR-042198,2025-09-24,Dry Van,1174.3,2316.44,2325.9,False,True,ridge_spline
TR-042199,2025-09-24,Dry Van,507.2,1155.97,1151.08,False,True,ridge_spline
TR-042200,2025-09-24,Reefer,1998.7,4488.03,4407.76,False,True,ridge_spline
TR-042201,2025-09-24,Flatbed,541.4,1357.36,1290.67,False,True,ridge_spline
TR-042202,2025-09-24,Dry Van,868.1,1715.81,1668.61,False,True,ridge_spline
TR-042203,2025-09-24,Dry Van,2088.1,4171.88,4106.65,False,True,ridge_spline
TR-042204,2025-09-24,Flatbed,2868.2,6023.57,5799.62,False,True,ridge_spline
TR-042205,2025-09-24,Dry Van,836.5,1682.87,1682.37,False,True,ridge_spline
TR-042206,2025-09-24,Reefer,422.6,1167.82,1139.6,False,False,ridge_spline
TR-042207,2025-09-24,Dry Van,2894.4,5177.62,5223.43,False,True,ridge_spline
TR-042208,2025-09-24,Dry Van,302.8,805.16,802.48,False,True,ridge_spline
TR-042209,2025-09-24,Dry Van,170.7,447.62,445.14,False,True,ridge_spline
TR-042210,2025-09-24,Dry Van,130.7,348.52,350.4,False,True,ridge_spline
TR-042211,2025-09-24,Dry Van,1745.3,3341.3,3273.46,False,True,ridge_spline
TR-042212,2025-09-24,Flatbed,1229.0,2766.75,2647.22,False,False,ridge_spline
TR-042213,2025-09-24,Dry Van,1880.5,3547.14,3528.32,False,True,ridge_spline
TR-042214,2025-09-24,Reefer,574.1,1407.31,1362.49,False,True,ridge_spline
TR-042215,2025-09-24,Reefer,2024.5,4228.77,4209.78,False,True,ridge_spline
TR-042216,2025-09-24,Dry Van,584.2,1296.7,1275.32,False,True,ridge_spline
TR-042217,2025-09-24,Flatbed,3048.3,6474.77,6106.92,False,True,ridge_spline
TR-042218,2025-09-24,Flatbed,2584.6,5551.14,5264.75,False,True,ridge_spline
TR-042219,2025-09-24,Dry Van,421.7,1029.93,1022.97,False,True,ridge_spline
TR-042220,2025-09-24,Reefer,1731.8,3775.4,3689.46,False,True,ridge_spline
TR-042221,2025-09-24,Dry Van,1014.2,2032.78,2002.42,False,True,ridge_spline
TR-042222,2025-09-24,Reefer,735.4,1777.36,1766.22,False,True,ridge_spline
TR-042223,2025-09-24,Flatbed,555.2,1369.6,1307.15,False,True,ridge_spline
TR-042224,2025-09-24,Reefer,346.5,933.03,920.6,False,True,ridge_spline
TR-042225,2025-09-24,Dry Van,3061.4,5431.34,5414.96,False,True,ridge_spline
TR-042226,2025-09-24,Dry Van,600.5,1325.03,1342.28,False,True,ridge_spline
TR-042227,2025-09-24,Reefer,1661.0,3705.15,3590.73,False,True,ridge_spline
TR-042228,2025-09-24,Flatbed,879.0,2122.83,2053.6,False,True,ridge_spline
TR-042229,2025-09-24,Dry Van,339.8,787.05,783.1,False,True,ridge_spline
TR-042230,2025-09-24,Flatbed,243.7,691.92,629.71,False,True,ridge_spline
TR-042231,2025-09-24,Reefer,200.3,570.79,558.58,False,True,ridge_spline
TR-042232,2025-09-24,Dry Van,1984.4,3844.53,3860.05,False,True,ridge_spline
TR-042233,2025-09-24,Reefer,506.3,1335.3,1318.03,False,True,ridge_spline
TR-042234,2025-09-24,Flatbed,3072.9,6033.69,5663.28,False,True,ridge_spline
TR-042235,2025-09-24,Reefer,1971.7,4417.55,4179.37,False,True,ridge_spline
TR-042236,2025-09-24,Dry Van,278.3,671.84,672.35,False,True,ridge_spline
TR-042237,2025-09-24,Reefer,1726.2,3973.01,3914.4,False,True,ridge_spline
TR-042238,2025-09-24,Dry Van,626.3,1366.55,1385.5,False,True,ridge_spline
TR-042239,2025-09-24,Reefer,402.2,1106.98,1092.18,False,True,ridge_spline
TR-042240,2025-09-24,Flatbed,1894.7,3923.25,3738.3,False,True,ridge_spline
TR-042241,2025-09-24,Flatbed,2131.8,4649.34,4400.91,False,True,ridge_spline
TR-042242,2025-09-24,Dry Van,2546.3,4853.02,4722.92,False,True,ridge_spline
TR-042243,2025-09-24,Dry Van,692.2,1615.3,1603.82,False,True,ridge_spline
TR-042244,2025-09-24,Dry Van,135.0,366.07,363.69,False,True,ridge_spline
TR-042245,2025-09-24,Dry Van,373.4,858.82,853.53,False,True,ridge_spline
TR-042246,2025-09-24,Dry Van,1514.6,3101.69,3122.76,False,True,ridge_spline
TR-042247,2025-09-24,Dry Van,525.7,1206.63,1225.69,False,True,ridge_spline
TR-042248,2025-09-24,Dry Van,1192.7,2329.37,2283.51,False,True,ridge_spline
TR-042249,2025-09-24,Dry Van,1172.3,2427.31,2345.03,False,True,ridge_spline
TR-042250,2025-09-24,Dry Van,212.5,515.93,527.49,False,True,ridge_spline
TR-042251,2025-09-24,Dry Van,2606.7,4981.33,4877.02,False,True,ridge_spline
TR-042252,2025-09-24,Dry Van,1159.0,2447.3,2448.16,False,True,ridge_spline
TR-042253,2025-09-24,Flatbed,2284.0,4771.94,4589.17,False,True,ridge_spline
TR-042254,2025-09-24,Dry Van,1497.1,2881.01,2878.21,False,True,ridge_spline
TR-042255,2025-09-24,Dry Van,2929.9,5092.81,5235.19,False,True,ridge_spline
TR-042256,2025-09-24,Dry Van,792.6,1789.16,1759.06,False,True,ridge_spline
TR-042257,2025-09-24,Reefer,994.1,2331.54,2291.49,False,False,ridge_spline
TR-042258,2025-09-24,Dry Van,871.4,1886.18,1896.89,False,True,ridge_spline
TR-042259,2025-09-24,Dry Van,1028.1,681.3,2051.77,True,True,ridge_spline
TR-042260,2025-09-25,Dry Van,278.9,717.72,691.91,False,True,ridge_spline
TR-042261,2025-09-25,Reefer,730.5,1756.86,1707.68,False,True,ridge_spline
TR-042262,2025-09-25,Dry Van,1148.3,2355.19,2390.47,False,True,ridge_spline
TR-042263,2025-09-25,Dry Van,1338.7,2682.7,2704.9,False,True,ridge_spline
TR-042264,2025-09-25,Reefer,1277.3,3126.04,2983.9,False,True,ridge_spline
TR-042265,2025-09-25,Reefer,2696.1,5887.74,5751.44,False,True,ridge_spline
TR-042266,2025-09-25,Flatbed,1745.6,4133.57,3844.49,False,True,ridge_spline
TR-042267,2025-09-25,Flatbed,730.8,1756.17,1709.05,False,True,ridge_spline
TR-042268,2025-09-25,Reefer,2213.1,4584.97,4433.1,False,True,ridge_spline
TR-042269,2025-09-25,Reefer,624.8,1605.89,1569.46,False,True,ridge_spline
TR-042270,2025-09-25,Dry Van,536.9,1147.94,1151.23,False,True,ridge_spline
TR-042271,2025-09-25,Dry Van,2765.7,5084.53,5082.08,False,True,ridge_spline
TR-042272,2025-09-25,Flatbed,2624.6,5681.94,5219.93,False,True,ridge_spline
TR-042273,2025-09-25,Reefer,599.6,1482.22,1422.53,False,True,ridge_spline
TR-042274,2025-09-25,Reefer,540.5,1396.36,1365.96,False,False,ridge_spline
TR-042275,2025-09-25,Dry Van,2638.7,4739.76,4603.82,False,True,ridge_spline
TR-042276,2025-09-25,Reefer,774.9,1909.96,1855.72,False,True,ridge_spline
TR-042277,2025-09-25,Dry Van,821.7,1794.23,1784.32,False,True,ridge_spline
TR-042278,2025-09-25,Dry Van,556.2,1233.72,1218.88,False,True,ridge_spline
TR-042279,2025-09-25,Reefer,575.4,1495.26,1419.09,False,True,ridge_spline
TR-042280,2025-09-25,Reefer,840.1,1961.16,1923.51,False,True,ridge_spline
TR-042281,2025-09-25,Dry Van,368.3,870.43,868.01,False,True,ridge_spline
TR-042282,2025-09-25,Flatbed,289.2,804.31,779.37,False,True,ridge_spline
TR-042283,2025-09-25,Reefer,2045.8,4348.33,4239.72,False,True,ridge_spline
TR-042284,2025-09-25,Dry Van,1329.7,2592.04,2686.81,False,True,ridge_spline
TR-042285,2025-09-25,Reefer,895.7,2109.59,2023.05,False,True,ridge_spline
TR-042286,2025-09-25,Dry Van,692.8,1611.88,1596.39,False,True,ridge_spline
TR-042287,2025-09-25,Flatbed,923.8,2240.76,2100.81,False,True,ridge_spline
TR-042288,2025-09-25,Dry Van,3180.2,5578.56,5575.08,False,True,ridge_spline
TR-042289,2025-09-25,Reefer,1897.2,4226.82,4026.72,False,True,ridge_spline
TR-042290,2025-09-25,Flatbed,649.7,1656.6,1542.47,False,True,ridge_spline
TR-042291,2025-09-25,Dry Van,353.9,826.89,822.87,False,True,ridge_spline
TR-042292,2025-09-25,Dry Van,334.4,866.09,829.67,False,True,ridge_spline
TR-042293,2025-09-25,Reefer,384.8,1042.68,1020.43,False,True,ridge_spline
TR-042294,2025-09-25,Dry Van,305.7,708.86,699.5,False,True,ridge_spline
TR-042295,2025-09-25,Dry Van,367.4,857.15,872.06,False,True,ridge_spline
TR-042296,2025-09-25,Reefer,1013.4,2558.09,2471.36,False,True,ridge_spline
TR-042297,2025-09-25,Dry Van,1028.3,2094.08,2106.15,False,True,ridge_spline
TR-042298,2025-09-25,Dry Van,780.4,1663.96,1677.31,False,True,ridge_spline
TR-042299,2025-09-25,Dry Van,1966.7,3819.58,3802.13,False,True,ridge_spline
TR-042300,2025-09-25,Dry Van,2610.9,4914.29,4872.0,False,True,ridge_spline
TR-042301,2025-09-25,Flatbed,3113.3,6534.49,6279.59,False,True,ridge_spline
TR-042302,2025-09-25,Dry Van,371.1,349.14,867.73,True,True,ridge_spline
TR-042303,2025-09-25,Reefer,926.0,2072.67,2029.8,False,True,ridge_spline
TR-042304,2025-09-25,Reefer,851.2,2009.25,1972.12,False,True,ridge_spline
TR-042305,2025-09-25,Flatbed,1314.4,2805.6,2715.92,False,False,ridge_spline
TR-042306,2025-09-25,Dry Van,872.8,1888.51,1874.45,False,True,ridge_spline
TR-042307,2025-09-25,Reefer,969.8,2359.77,2328.5,False,True,ridge_spline
TR-042308,2025-09-25,Dry Van,455.1,1027.96,1005.19,False,True,ridge_spline
TR-042309,2025-09-25,Dry Van,697.3,1591.11,1521.25,False,True,ridge_spline
TR-042310,2025-09-25,Dry Van,1500.8,2812.37,2857.61,False,True,ridge_spline
TR-042311,2025-09-25,Reefer,1569.4,3643.04,3452.53,False,True,ridge_spline
TR-042312,2025-09-25,Reefer,661.3,1603.47,1606.57,False,True,ridge_spline
TR-042313,2025-09-25,Reefer,2010.9,4294.08,4222.63,False,True,ridge_spline
TR-042314,2025-09-25,Dry Van,316.8,800.37,780.75,False,True,ridge_spline
TR-042315,2025-09-25,Flatbed,716.9,1799.66,1724.96,False,True,ridge_spline
TR-042316,2025-09-25,Dry Van,1466.3,2828.46,2813.53,False,True,ridge_spline
TR-042317,2025-09-25,Dry Van,1296.1,2614.01,2634.43,False,True,ridge_spline
TR-042318,2025-09-25,Flatbed,1049.9,2351.77,2160.12,False,True,ridge_spline
TR-042319,2025-09-25,Dry Van,2379.6,4229.68,4226.5,False,True,ridge_spline
TR-042320,2025-09-25,Dry Van,545.6,1135.51,1135.56,False,True,ridge_spline
TR-042321,2025-09-25,Dry Van,728.4,1636.35,1622.21,False,True,ridge_spline
TR-042322,2025-09-25,Dry Van,2464.0,4626.49,4412.96,False,True,ridge_spline
TR-042323,2025-09-25,Reefer,1304.7,2890.62,2869.33,False,False,ridge_spline
TR-042324,2025-09-25,Dry Van,327.2,816.62,805.27,False,True,ridge_spline
TR-042325,2025-09-25,Dry Van,817.1,1719.66,1685.44,False,True,ridge_spline
TR-042326,2025-09-25,Reefer,940.1,2209.21,2161.88,False,False,ridge_spline
TR-042327,2025-09-25,Dry Van,2786.1,5345.03,5204.56,False,True,ridge_spline
TR-042328,2025-09-25,Dry Van,1323.0,2616.64,2558.02,False,True,ridge_spline
TR-042329,2025-09-25,Flatbed,344.8,940.28,903.51,False,True,ridge_spline
TR-042330,2025-09-25,Dry Van,479.9,1116.95,1067.32,False,True,ridge_spline
TR-042331,2025-09-25,Dry Van,807.5,1760.83,1713.66,False,True,ridge_spline
TR-042332,2025-09-25,Dry Van,1172.6,2281.31,2294.29,False,False,ridge_spline
TR-042333,2025-09-25,Flatbed,798.6,1963.71,1835.15,False,True,ridge_spline
TR-042334,2025-09-25,Flatbed,1222.6,2622.01,2596.31,False,True,ridge_spline
TR-042335,2025-09-25,Dry Van,2954.6,5614.38,5479.14,False,True,ridge_spline
TR-042336,2025-09-25,Flatbed,1543.4,3330.13,3182.13,False,True,ridge_spline
TR-042337,2025-09-25,Dry Van,645.7,1498.05,1463.54,False,True,ridge_spline
TR-042338,2025-09-25,Dry Van,1105.4,2239.53,2221.27,False,True,ridge_spline
TR-042339,2025-09-25,Dry Van,888.9,1851.15,1863.98,False,True,ridge_spline
TR-042340,2025-09-25,Reefer,609.4,1534.73,1498.61,False,True,ridge_spline
TR-042341,2025-09-25,Dry Van,478.1,1083.05,1079.18,False,True,ridge_spline
TR-042342,2025-09-25,Flatbed,538.6,1361.77,1296.2,False,True,ridge_spline
TR-042343,2025-09-25,Dry Van,1050.1,2143.1,2123.12,False,True,ridge_spline
TR-042344,2025-09-25,Dry Van,1561.7,3123.92,3157.94,False,True,ridge_spline
TR-042345,2025-09-25,Dry Van,1427.8,2814.56,2772.37,False,True,ridge_spline
TR-042346,2025-09-25,Dry Van,735.8,1623.43,1561.83,False,True,ridge_spline
TR-042347,2025-09-25,Dry Van,791.7,1738.95,1636.15,False,True,ridge_spline
TR-042348,2025-09-25,Dry Van,1658.2,3114.73,3143.36,False,True,ridge_spline
TR-042349,2025-09-25,Flatbed,317.1,828.58,761.17,False,True,ridge_spline
TR-042350,2025-09-25,Flatbed,964.9,2160.03,2080.22,False,True,ridge_spline
TR-042351,2025-09-25,Flatbed,224.2,714.4,676.46,False,True,ridge_spline
TR-042352,2025-09-25,Dry Van,1028.9,2033.38,2035.21,False,True,ridge_spline
TR-042353,2025-09-25,Dry Van,877.6,1867.63,1883.28,False,True,ridge_spline
TR-042354,2025-09-25,Flatbed,363.4,3286.31,983.58,True,False,ridge_spline
TR-042355,2025-09-25,Dry Van,1041.1,2228.56,2199.22,False,True,ridge_spline
TR-042356,2025-09-25,Dry Van,838.3,1708.13,1670.59,False,True,ridge_spline
TR-042357,2025-09-25,Dry Van,742.2,1571.24,1566.61,False,True,ridge_spline
TR-042358,2025-09-25,Reefer,188.4,602.47,577.42,False,True,ridge_spline
TR-042359,2025-09-25,Reefer,993.5,2259.41,2207.1,False,True,ridge_spline
TR-042360,2025-09-25,Flatbed,190.9,577.07,541.26,False,True,ridge_spline
TR-042361,2025-09-25,Reefer,520.6,1473.79,1380.78,False,True,ridge_spline
TR-042362,2025-09-25,Dry Van,760.2,1588.38,1565.5,False,True,ridge_spline
TR-042363,2025-09-25,Dry Van,137.1,398.95,387.19,False,True,ridge_spline
TR-042364,2025-09-25,Dry Van,1939.6,3622.14,3748.83,False,True,ridge_spline
TR-042365,2025-09-25,Reefer,471.5,1207.78,1206.38,False,True,ridge_spline
TR-042366,2025-09-25,Dry Van,1132.5,2122.98,2115.81,False,True,ridge_spline
TR-042367,2025-09-25,Dry Van,1618.4,3215.91,3197.15,False,True,ridge_spline
TR-042368,2025-09-25,Flatbed,2492.5,5313.02,4990.98,False,True,ridge_spline
TR-042369,2025-09-25,Reefer,987.8,2213.6,2185.35,False,True,ridge_spline
TR-042370,2025-09-25,Dry Van,694.4,1507.78,1502.53,False,True,ridge_spline
TR-042371,2025-09-25,Dry Van,286.8,771.72,767.74,False,True,ridge_spline
TR-042372,2025-09-25,Dry Van,599.2,1328.96,1296.29,False,True,ridge_spline
TR-042373,2025-09-25,Dry Van,981.8,2118.79,2073.31,False,True,ridge_spline
TR-042374,2025-09-25,Dry Van,2276.9,4227.79,4234.4,False,True,ridge_spline
TR-042375,2025-09-25,Dry Van,3025.9,5325.72,5346.52,False,True,ridge_spline
TR-042376,2025-09-25,Dry Van,575.1,1249.91,1232.82,False,True,ridge_spline
TR-042377,2025-09-25,Flatbed,625.0,1512.7,1451.83,False,True,ridge_spline
TR-042378,2025-09-25,Flatbed,671.1,1609.45,1533.17,False,True,ridge_spline
TR-042379,2025-09-25,Flatbed,886.7,1933.19,1811.29,False,True,ridge_spline
TR-042380,2025-09-25,Dry Van,3058.6,5617.44,5519.49,False,True,ridge_spline
TR-042381,2025-09-25,Dry Van,1713.9,3234.83,3194.57,False,True,ridge_spline
TR-042382,2025-09-25,Dry Van,2011.6,3748.42,3686.82,False,True,ridge_spline
TR-042383,2025-09-25,Flatbed,1564.7,3423.2,3308.09,False,False,ridge_spline
TR-042384,2025-09-25,Dry Van,675.5,1331.03,1346.73,False,True,ridge_spline
TR-042385,2025-09-25,Flatbed,383.6,1059.91,990.95,False,True,ridge_spline
TR-042386,2025-09-25,Dry Van,708.4,1504.79,1525.59,False,True,ridge_spline
TR-042387,2025-09-25,Dry Van,1175.0,2393.85,2409.56,False,True,ridge_spline
TR-042388,2025-09-25,Dry Van,266.2,655.29,651.21,False,True,ridge_spline
TR-042389,2025-09-25,Flatbed,2189.4,4798.24,4406.24,False,False,ridge_spline
TR-042390,2025-09-25,Dry Van,1145.2,2274.23,2215.08,False,True,ridge_spline
TR-042391,2025-09-25,Dry Van,462.8,1041.96,1031.08,False,True,ridge_spline
TR-042392,2025-09-25,Reefer,2673.9,5701.19,5632.36,False,True,ridge_spline
TR-042393,2025-09-25,Flatbed,2135.2,4495.91,4292.78,False,True,ridge_spline
TR-042394,2025-09-25,Flatbed,556.7,1422.6,1307.74,False,False,ridge_spline
TR-042395,2025-09-25,Flatbed,373.5,1011.95,960.6,False,False,ridge_spline
TR-042396,2025-09-25,Dry Van,628.3,1390.26,1395.66,False,True,ridge_spline
TR-042397,2025-09-25,Reefer,1093.2,2470.44,2401.27,False,True,ridge_spline
TR-042398,2025-09-25,Flatbed,574.8,1453.23,1382.25,False,True,ridge_spline
TR-042399,2025-09-25,Dry Van,489.0,1097.99,1070.64,False,True,ridge_spline
TR-042400,2025-09-25,Flatbed,551.8,1316.62,1372.13,False,True,ridge_spline
TR-042401,2025-09-25,Dry Van,1452.8,3020.08,2931.28,False,True,ridge_spline
TR-042402,2025-09-25,Reefer,1120.5,2731.0,2625.63,False,True,ridge_spline
TR-042403,2025-09-25,Reefer,281.1,752.07,740.36,False,True,ridge_spline
TR-042404,2025-09-25,Dry Van,90.0,265.12,261.78,False,True,ridge_spline
TR-042405,2025-09-25,Reefer,214.9,696.53,680.27,False,True,ridge_spline
TR-042406,2025-09-25,Flatbed,784.0,1937.24,1828.98,False,True,ridge_spline
TR-042407,2025-09-25,Reefer,2873.9,5952.63,5813.45,False,True,ridge_spline
TR-042408,2025-09-25,Flatbed,2018.2,4370.79,4162.8,False,False,ridge_spline
TR-042409,2025-09-25,Dry Van,2667.0,4989.37,4921.1,False,True,ridge_spline
TR-042410,2025-09-25,Flatbed,1131.0,2618.46,2437.28,False,True,ridge_spline
TR-042411,2025-09-25,Dry Van,1961.4,3714.77,3647.83,False,True,ridge_spline
TR-042412,2025-09-25,Dry Van,946.0,1882.15,1905.86,False,True,ridge_spline
TR-042413,2025-09-25,Dry Van,727.8,1660.95,1626.99,False,True,ridge_spline
TR-042414,2025-09-26,Dry Van,2083.6,3924.21,3911.11,False,True,ridge_spline
TR-042415,2025-09-26,Dry Van,658.3,1313.9,1314.27,False,True,ridge_spline
TR-042416,2025-09-26,Dry Van,851.0,1851.14,1819.92,False,True,ridge_spline
TR-042417,2025-09-26,Reefer,872.7,2224.97,2167.62,False,True,ridge_spline
TR-042418,2025-09-26,Reefer,1162.4,2788.7,2742.37,False,True,ridge_spline
TR-042419,2025-09-26,Flatbed,1356.3,2953.83,2914.77,False,False,ridge_spline
TR-042420,2025-09-26,Flatbed,1113.0,2436.98,2397.95,False,False,ridge_spline
TR-042421,2025-09-26,Reefer,271.0,710.92,694.14,False,True,ridge_spline
TR-042422,2025-09-26,Dry Van,1918.5,3595.49,3579.01,False,True,ridge_spline
TR-042423,2025-09-26,Dry Van,178.8,438.63,432.67,False,True,ridge_spline
TR-042424,2025-09-26,Flatbed,336.7,893.91,849.99,False,True,ridge_spline
TR-042425,2025-09-26,Reefer,486.5,1258.11,1202.53,False,True,ridge_spline
TR-042426,2025-09-26,Reefer,936.9,2316.54,2236.57,False,True,ridge_spline
TR-042427,2025-09-26,Flatbed,320.4,917.99,860.7,False,True,ridge_spline
TR-042428,2025-09-26,Dry Van,502.1,1235.8,1211.94,False,True,ridge_spline
TR-042429,2025-09-26,Flatbed,2902.6,5847.69,5424.48,False,True,ridge_spline
TR-042430,2025-09-26,Dry Van,314.7,827.54,780.33,False,True,ridge_spline
TR-042431,2025-09-26,Dry Van,824.6,1730.12,1780.23,False,True,ridge_spline
TR-042432,2025-09-26,Dry Van,1392.0,2799.82,2830.58,False,True,ridge_spline
TR-042433,2025-09-26,Reefer,853.6,2000.12,1897.96,False,False,ridge_spline
TR-042434,2025-09-26,Reefer,618.7,1506.38,1513.4,False,True,ridge_spline
TR-042435,2025-09-26,Reefer,1463.9,3221.62,3183.45,False,False,ridge_spline
TR-042436,2025-09-26,Dry Van,954.1,1913.19,1874.31,False,True,ridge_spline
TR-042437,2025-09-26,Dry Van,318.6,764.33,739.11,False,True,ridge_spline
TR-042438,2025-09-26,Dry Van,1445.9,7197.15,2876.6,True,True,ridge_spline
TR-042439,2025-09-26,Reefer,109.3,331.48,319.99,False,True,ridge_spline
TR-042440,2025-09-26,Flatbed,1858.8,4225.65,3884.22,False,True,ridge_spline
TR-042441,2025-09-26,Dry Van,1583.4,3139.51,3070.45,False,True,ridge_spline
TR-042442,2025-09-26,Reefer,2081.4,4386.98,4345.29,False,True,ridge_spline
TR-042443,2025-09-26,Dry Van,608.3,1267.35,1286.01,False,True,ridge_spline
TR-042444,2025-09-26,Flatbed,276.7,803.21,738.61,False,True,ridge_spline
TR-042445,2025-09-26,Flatbed,861.0,2102.08,1977.5,False,True,ridge_spline
TR-042446,2025-09-26,Dry Van,2459.5,4777.51,4685.68,False,True,ridge_spline
TR-042447,2025-09-26,Dry Van,341.1,837.27,802.59,False,True,ridge_spline
TR-042448,2025-09-26,Dry Van,325.4,772.63,750.57,False,True,ridge_spline
TR-042449,2025-09-26,Reefer,2248.1,4595.52,4549.89,False,True,ridge_spline
TR-042450,2025-09-26,Dry Van,1419.7,3035.82,2899.65,False,False,ridge_spline
TR-042451,2025-09-26,Reefer,591.7,1621.3,1572.84,False,True,ridge_spline
TR-042452,2025-09-26,Dry Van,479.2,1129.55,1113.0,False,True,ridge_spline
TR-042453,2025-09-26,Dry Van,840.2,5949.01,1608.1,True,True,ridge_spline
TR-042454,2025-09-26,Dry Van,665.1,1498.77,1409.28,False,True,ridge_spline
TR-042455,2025-09-26,Dry Van,2002.4,3769.39,3725.21,False,True,ridge_spline
TR-042456,2025-09-26,Reefer,819.2,2016.06,1956.89,False,False,ridge_spline
TR-042457,2025-09-26,Dry Van,671.5,1452.6,1393.77,False,True,ridge_spline
TR-042458,2025-09-26,Dry Van,1962.7,3944.75,3717.35,False,True,ridge_spline
TR-042459,2025-09-26,Dry Van,639.9,476.98,1345.07,True,True,ridge_spline
TR-042460,2025-09-26,Reefer,854.3,1954.77,1830.68,False,False,ridge_spline
TR-042461,2025-09-26,Flatbed,977.6,2346.68,2205.03,False,True,ridge_spline
TR-042462,2025-09-26,Flatbed,2357.3,5213.61,4917.8,False,True,ridge_spline
TR-042463,2025-09-26,Dry Van,2397.0,4288.85,4207.4,False,True,ridge_spline
TR-042464,2025-09-26,Dry Van,526.5,1171.1,1166.34,False,True,ridge_spline
TR-042465,2025-09-26,Dry Van,2282.6,4309.85,4254.09,False,True,ridge_spline
TR-042466,2025-09-26,Dry Van,957.3,1991.22,1989.8,False,True,ridge_spline
TR-042467,2025-09-26,Dry Van,1230.1,2363.42,2337.48,False,True,ridge_spline
TR-042468,2025-09-26,Flatbed,1772.4,3795.38,3602.0,False,True,ridge_spline
TR-042469,2025-09-26,Dry Van,1178.6,2366.45,2360.69,False,True,ridge_spline
TR-042470,2025-09-26,Dry Van,200.6,486.54,501.9,False,True,ridge_spline
TR-042471,2025-09-26,Dry Van,1837.7,3358.71,3366.17,False,True,ridge_spline
TR-042472,2025-09-26,Reefer,739.1,1934.7,1891.16,False,True,ridge_spline
TR-042473,2025-09-26,Dry Van,1820.6,3463.26,3546.86,False,True,ridge_spline
TR-042474,2025-09-26,Dry Van,561.4,1226.42,1237.04,False,True,ridge_spline
TR-042475,2025-09-26,Reefer,2018.6,4536.04,4480.53,False,True,ridge_spline
TR-042476,2025-09-26,Flatbed,316.2,867.93,830.98,False,True,ridge_spline
TR-042477,2025-09-26,Dry Van,298.5,717.39,709.55,False,True,ridge_spline
TR-042478,2025-09-26,Reefer,521.4,1486.08,1420.03,False,True,ridge_spline
TR-042479,2025-09-26,Dry Van,487.6,1078.07,1054.76,False,True,ridge_spline
TR-042480,2025-09-26,Dry Van,365.4,855.88,838.01,False,True,ridge_spline
TR-042481,2025-09-26,Dry Van,485.7,1126.38,1131.32,False,True,ridge_spline
TR-042482,2025-09-26,Dry Van,1141.6,2335.12,2277.98,False,True,ridge_spline
TR-042483,2025-09-26,Dry Van,2177.4,4188.51,4102.27,False,True,ridge_spline
TR-042484,2025-09-26,Dry Van,424.1,1036.67,1023.99,False,True,ridge_spline
TR-042485,2025-09-26,Dry Van,675.6,1403.1,1402.44,False,True,ridge_spline
TR-042486,2025-09-26,Flatbed,3114.8,6403.51,6106.97,False,False,ridge_spline
TR-042487,2025-09-26,Flatbed,1692.0,3634.68,3396.93,False,True,ridge_spline
TR-042488,2025-09-26,Flatbed,2006.3,4184.34,3946.43,False,True,ridge_spline
TR-042489,2025-09-26,Reefer,961.5,2363.97,2240.05,False,True,ridge_spline
TR-042490,2025-09-26,Flatbed,538.6,1438.09,1313.72,False,True,ridge_spline
TR-042491,2025-09-26,Reefer,1610.5,3636.61,3504.66,False,True,ridge_spline
TR-042492,2025-09-26,Flatbed,686.4,1632.67,1571.72,False,True,ridge_spline
TR-042493,2025-09-26,Dry Van,762.4,1583.25,1578.82,False,True,ridge_spline
TR-042494,2025-09-26,Flatbed,1974.8,4072.03,3904.25,False,False,ridge_spline
TR-042495,2025-09-26,Reefer,620.3,1455.84,1412.31,False,True,ridge_spline
TR-042496,2025-09-26,Dry Van,1257.2,2488.14,2490.48,False,True,ridge_spline
TR-042497,2025-09-26,Reefer,952.5,2108.81,2059.36,False,True,ridge_spline
TR-042498,2025-09-26,Flatbed,445.0,1117.43,1030.8,False,True,ridge_spline
TR-042499,2025-09-26,Dry Van,622.7,1343.06,1345.24,False,True,ridge_spline
TR-042500,2025-09-26,Dry Van,1091.4,2082.19,2103.38,False,True,ridge_spline
TR-042501,2025-09-26,Reefer,1894.6,4204.51,4161.61,False,True,ridge_spline
TR-042502,2025-09-26,Flatbed,1811.5,3876.29,3751.54,False,True,ridge_spline
TR-042503,2025-09-26,Reefer,1011.3,2423.56,2292.62,False,True,ridge_spline
TR-042504,2025-09-26,Reefer,502.2,1323.85,1305.99,False,False,ridge_spline
TR-042505,2025-09-26,Reefer,906.5,2343.57,2235.99,False,False,ridge_spline
TR-042506,2025-09-26,Reefer,1564.3,3422.31,3296.45,False,True,ridge_spline
TR-042507,2025-09-26,Dry Van,2319.4,4348.13,4270.88,False,True,ridge_spline
TR-042508,2025-09-26,Dry Van,3102.5,5711.86,5660.26,False,True,ridge_spline
TR-042509,2025-09-26,Dry Van,1205.5,2446.06,2494.42,False,True,ridge_spline
TR-042510,2025-09-26,Reefer,2042.5,4401.36,4255.88,False,True,ridge_spline
TR-042511,2025-09-26,Dry Van,586.9,1276.3,1247.93,False,True,ridge_spline
TR-042512,2025-09-26,Flatbed,2647.5,5677.85,5259.91,False,False,ridge_spline
TR-042513,2025-09-26,Dry Van,126.7,373.96,367.82,False,True,ridge_spline
TR-042514,2025-09-26,Flatbed,1497.7,1005.85,3080.46,True,False,ridge_spline
TR-042515,2025-09-26,Flatbed,686.1,1504.47,1454.34,False,True,ridge_spline
TR-042516,2025-09-26,Reefer,1765.1,3972.93,3818.4,False,True,ridge_spline
TR-042517,2025-09-26,Reefer,2097.9,4452.33,4459.94,False,True,ridge_spline
TR-042518,2025-09-26,Reefer,1608.3,3515.61,3508.45,False,True,ridge_spline
TR-042519,2025-09-26,Dry Van,2046.0,3844.97,3712.7,False,True,ridge_spline
TR-042520,2025-09-26,Reefer,1295.4,2842.44,2764.61,False,False,ridge_spline
TR-042521,2025-09-26,Reefer,1033.3,2536.06,2479.77,False,True,ridge_spline
TR-042522,2025-09-26,Reefer,846.8,2157.59,2063.15,False,True,ridge_spline
TR-042523,2025-09-26,Reefer,1400.0,3229.8,3112.33,False,True,ridge_spline
TR-042524,2025-09-26,Dry Van,1790.0,3380.7,3425.95,False,True,ridge_spline
TR-042525,2025-09-26,Dry Van,1011.6,1945.45,1933.95,False,True,ridge_spline
TR-042526,2025-09-26,Reefer,221.0,700.79,680.52,False,False,ridge_spline
TR-042527,2025-09-26,Reefer,230.0,602.06,594.62,False,True,ridge_spline
TR-042528,2025-09-26,Dry Van,1581.1,3003.63,3006.4,False,True,ridge_spline
TR-042529,2025-09-26,Flatbed,692.3,1638.01,1543.96,False,True,ridge_spline
TR-042530,2025-09-26,Reefer,1463.2,3511.37,3296.0,False,True,ridge_spline
TR-042531,2025-09-26,Dry Van,751.6,1592.95,1600.12,False,True,ridge_spline
TR-042532,2025-09-26,Reefer,1380.5,3013.31,2887.83,False,True,ridge_spline
TR-042533,2025-09-26,Reefer,166.8,504.51,505.03,False,True,ridge_spline
TR-042534,2025-09-26,Dry Van,2983.6,5547.79,5406.87,False,True,ridge_spline
TR-042535,2025-09-26,Dry Van,2339.9,4132.72,4198.55,False,True,ridge_spline
TR-042536,2025-09-26,Dry Van,858.1,1922.36,1859.37,False,True,ridge_spline
TR-042537,2025-09-26,Reefer,220.4,679.25,641.22,False,True,ridge_spline
TR-042538,2025-09-26,Dry Van,273.1,708.81,692.94,False,True,ridge_spline
TR-042539,2025-09-26,Dry Van,698.6,1546.85,1534.79,False,True,ridge_spline
TR-042540,2025-09-26,Dry Van,851.7,1804.41,1753.73,False,True,ridge_spline
TR-042541,2025-09-26,Dry Van,1076.7,2248.78,2139.63,False,True,ridge_spline
TR-042542,2025-09-26,Reefer,565.0,1472.19,1483.1,False,True,ridge_spline
TR-042543,2025-09-26,Flatbed,1469.5,3356.17,3192.08,False,True,ridge_spline
TR-042544,2025-09-26,Dry Van,551.2,1298.09,1249.51,False,True,ridge_spline
TR-042545,2025-09-26,Flatbed,232.3,624.76,599.94,False,True,ridge_spline
TR-042546,2025-09-26,Flatbed,725.2,1757.41,1677.83,False,True,ridge_spline
TR-042547,2025-09-26,Reefer,1966.8,4356.9,4228.77,False,True,ridge_spline
TR-042548,2025-09-26,Flatbed,255.5,726.29,693.53,False,True,ridge_spline
TR-042549,2025-09-26,Reefer,954.1,2116.49,2085.73,False,True,ridge_spline
TR-042550,2025-09-26,Reefer,819.3,2038.12,1957.45,False,True,ridge_spline
TR-042551,2025-09-26,Dry Van,1923.6,3755.51,3640.32,False,True,ridge_spline
TR-042552,2025-09-27,Dry Van,1588.4,3268.21,3143.91,False,True,ridge_spline
TR-042553,2025-09-27,Dry Van,2282.6,4170.77,4146.23,False,True,ridge_spline
TR-042554,2025-09-27,Dry Van,1268.5,2525.86,2568.02,False,True,ridge_spline
TR-042555,2025-09-27,Reefer,1046.1,2319.48,2308.96,False,True,ridge_spline
TR-042556,2025-09-27,Dry Van,1973.3,3623.63,3572.57,False,True,ridge_spline
TR-042557,2025-09-27,Dry Van,282.1,671.62,654.57,False,True,ridge_spline
TR-042558,2025-09-27,Dry Van,370.5,875.9,860.74,False,True,ridge_spline
TR-042559,2025-09-27,Flatbed,1150.4,2703.93,2612.31,False,True,ridge_spline
TR-042560,2025-09-27,Flatbed,723.8,1660.86,1603.44,False,False,ridge_spline
TR-042561,2025-09-27,Dry Van,1434.9,2947.68,2858.71,False,True,ridge_spline
TR-042562,2025-09-27,Dry Van,2042.2,3944.36,3874.9,False,True,ridge_spline
TR-042563,2025-09-27,Dry Van,1144.1,2402.78,2354.18,False,True,ridge_spline
TR-042564,2025-09-27,Reefer,1899.1,4038.01,3988.76,False,True,ridge_spline
TR-042565,2025-09-27,Dry Van,1692.6,3409.5,3298.1,False,True,ridge_spline
TR-042566,2025-09-27,Dry Van,603.0,1308.52,1267.53,False,True,ridge_spline
TR-042567,2025-09-27,Reefer,1809.6,4072.33,3956.56,False,True,ridge_spline
TR-042568,2025-09-27,Reefer,1748.1,3812.12,3615.11,False,True,ridge_spline
TR-042569,2025-09-27,Flatbed,1401.3,2971.41,2907.67,False,True,ridge_spline
TR-042570,2025-09-27,Dry Van,609.7,1301.34,1305.27,False,True,ridge_spline
TR-042571,2025-09-27,Dry Van,1058.2,2120.19,2083.05,False,True,ridge_spline
TR-042572,2025-09-27,Reefer,178.1,584.16,559.01,False,True,ridge_spline
TR-042573,2025-09-27,Flatbed,663.8,1633.96,1523.22,False,True,ridge_spline
TR-042574,2025-09-27,Dry Van,1163.3,2292.18,2287.79,False,True,ridge_spline
TR-042575,2025-09-27,Reefer,291.5,804.32,782.74,False,False,ridge_spline
TR-042576,2025-09-27,Dry Van,722.3,1583.61,1529.98,False,True,ridge_spline
TR-042577,2025-09-27,Flatbed,291.6,871.46,798.35,False,True,ridge_spline
TR-042578,2025-09-27,Dry Van,460.2,1076.42,1072.19,False,True,ridge_spline
TR-042579,2025-09-27,Dry Van,1733.0,3190.59,3160.82,False,True,ridge_spline
TR-042580,2025-09-27,Flatbed,836.3,2002.72,1838.48,False,True,ridge_spline
TR-042581,2025-09-27,Flatbed,951.2,2114.27,2065.08,False,True,ridge_spline
TR-042582,2025-09-27,Dry Van,1674.6,3385.79,3256.77,False,True,ridge_spline
TR-042583,2025-09-27,Dry Van,1576.5,3171.86,3115.28,False,True,ridge_spline
TR-042584,2025-09-27,Dry Van,520.1,1119.0,1118.9,False,True,ridge_spline
TR-042585,2025-09-27,Flatbed,170.8,526.16,500.06,False,False,ridge_spline
TR-042586,2025-09-27,Dry Van,1093.8,2119.88,2121.09,False,True,ridge_spline
TR-042587,2025-09-27,Dry Van,936.2,1875.07,1844.2,False,True,ridge_spline
TR-042588,2025-09-27,Dry Van,1055.8,2146.22,2159.05,False,True,ridge_spline
TR-042589,2025-09-27,Flatbed,668.4,1692.33,1561.9,False,True,ridge_spline
TR-042590,2025-09-27,Flatbed,554.3,1467.23,1377.0,False,True,ridge_spline
TR-042591,2025-09-27,Flatbed,372.0,965.68,900.73,False,True,ridge_spline
TR-042592,2025-09-27,Flatbed,527.0,1378.86,1316.67,False,False,ridge_spline
TR-042593,2025-09-27,Dry Van,983.7,2043.1,2039.29,False,True,ridge_spline
TR-042594,2025-09-27,Reefer,959.2,2271.11,2229.61,False,True,ridge_spline
TR-042595,2025-09-27,Dry Van,1396.8,2706.85,2715.2,False,True,ridge_spline
TR-042596,2025-09-27,Reefer,2168.1,4509.16,4440.96,False,True,ridge_spline
TR-042597,2025-09-27,Dry Van,663.4,1407.84,1384.35,False,True,ridge_spline
TR-042598,2025-09-27,Dry Van,827.5,1840.77,1837.2,False,True,ridge_spline
TR-042599,2025-09-27,Dry Van,1184.4,2314.18,2360.38,False,True,ridge_spline
TR-042600,2025-09-27,Reefer,2412.0,5204.12,5052.0,False,True,ridge_spline
TR-042601,2025-09-27,Flatbed,2040.2,4380.96,4065.49,False,True,ridge_spline
TR-042602,2025-09-27,Dry Van,573.0,1331.02,1277.36,False,True,ridge_spline
TR-042603,2025-09-27,Dry Van,415.2,983.64,954.29,False,True,ridge_spline
TR-042604,2025-09-27,Reefer,1177.3,2703.71,2584.09,False,True,ridge_spline
TR-042605,2025-09-27,Dry Van,2126.6,3878.07,3798.01,False,True,ridge_spline
TR-042606,2025-09-27,Dry Van,498.5,1157.62,1122.54,False,True,ridge_spline
TR-042607,2025-09-27,Dry Van,176.4,490.81,486.42,False,True,ridge_spline
TR-042608,2025-09-27,Dry Van,1722.6,3381.92,3280.88,False,True,ridge_spline
TR-042609,2025-09-27,Dry Van,1183.3,2442.27,2420.71,False,True,ridge_spline
TR-042610,2025-09-27,Dry Van,576.3,1321.91,1296.91,False,True,ridge_spline
TR-042611,2025-09-27,Flatbed,463.6,1146.87,1082.74,False,True,ridge_spline
TR-042612,2025-09-27,Dry Van,1828.6,3330.74,3390.29,False,True,ridge_spline
TR-042613,2025-09-27,Dry Van,389.7,916.16,908.78,False,True,ridge_spline
TR-042614,2025-09-27,Flatbed,587.1,1361.47,1255.11,False,True,ridge_spline
TR-042615,2025-09-27,Dry Van,1211.3,2496.2,2483.29,False,True,ridge_spline
TR-042616,2025-09-27,Reefer,831.0,1886.36,1893.41,False,True,ridge_spline
TR-042617,2025-09-27,Reefer,973.4,2156.27,2121.46,False,True,ridge_spline
TR-042618,2025-09-27,Dry Van,1151.6,2290.39,2208.71,False,True,ridge_spline
TR-042619,2025-09-27,Flatbed,1404.8,3171.04,2979.35,False,True,ridge_spline
TR-042620,2025-09-27,Flatbed,1842.9,3802.71,3735.51,False,True,ridge_spline
TR-042621,2025-09-27,Dry Van,2159.5,3995.74,3946.57,False,True,ridge_spline
TR-042622,2025-09-27,Dry Van,2012.3,3890.78,3863.05,False,True,ridge_spline
TR-042623,2025-09-27,Flatbed,1650.2,3408.02,3219.17,False,True,ridge_spline
TR-042624,2025-09-27,Dry Van,811.9,1700.72,1668.37,False,True,ridge_spline
TR-042625,2025-09-27,Dry Van,615.8,1315.81,1269.76,False,True,ridge_spline
TR-042626,2025-09-27,Reefer,569.1,1349.68,1341.35,False,True,ridge_spline
TR-042627,2025-09-27,Flatbed,1453.8,3325.68,3151.08,False,True,ridge_spline
TR-042628,2025-09-27,Dry Van,397.3,891.87,882.74,False,True,ridge_spline
TR-042629,2025-09-27,Reefer,331.2,952.82,899.02,False,True,ridge_spline
TR-042630,2025-09-27,Dry Van,1285.2,2583.02,2548.52,False,True,ridge_spline
TR-042631,2025-09-27,Reefer,273.2,815.6,759.21,False,True,ridge_spline
TR-042632,2025-09-27,Dry Van,437.6,976.42,962.58,False,True,ridge_spline
TR-042633,2025-09-27,Reefer,1905.2,4427.33,4201.03,False,True,ridge_spline
TR-042634,2025-09-27,Reefer,1448.3,3311.83,3268.83,False,True,ridge_spline
TR-042635,2025-09-27,Dry Van,2949.2,5438.66,5410.11,False,True,ridge_spline
TR-042636,2025-09-27,Dry Van,2538.1,4489.52,4445.14,False,True,ridge_spline
TR-042637,2025-09-27,Dry Van,590.0,1233.05,1220.34,False,True,ridge_spline
TR-042638,2025-09-27,Reefer,1656.5,3859.28,3675.13,False,True,ridge_spline
TR-042639,2025-09-27,Dry Van,1048.7,2272.14,2225.61,False,True,ridge_spline
TR-042640,2025-09-27,Dry Van,411.9,1014.25,996.07,False,True,ridge_spline
TR-042641,2025-09-27,Reefer,1056.0,2532.76,2360.3,False,True,ridge_spline
TR-042642,2025-09-27,Dry Van,781.3,1677.41,1668.22,False,True,ridge_spline
TR-042643,2025-09-27,Reefer,519.9,1317.5,1276.19,False,True,ridge_spline
TR-042644,2025-09-27,Dry Van,566.8,1347.11,1297.86,False,True,ridge_spline
TR-042645,2025-09-27,Dry Van,985.2,2056.61,1983.68,False,True,ridge_spline
TR-042646,2025-09-27,Dry Van,3183.8,13420.59,5711.46,True,True,ridge_spline
TR-042647,2025-09-27,Reefer,1128.8,2701.16,2603.43,False,True,ridge_spline
TR-042648,2025-09-27,Dry Van,758.9,1587.63,1561.98,False,True,ridge_spline
TR-042649,2025-09-27,Dry Van,519.9,1077.11,1061.32,False,True,ridge_spline
TR-042650,2025-09-27,Dry Van,963.2,1919.24,1824.4,False,True,ridge_spline
TR-042651,2025-09-27,Dry Van,580.9,1371.1,1343.96,False,True,ridge_spline
TR-042652,2025-09-27,Dry Van,638.4,1433.8,1396.22,False,True,ridge_spline
TR-042653,2025-09-27,Dry Van,1074.2,2087.18,2059.64,False,True,ridge_spline
TR-042654,2025-09-27,Dry Van,141.9,386.73,375.67,False,True,ridge_spline
TR-042655,2025-09-27,Dry Van,3232.0,6039.73,5832.53,False,True,ridge_spline
TR-042656,2025-09-27,Dry Van,1781.2,3466.52,3452.31,False,True,ridge_spline
TR-042657,2025-09-27,Reefer,936.6,2248.59,2164.33,False,True,ridge_spline
TR-042658,2025-09-27,Dry Van,907.7,1938.08,1925.5,False,True,ridge_spline
TR-042659,2025-09-27,Dry Van,1453.1,2948.77,2896.16,False,True,ridge_spline
TR-042660,2025-09-27,Reefer,811.6,1944.78,1886.9,False,True,ridge_spline
TR-042661,2025-09-27,Flatbed,769.6,1726.89,1606.35,False,True,ridge_spline
TR-042662,2025-09-27,Flatbed,638.9,1529.34,1459.11,False,False,ridge_spline
TR-042663,2025-09-27,Reefer,974.8,2304.14,2213.68,False,True,ridge_spline
TR-042664,2025-09-27,Dry Van,2279.0,4190.5,4117.0,False,True,ridge_spline
TR-042665,2025-09-27,Reefer,742.8,1840.83,1783.5,False,True,ridge_spline
TR-042666,2025-09-27,Dry Van,1114.6,2186.6,2141.3,False,True,ridge_spline
TR-042667,2025-09-27,Dry Van,1863.4,3436.63,3408.54,False,True,ridge_spline
TR-042668,2025-09-27,Reefer,2204.2,4662.25,4445.71,False,True,ridge_spline
TR-042669,2025-09-27,Dry Van,239.0,634.61,613.36,False,True,ridge_spline
TR-042670,2025-09-27,Dry Van,1241.1,2438.48,2433.58,False,True,ridge_spline
TR-042671,2025-09-27,Dry Van,336.1,784.6,787.43,False,True,ridge_spline
TR-042672,2025-09-27,Reefer,917.1,2296.04,2216.68,False,True,ridge_spline
TR-042673,2025-09-27,Reefer,2487.1,5454.91,5292.09,False,True,ridge_spline
TR-042674,2025-09-27,Reefer,1785.6,3974.29,3848.27,False,True,ridge_spline
TR-042675,2025-09-27,Flatbed,417.6,1001.0,939.77,False,True,ridge_spline
TR-042676,2025-09-27,Flatbed,1823.4,3900.3,3677.08,False,True,ridge_spline
TR-042677,2025-09-27,Reefer,977.8,2212.19,2134.3,False,True,ridge_spline
TR-042678,2025-09-27,Flatbed,330.0,839.84,783.65,False,True,ridge_spline
TR-042679,2025-09-27,Reefer,616.0,1537.28,1478.96,False,True,ridge_spline
TR-042680,2025-09-27,Reefer,935.8,2180.76,2071.5,False,True,ridge_spline
TR-042681,2025-09-27,Dry Van,989.4,1957.42,1944.39,False,True,ridge_spline
TR-042682,2025-09-27,Reefer,839.1,1929.82,1884.54,False,True,ridge_spline
TR-042683,2025-09-27,Reefer,851.5,2057.32,2003.38,False,True,ridge_spline
TR-042684,2025-09-27,Dry Van,2489.8,4317.37,4366.46,False,True,ridge_spline
TR-042685,2025-09-27,Reefer,154.4,476.13,459.8,False,True,ridge_spline
TR-042686,2025-09-27,Dry Van,1527.3,3101.26,3008.64,False,True,ridge_spline
TR-042687,2025-09-27,Dry Van,2314.1,4249.3,4261.77,False,True,ridge_spline
TR-042688,2025-09-27,Reefer,377.7,989.93,947.0,False,True,ridge_spline
TR-042689,2025-09-27,Dry Van,1587.3,3184.6,3138.61,False,True,ridge_spline
TR-042690,2025-09-27,Dry Van,691.0,1345.5,1384.15,False,True,ridge_spline
TR-042691,2025-09-27,Reefer,1112.0,2627.09,2518.93,False,True,ridge_spline
TR-042692,2025-09-27,Reefer,1122.7,2577.85,2484.45,False,True,ridge_spline
TR-042693,2025-09-27,Reefer,2505.3,5195.38,4914.76,False,True,ridge_spline
TR-042694,2025-09-27,Dry Van,2811.7,5082.25,4971.36,False,True,ridge_spline
TR-042695,2025-09-27,Dry Van,224.8,530.21,539.38,False,True,ridge_spline
TR-042696,2025-09-27,Dry Van,295.6,747.51,730.39,False,True,ridge_spline
TR-042697,2025-09-27,Flatbed,939.6,2129.9,1949.53,False,True,ridge_spline
TR-042698,2025-09-27,Reefer,673.5,1672.82,1581.93,False,True,ridge_spline
TR-042699,2025-09-27,Dry Van,334.9,752.71,757.28,False,False,ridge_spline
TR-042700,2025-09-27,Reefer,905.9,2119.15,2052.38,False,True,ridge_spline
TR-042701,2025-09-27,Flatbed,527.6,1412.29,1326.66,False,True,ridge_spline
TR-042702,2025-09-27,Dry Van,3285.9,6112.28,6117.08,False,True,ridge_spline
TR-042703,2025-09-27,Dry Van,1580.4,2999.69,2968.5,False,True,ridge_spline
TR-042704,2025-09-27,Dry Van,2428.2,4493.91,4548.57,False,True,ridge_spline
TR-042705,2025-09-27,Dry Van,620.6,1279.9,1272.52,False,True,ridge_spline
TR-042706,2025-09-27,Dry Van,2231.3,4286.1,4273.2,False,True,ridge_spline
TR-042707,2025-09-27,Dry Van,509.6,1138.54,1133.23,False,True,ridge_spline
TR-042708,2025-09-28,Dry Van,493.0,1093.77,1047.95,False,True,ridge_spline
TR-042709,2025-09-28,Reefer,820.0,2008.04,1985.86,False,False,ridge_spline
TR-042710,2025-09-28,Dry Van,1457.5,2928.47,2913.69,False,True,ridge_spline
TR-042711,2025-09-28,Reefer,956.7,2285.6,2183.28,False,True,ridge_spline
TR-042712,2025-09-28,Reefer,832.1,2108.91,1931.28,False,True,ridge_spline
TR-042713,2025-09-28,Dry Van,318.2,773.3,761.09,False,True,ridge_spline
TR-042714,2025-09-28,Dry Van,693.6,1490.97,1467.02,False,True,ridge_spline
TR-042715,2025-09-28,Dry Van,622.2,1251.3,1239.62,False,True,ridge_spline
TR-042716,2025-09-28,Dry Van,484.3,1081.43,1068.58,False,True,ridge_spline
TR-042717,2025-09-28,Dry Van,281.3,662.77,655.61,False,True,ridge_spline
TR-042718,2025-09-28,Dry Van,1690.0,3176.32,3015.2,False,True,ridge_spline
TR-042719,2025-09-28,Dry Van,286.0,713.74,696.78,False,True,ridge_spline
TR-042720,2025-09-28,Reefer,391.7,1137.0,1066.04,False,True,ridge_spline
TR-042721,2025-09-28,Dry Van,1219.7,2519.53,2437.31,False,True,ridge_spline
TR-042722,2025-09-28,Flatbed,2540.7,5116.14,4754.86,False,True,ridge_spline
TR-042723,2025-09-28,Flatbed,647.7,1451.38,1361.66,False,True,ridge_spline
TR-042724,2025-09-28,Dry Van,185.1,515.71,509.27,False,True,ridge_spline
TR-042725,2025-09-28,Flatbed,1932.8,3964.27,3772.46,False,True,ridge_spline
TR-042726,2025-09-28,Dry Van,417.9,1046.48,1018.77,False,True,ridge_spline
TR-042727,2025-09-28,Dry Van,1285.0,2576.92,2544.53,False,True,ridge_spline
TR-042728,2025-09-28,Dry Van,688.2,1416.65,1350.45,False,True,ridge_spline
TR-042729,2025-09-28,Dry Van,508.9,1137.5,1123.22,False,True,ridge_spline
TR-042730,2025-09-28,Dry Van,837.7,1714.87,1658.57,False,True,ridge_spline
TR-042731,2025-09-28,Dry Van,599.8,1320.09,1281.14,False,True,ridge_spline
TR-042732,2025-09-28,Flatbed,768.8,1953.03,1800.88,False,True,ridge_spline
TR-042733,2025-09-28,Dry Van,2041.2,3981.74,3876.84,False,True,ridge_spline
TR-042734,2025-09-28,Dry Van,1053.3,2043.62,1999.8,False,True,ridge_spline
TR-042735,2025-09-28,Dry Van,910.8,1811.32,1766.87,False,False,ridge_spline
TR-042736,2025-09-28,Dry Van,1943.0,12797.54,3487.48,True,True,ridge_spline
TR-042737,2025-09-28,Dry Van,544.8,1152.43,1161.48,False,True,ridge_spline
TR-042738,2025-09-28,Dry Van,456.7,988.29,975.25,False,True,ridge_spline
TR-042739,2025-09-28,Dry Van,738.9,1604.79,1561.97,False,True,ridge_spline
TR-042740,2025-09-28,Flatbed,484.0,1244.65,1175.56,False,False,ridge_spline
TR-042741,2025-09-28,Flatbed,1131.2,2440.28,2314.68,False,True,ridge_spline
TR-042742,2025-09-28,Dry Van,1067.5,2161.46,2137.92,False,True,ridge_spline
TR-042743,2025-09-28,Reefer,753.5,1781.92,1757.57,False,False,ridge_spline
TR-042744,2025-09-28,Dry Van,435.5,1060.01,1028.92,False,True,ridge_spline
TR-042745,2025-09-28,Flatbed,647.3,1519.45,1396.86,False,True,ridge_spline
TR-042746,2025-09-28,Flatbed,1833.8,3934.89,3798.67,False,True,ridge_spline
TR-042747,2025-09-28,Dry Van,771.0,1628.9,1576.47,False,True,ridge_spline
TR-042748,2025-09-28,Dry Van,615.6,1410.12,1360.93,False,True,ridge_spline
TR-042749,2025-09-28,Flatbed,995.9,2438.58,2186.8,False,False,ridge_spline
TR-042750,2025-09-28,Dry Van,470.5,1084.53,1060.9,False,True,ridge_spline
TR-042751,2025-09-28,Dry Van,1625.6,3188.14,3196.83,False,True,ridge_spline
TR-042752,2025-09-28,Flatbed,834.4,2010.31,1862.84,False,True,ridge_spline
TR-042753,2025-09-28,Dry Van,323.7,753.24,755.46,False,True,ridge_spline
TR-042754,2025-09-28,Reefer,1844.9,4230.2,4083.77,False,True,ridge_spline
TR-042755,2025-09-28,Dry Van,885.0,1639.84,1650.43,False,True,ridge_spline
TR-042756,2025-09-28,Flatbed,2578.1,5406.93,5049.28,False,True,ridge_spline
TR-042757,2025-09-28,Dry Van,1110.2,2151.5,2165.74,False,True,ridge_spline
TR-042758,2025-09-28,Dry Van,296.5,718.39,715.56,False,True,ridge_spline
TR-042759,2025-09-28,Flatbed,822.1,1873.55,1780.73,False,True,ridge_spline
TR-042760,2025-09-28,Dry Van,610.2,1296.2,1266.54,False,True,ridge_spline
TR-042761,2025-09-28,Dry Van,1831.0,3288.85,3284.79,False,True,ridge_spline
TR-042762,2025-09-28,Dry Van,2071.6,3645.77,3663.11,False,True,ridge_spline
TR-042763,2025-09-28,Flatbed,2695.0,5754.21,5401.11,False,True,ridge_spline
TR-042764,2025-09-28,Flatbed,332.5,930.58,860.3,False,True,ridge_spline
TR-042765,2025-09-28,Reefer,1159.3,2641.2,2558.7,False,False,ridge_spline
TR-042766,2025-09-28,Dry Van,1251.4,2453.74,2427.4,False,True,ridge_spline
TR-042767,2025-09-28,Flatbed,955.2,2306.76,2130.25,False,False,ridge_spline
TR-042768,2025-09-28,Dry Van,1778.7,3441.04,3352.85,False,True,ridge_spline
TR-042769,2025-09-28,Reefer,718.4,1652.67,1612.35,False,True,ridge_spline
TR-042770,2025-09-28,Reefer,121.2,389.7,370.3,False,False,ridge_spline
TR-042771,2025-09-28,Flatbed,243.9,690.48,653.68,False,True,ridge_spline
TR-042772,2025-09-28,Dry Van,1313.7,2741.16,2675.4,False,True,ridge_spline
TR-042773,2025-09-28,Reefer,861.4,2075.87,1989.06,False,True,ridge_spline
TR-042774,2025-09-28,Reefer,1869.4,4097.27,4006.14,False,True,ridge_spline
TR-042775,2025-09-28,Dry Van,931.9,1969.64,1963.32,False,True,ridge_spline
TR-042776,2025-09-28,Reefer,697.2,1723.88,1627.84,False,True,ridge_spline
TR-042777,2025-09-28,Flatbed,316.2,901.55,839.21,False,True,ridge_spline
TR-042778,2025-09-28,Reefer,457.5,1309.13,1246.27,False,True,ridge_spline
TR-042779,2025-09-28,Reefer,1751.0,3751.81,3642.67,False,True,ridge_spline
TR-042780,2025-09-28,Dry Van,2098.9,3906.11,3737.49,False,True,ridge_spline
TR-042781,2025-09-28,Reefer,1842.1,4028.7,3807.45,False,True,ridge_spline
TR-042782,2025-09-28,Dry Van,1454.8,2724.61,2691.95,False,True,ridge_spline
TR-042783,2025-09-28,Dry Van,2246.0,4211.03,4139.63,False,True,ridge_spline
TR-042784,2025-09-28,Flatbed,479.1,1207.36,1107.5,False,False,ridge_spline
TR-042785,2025-09-28,Reefer,691.8,1687.68,1612.02,False,True,ridge_spline
TR-042786,2025-09-28,Dry Van,882.7,1834.37,1818.66,False,True,ridge_spline
TR-042787,2025-09-28,Reefer,1234.3,2811.69,2748.33,False,True,ridge_spline
TR-042788,2025-09-28,Dry Van,1103.7,2222.13,2243.01,False,True,ridge_spline
TR-042789,2025-09-28,Dry Van,2080.5,3940.37,3896.92,False,True,ridge_spline
TR-042790,2025-09-28,Dry Van,495.2,1130.78,1092.62,False,True,ridge_spline
TR-042791,2025-09-28,Dry Van,1217.2,2349.87,2331.4,False,True,ridge_spline
TR-042792,2025-09-28,Dry Van,696.3,1405.8,1327.59,False,True,ridge_spline
TR-042793,2025-09-28,Dry Van,292.0,679.49,674.59,False,True,ridge_spline
TR-042794,2025-09-28,Reefer,1010.5,2341.7,2208.32,False,True,ridge_spline
TR-042795,2025-09-28,Dry Van,734.7,1592.02,1576.32,False,True,ridge_spline
TR-042796,2025-09-28,Reefer,863.3,1914.47,1886.64,False,True,ridge_spline
TR-042797,2025-09-28,Flatbed,763.1,1741.04,1588.21,False,False,ridge_spline
TR-042798,2025-09-28,Reefer,1044.7,2431.83,2313.85,False,True,ridge_spline
TR-042799,2025-09-28,Dry Van,2171.3,4092.63,4045.72,False,True,ridge_spline
TR-042800,2025-09-28,Dry Van,1087.6,835.1,2134.25,True,True,ridge_spline
TR-042801,2025-09-28,Dry Van,1086.1,2027.96,2011.28,False,True,ridge_spline
TR-042802,2025-09-28,Flatbed,203.5,572.78,542.62,False,True,ridge_spline
TR-042803,2025-09-28,Reefer,285.2,774.13,770.31,False,True,ridge_spline
TR-042804,2025-09-28,Dry Van,1362.2,2562.73,2618.07,False,True,ridge_spline
TR-042805,2025-09-28,Dry Van,1097.5,2265.28,2204.86,False,True,ridge_spline
TR-042806,2025-09-28,Reefer,221.3,659.63,629.57,False,True,ridge_spline
TR-042807,2025-09-28,Reefer,650.1,1517.69,1487.88,False,True,ridge_spline
TR-042808,2025-09-28,Dry Van,1546.2,3064.0,2996.07,False,True,ridge_spline
TR-042809,2025-09-28,Flatbed,459.6,1163.05,1129.06,False,True,ridge_spline
TR-042810,2025-09-28,Dry Van,2067.8,3865.31,3692.17,False,True,ridge_spline
TR-042811,2025-09-28,Reefer,461.1,1110.79,1050.28,False,False,ridge_spline
TR-042812,2025-09-28,Dry Van,917.6,1877.01,1812.37,False,False,ridge_spline
TR-042813,2025-09-28,Dry Van,1631.3,3175.1,3153.3,False,True,ridge_spline
TR-042814,2025-09-28,Dry Van,589.0,1235.23,1203.25,False,True,ridge_spline
TR-042815,2025-09-28,Reefer,398.1,1071.17,1023.42,False,True,ridge_spline
TR-042816,2025-09-28,Dry Van,1003.2,1998.56,1962.15,False,True,ridge_spline
TR-042817,2025-09-28,Dry Van,896.3,1837.98,1779.42,False,True,ridge_spline
TR-042818,2025-09-28,Dry Van,1028.1,1970.93,1924.66,False,True,ridge_spline
TR-042819,2025-09-28,Flatbed,1840.5,3646.22,3512.82,False,True,ridge_spline
TR-042820,2025-09-28,Dry Van,2287.0,4095.03,4136.66,False,True,ridge_spline
TR-042821,2025-09-28,Dry Van,1465.4,2946.68,2869.96,False,True,ridge_spline
TR-042822,2025-09-28,Reefer,3030.7,6276.34,6033.1,False,True,ridge_spline
TR-042823,2025-09-28,Reefer,862.6,759.15,2035.14,True,False,ridge_spline
TR-042824,2025-09-28,Reefer,830.8,2019.44,1954.24,False,True,ridge_spline
TR-042825,2025-09-28,Dry Van,1384.4,2636.98,2658.24,False,True,ridge_spline
TR-042826,2025-09-28,Dry Van,518.8,1154.54,1164.28,False,True,ridge_spline
TR-042827,2025-09-28,Dry Van,837.7,1784.89,1738.49,False,True,ridge_spline
TR-042828,2025-09-28,Dry Van,526.9,1173.97,1181.2,False,True,ridge_spline
TR-042829,2025-09-28,Flatbed,173.3,510.64,456.56,False,True,ridge_spline
TR-042830,2025-09-28,Flatbed,1159.5,2643.41,2471.59,False,True,ridge_spline
TR-042831,2025-09-28,Reefer,2840.3,5745.39,5481.69,False,True,ridge_spline
TR-042832,2025-09-28,Dry Van,1439.2,2841.04,2841.18,False,True,ridge_spline
TR-042833,2025-09-28,Dry Van,249.2,652.12,618.29,False,True,ridge_spline
TR-042834,2025-09-28,Flatbed,1412.9,3089.81,2895.71,False,True,ridge_spline
TR-042835,2025-09-28,Reefer,602.3,1412.41,1359.41,False,True,ridge_spline
TR-042836,2025-09-28,Flatbed,1482.3,3167.21,2955.96,False,True,ridge_spline
TR-042837,2025-09-28,Dry Van,333.8,783.73,768.4,False,True,ridge_spline
TR-042838,2025-09-28,Dry Van,291.2,746.15,743.48,False,True,ridge_spline
TR-042839,2025-09-28,Reefer,1685.4,3665.41,3682.77,False,True,ridge_spline
TR-042840,2025-09-28,Dry Van,730.7,1541.54,1491.53,False,True,ridge_spline
TR-042841,2025-09-28,Dry Van,1136.5,2347.52,2252.65,False,True,ridge_spline
TR-042842,2025-09-28,Dry Van,637.1,1348.4,1310.93,False,False,ridge_spline
TR-042843,2025-09-28,Dry Van,213.6,550.8,534.51,False,True,ridge_spline
TR-042844,2025-09-28,Dry Van,132.9,351.36,347.53,False,True,ridge_spline
TR-042845,2025-09-28,Dry Van,1728.1,3319.67,3264.93,False,True,ridge_spline
TR-042846,2025-09-28,Flatbed,899.1,2022.01,1906.76,False,True,ridge_spline
TR-042847,2025-09-28,Flatbed,1027.8,2406.52,2249.4,False,True,ridge_spline
TR-042848,2025-09-28,Reefer,518.9,1363.38,1279.34,False,True,ridge_spline
TR-042849,2025-09-28,Reefer,848.7,2100.8,2001.52,False,False,ridge_spline
TR-042850,2025-09-28,Dry Van,1429.8,2936.55,2814.68,False,True,ridge_spline
TR-042851,2025-09-28,Dry Van,1581.0,3212.43,3068.24,False,True,ridge_spline
TR-042852,2025-09-28,Dry Van,2148.6,4164.97,3970.87,False,True,ridge_spline
TR-042853,2025-09-28,Flatbed,1146.8,2650.56,2534.03,False,True,ridge_spline
TR-042854,2025-09-28,Dry Van,2233.0,4195.51,4159.75,False,True,ridge_spline
TR-042855,2025-09-28,Reefer,926.1,2127.87,2053.36,False,True,ridge_spline
TR-042856,2025-09-29,Dry Van,2184.2,4238.86,4085.9,False,True,ridge_spline
TR-042857,2025-09-29,Dry Van,744.9,1516.81,1440.05,False,True,ridge_spline
TR-042858,2025-09-29,Reefer,189.1,603.85,561.96,False,True,ridge_spline
TR-042859,2025-09-29,Dry Van,1231.7,2420.76,2391.03,False,True,ridge_spline
TR-042860,2025-09-29,Dry Van,763.4,1581.01,1544.73,False,True,ridge_spline
TR-042861,2025-09-29,Reefer,3177.8,6620.24,6348.86,False,True,ridge_spline
TR-042862,2025-09-29,Flatbed,376.4,1033.77,930.64,False,True,ridge_spline
TR-042863,2025-09-29,Reefer,1497.1,3381.26,3233.53,False,True,ridge_spline
TR-042864,2025-09-29,Dry Van,938.9,1939.71,1897.64,False,True,ridge_spline
TR-042865,2025-09-29,Dry Van,1782.2,3538.32,3466.76,False,True,ridge_spline
TR-042866,2025-09-29,Dry Van,471.3,1140.78,1085.54,False,True,ridge_spline
TR-042867,2025-09-29,Dry Van,1216.4,2480.38,2416.92,False,True,ridge_spline
TR-042868,2025-09-29,Reefer,2111.8,4317.28,4160.37,False,True,ridge_spline
TR-042869,2025-09-29,Reefer,1467.2,3510.14,3274.98,False,True,ridge_spline
TR-042870,2025-09-29,Dry Van,1532.6,3127.58,3034.91,False,True,ridge_spline
TR-042871,2025-09-29,Flatbed,1045.3,2257.84,2142.02,False,True,ridge_spline
TR-042872,2025-09-29,Dry Van,945.7,2049.02,1998.7,False,True,ridge_spline
TR-042873,2025-09-29,Flatbed,524.4,1393.82,1281.67,False,True,ridge_spline
TR-042874,2025-09-29,Reefer,315.0,861.86,822.76,False,True,ridge_spline
TR-042875,2025-09-29,Dry Van,318.0,734.67,724.34,False,True,ridge_spline
TR-042876,2025-09-29,Dry Van,1322.3,2575.9,2539.95,False,True,ridge_spline
TR-042877,2025-09-29,Dry Van,1919.3,3770.99,3644.28,False,True,ridge_spline
TR-042878,2025-09-29,Reefer,1365.1,3179.94,3010.23,False,False,ridge_spline
TR-042879,2025-09-29,Dry Van,941.6,1902.01,1849.41,False,True,ridge_spline
TR-042880,2025-09-29,Flatbed,267.1,731.51,705.28,False,True,ridge_spline
TR-042881,2025-09-29,Flatbed,1687.6,3849.56,3584.15,False,True,ridge_spline
TR-042882,2025-09-29,Dry Van,1460.5,13503.63,2879.32,True,True,ridge_spline
TR-042883,2025-09-29,Dry Van,507.1,1115.22,1102.78,False,True,ridge_spline
TR-042884,2025-09-29,Reefer,472.7,1280.61,1226.7,False,True,ridge_spline
TR-042885,2025-09-29,Dry Van,1134.5,2415.33,2319.0,False,True,ridge_spline
TR-042886,2025-09-29,Dry Van,2305.3,4163.43,4114.78,False,True,ridge_spline
TR-042887,2025-09-29,Dry Van,403.5,995.38,961.93,False,True,ridge_spline
TR-042888,2025-09-29,Flatbed,1085.1,2359.68,2241.09,False,False,ridge_spline
TR-042889,2025-09-29,Dry Van,3163.0,5885.2,5781.0,False,True,ridge_spline
TR-042890,2025-09-29,Reefer,460.5,1187.96,1143.28,False,True,ridge_spline
TR-042891,2025-09-29,Flatbed,1022.7,2211.3,2137.31,False,True,ridge_spline
TR-042892,2025-09-29,Reefer,1852.6,4272.31,4079.96,False,True,ridge_spline
TR-042893,2025-09-29,Dry Van,1340.0,2699.63,2677.73,False,True,ridge_spline
TR-042894,2025-09-29,Reefer,368.8,1041.35,998.51,False,True,ridge_spline
TR-042895,2025-09-29,Reefer,815.6,2068.14,1925.89,False,True,ridge_spline
TR-042896,2025-09-29,Dry Van,3032.0,5691.61,5430.11,False,True,ridge_spline
TR-042897,2025-09-29,Dry Van,727.6,1652.47,1559.4,False,True,ridge_spline
TR-042898,2025-09-29,Reefer,721.9,1753.06,1687.73,False,True,ridge_spline
TR-042899,2025-09-29,Dry Van,1243.4,2473.32,2398.93,False,True,ridge_spline
TR-042900,2025-09-29,Flatbed,544.1,1385.48,1265.17,False,True,ridge_spline
TR-042901,2025-09-29,Dry Van,107.4,297.77,289.57,False,True,ridge_spline
TR-042902,2025-09-29,Dry Van,1654.5,3187.62,3117.92,False,True,ridge_spline
TR-042903,2025-09-29,Flatbed,1000.9,2315.78,2176.19,False,True,ridge_spline
TR-042904,2025-09-29,Reefer,513.4,1367.89,1290.88,False,True,ridge_spline
TR-042905,2025-09-29,Reefer,1622.5,3543.74,3497.91,False,True,ridge_spline
TR-042906,2025-09-29,Reefer,348.0,958.88,892.82,False,False,ridge_spline
TR-042907,2025-09-29,Dry Van,1466.4,3033.86,2888.7,False,True,ridge_spline
TR-042908,2025-09-29,Dry Van,517.5,1126.7,1078.21,False,True,ridge_spline
TR-042909,2025-09-29,Dry Van,607.4,1325.46,1312.18,False,True,ridge_spline
TR-042910,2025-09-29,Flatbed,638.4,1682.02,1561.1,False,True,ridge_spline
TR-042911,2025-09-29,Dry Van,1599.5,3275.31,3178.16,False,True,ridge_spline
TR-042912,2025-09-29,Dry Van,1806.0,3427.48,3456.4,False,True,ridge_spline
TR-042913,2025-09-29,Flatbed,637.7,1536.58,1438.15,False,True,ridge_spline
TR-042914,2025-09-29,Reefer,1972.0,4242.7,4154.73,False,True,ridge_spline
TR-042915,2025-09-29,Dry Van,784.4,1622.59,1580.61,False,True,ridge_spline
TR-042916,2025-09-29,Reefer,1259.6,2949.32,2848.41,False,True,ridge_spline
TR-042917,2025-09-29,Flatbed,663.9,1636.32,1545.47,False,True,ridge_spline
TR-042918,2025-09-29,Flatbed,1732.5,3937.63,3636.11,False,True,ridge_spline
TR-042919,2025-09-29,Flatbed,2346.3,5037.89,4638.81,False,True,ridge_spline
TR-042920,2025-09-29,Dry Van,203.4,543.25,521.08,False,True,ridge_spline
TR-042921,2025-09-29,Dry Van,666.0,1343.69,1338.43,False,True,ridge_spline
TR-042922,2025-09-29,Reefer,446.7,1176.75,1124.74,False,True,ridge_spline
TR-042923,2025-09-29,Flatbed,1508.9,3627.2,3282.27,False,True,ridge_spline
TR-042924,2025-09-29,Dry Van,523.0,1202.33,1182.29,False,True,ridge_spline
TR-042925,2025-09-29,Dry Van,959.1,2093.05,2043.57,False,True,ridge_spline
TR-042926,2025-09-29,Flatbed,1213.1,2666.6,2453.76,False,True,ridge_spline
TR-042927,2025-09-29,Dry Van,2126.7,4073.7,3929.77,False,True,ridge_spline
TR-042928,2025-09-29,Dry Van,1530.6,2989.61,3044.51,False,True,ridge_spline
TR-042929,2025-09-29,Dry Van,243.0,606.85,569.13,False,True,ridge_spline
TR-042930,2025-09-29,Dry Van,1001.8,1928.87,2008.13,False,True,ridge_spline
TR-042931,2025-09-29,Reefer,438.6,1101.73,1100.65,False,True,ridge_spline
TR-042932,2025-09-29,Dry Van,1948.5,3690.01,3667.15,False,True,ridge_spline
TR-042933,2025-09-29,Reefer,426.3,1058.02,1033.86,False,True,ridge_spline
TR-042934,2025-09-29,Dry Van,2273.3,4190.81,4188.16,False,True,ridge_spline
TR-042935,2025-09-29,Dry Van,409.8,914.56,897.77,False,True,ridge_spline
TR-042936,2025-09-29,Dry Van,1901.5,3614.61,3595.45,False,True,ridge_spline
TR-042937,2025-09-29,Flatbed,627.3,1479.07,1364.0,False,True,ridge_spline
TR-042938,2025-09-29,Flatbed,950.2,2218.14,2053.64,False,True,ridge_spline
TR-042939,2025-09-29,Reefer,862.4,2067.31,1999.06,False,True,ridge_spline
TR-042940,2025-09-29,Reefer,992.2,2214.66,2090.27,False,True,ridge_spline
TR-042941,2025-09-29,Dry Van,891.7,1909.99,1916.64,False,True,ridge_spline
TR-042942,2025-09-29,Flatbed,1337.9,3109.58,2899.64,False,True,ridge_spline
TR-042943,2025-09-29,Dry Van,1246.5,2506.95,2518.67,False,True,ridge_spline
TR-042944,2025-09-29,Reefer,1019.4,2575.84,2421.08,False,True,ridge_spline
TR-042945,2025-09-29,Dry Van,1285.6,2697.94,2607.18,False,True,ridge_spline
TR-042946,2025-09-29,Dry Van,728.7,1494.4,1443.81,False,True,ridge_spline
TR-042947,2025-09-29,Dry Van,2013.6,3730.45,3670.95,False,True,ridge_spline
TR-042948,2025-09-29,Dry Van,561.5,1170.87,1176.64,False,True,ridge_spline
TR-042949,2025-09-29,Dry Van,395.4,843.31,842.64,False,True,ridge_spline
TR-042950,2025-09-29,Flatbed,735.7,1801.36,1720.03,False,True,ridge_spline
TR-042951,2025-09-29,Dry Van,2345.4,4116.74,4067.23,False,True,ridge_spline
TR-042952,2025-09-29,Dry Van,754.3,1689.45,1667.54,False,True,ridge_spline
TR-042953,2025-09-29,Dry Van,1929.5,3462.39,3487.53,False,False,ridge_spline
TR-042954,2025-09-29,Reefer,606.4,1500.36,1440.14,False,True,ridge_spline
TR-042955,2025-09-29,Flatbed,308.0,869.6,790.59,False,True,ridge_spline
TR-042956,2025-09-29,Dry Van,1599.2,3112.89,3029.76,False,True,ridge_spline
TR-042957,2025-09-29,Dry Van,1250.4,2364.94,2379.19,False,False,ridge_spline
TR-042958,2025-09-29,Dry Van,3120.1,5868.16,5750.18,False,True,ridge_spline
TR-042959,2025-09-29,Dry Van,691.5,1469.39,1404.57,False,True,ridge_spline
TR-042960,2025-09-29,Dry Van,2084.0,4026.53,3948.03,False,True,ridge_spline
TR-042961,2025-09-29,Reefer,1292.8,3055.72,2917.71,False,True,ridge_spline
TR-042962,2025-09-29,Dry Van,1423.1,2840.5,2775.93,False,True,ridge_spline
TR-042963,2025-09-29,Flatbed,264.7,752.54,686.71,False,True,ridge_spline
TR-042964,2025-09-29,Reefer,2555.9,5401.18,5223.12,False,True,ridge_spline
TR-042965,2025-09-29,Flatbed,423.1,1166.42,1065.04,False,True,ridge_spline
TR-042966,2025-09-29,Dry Van,560.6,1250.51,1203.61,False,True,ridge_spline
TR-042967,2025-09-29,Dry Van,471.1,1039.93,1022.11,False,True,ridge_spline
TR-042968,2025-09-29,Reefer,723.7,1713.41,1680.44,False,True,ridge_spline
TR-042969,2025-09-29,Dry Van,1121.7,2173.05,2128.2,False,True,ridge_spline
TR-042970,2025-09-29,Dry Van,820.8,1785.72,1734.49,False,True,ridge_spline
TR-042971,2025-09-29,Flatbed,1021.1,2310.73,2170.38,False,True,ridge_spline
TR-042972,2025-09-29,Flatbed,2078.2,4332.87,4132.37,False,True,ridge_spline
TR-042973,2025-09-29,Dry Van,612.2,1423.88,1356.03,False,True,ridge_spline
TR-042974,2025-09-29,Dry Van,1264.0,2429.29,2418.45,False,True,ridge_spline
TR-042975,2025-09-29,Dry Van,364.6,822.8,803.33,False,True,ridge_spline
TR-042976,2025-09-29,Dry Van,1189.8,2417.99,2368.24,False,True,ridge_spline
TR-042977,2025-09-29,Reefer,931.2,2067.22,2037.66,False,True,ridge_spline
TR-042978,2025-09-29,Flatbed,1503.0,3397.49,3214.69,False,True,ridge_spline
TR-042979,2025-09-29,Reefer,383.9,1047.29,996.8,False,True,ridge_spline
TR-042980,2025-09-29,Dry Van,1552.8,3017.03,2919.29,False,True,ridge_spline
TR-042981,2025-09-29,Dry Van,689.4,1401.54,1409.4,False,True,ridge_spline
TR-042982,2025-09-29,Reefer,1825.4,4120.13,3905.75,False,True,ridge_spline
TR-042983,2025-09-29,Dry Van,857.8,1891.3,1857.91,False,True,ridge_spline
TR-042984,2025-09-29,Dry Van,341.9,845.31,814.78,False,True,ridge_spline
TR-042985,2025-09-29,Flatbed,1108.9,2563.03,2424.41,False,True,ridge_spline
TR-042986,2025-09-29,Flatbed,235.0,650.29,606.28,False,True,ridge_spline
TR-042987,2025-09-29,Flatbed,159.1,449.54,420.51,False,True,ridge_spline
TR-042988,2025-09-29,Reefer,845.8,1969.6,1849.92,False,True,ridge_spline
TR-042989,2025-09-29,Flatbed,1657.4,3574.92,3304.8,False,False,ridge_spline
TR-042990,2025-09-29,Flatbed,449.7,1247.17,1151.35,False,True,ridge_spline
TR-042991,2025-09-29,Flatbed,2018.0,4217.34,3942.12,False,True,ridge_spline
TR-042992,2025-09-29,Dry Van,1667.1,10119.16,3053.47,True,True,ridge_spline
TR-042993,2025-09-29,Dry Van,667.5,1371.52,1371.68,False,True,ridge_spline
TR-042994,2025-09-29,Flatbed,2045.0,4431.8,4211.47,False,True,ridge_spline
TR-042995,2025-09-29,Reefer,1571.7,3565.92,3502.72,False,False,ridge_spline
TR-042996,2025-09-29,Dry Van,2698.0,4815.72,4766.04,False,True,ridge_spline
TR-042997,2025-09-30,Dry Van,1632.2,3338.79,3239.15,False,True,ridge_spline
TR-042998,2025-09-30,Flatbed,801.1,1853.42,1672.81,False,True,ridge_spline
TR-042999,2025-09-30,Dry Van,2653.8,5043.62,5024.32,False,True,ridge_spline
TR-043000,2025-09-30,Reefer,1850.2,4138.2,3929.42,False,True,ridge_spline
TR-043001,2025-09-30,Dry Van,524.0,1170.91,1152.58,False,True,ridge_spline
TR-043002,2025-09-30,Dry Van,338.7,780.1,761.29,False,True,ridge_spline
TR-043003,2025-09-30,Dry Van,657.9,1379.76,1320.04,False,True,ridge_spline
TR-043004,2025-09-30,Dry Van,804.1,1718.71,1629.65,False,True,ridge_spline
TR-043005,2025-09-30,Flatbed,304.9,839.98,751.9,False,False,ridge_spline
TR-043006,2025-09-30,Dry Van,514.3,1129.32,1087.51,False,True,ridge_spline
TR-043007,2025-09-30,Reefer,872.8,1991.19,1931.65,False,True,ridge_spline
TR-043008,2025-09-30,Dry Van,994.0,2189.03,2101.71,False,True,ridge_spline
TR-043009,2025-09-30,Dry Van,129.7,357.0,346.93,False,True,ridge_spline
TR-043010,2025-09-30,Flatbed,1931.9,4293.84,4020.31,False,True,ridge_spline
TR-043011,2025-09-30,Dry Van,1240.6,2499.88,2526.23,False,True,ridge_spline
TR-043012,2025-09-30,Dry Van,648.6,1467.25,1457.24,False,True,ridge_spline
TR-043013,2025-09-30,Dry Van,477.2,1190.36,1139.99,False,True,ridge_spline
TR-043014,2025-09-30,Dry Van,1760.9,3419.14,3446.1,False,True,ridge_spline
TR-043015,2025-09-30,Dry Van,1457.1,2795.58,2711.48,False,True,ridge_spline
TR-043016,2025-09-30,Flatbed,231.0,690.34,652.06,False,False,ridge_spline
TR-043017,2025-09-30,Dry Van,1241.1,2421.83,2385.21,False,True,ridge_spline
TR-043018,2025-09-30,Reefer,858.9,2011.7,1958.91,False,True,ridge_spline
TR-043019,2025-09-30,Flatbed,695.2,1592.4,1522.75,False,True,ridge_spline
TR-043020,2025-09-30,Dry Van,437.7,1029.31,1024.47,False,True,ridge_spline
TR-043021,2025-09-30,Dry Van,1455.7,2838.18,2813.77,False,True,ridge_spline
TR-043022,2025-09-30,Flatbed,1906.4,4018.97,3749.56,False,False,ridge_spline
TR-043023,2025-09-30,Reefer,1922.7,4366.61,4189.68,False,True,ridge_spline
TR-043024,2025-09-30,Dry Van,2218.8,4260.11,4147.48,False,True,ridge_spline
TR-043025,2025-09-30,Dry Van,337.0,848.73,818.51,False,True,ridge_spline
TR-043026,2025-09-30,Dry Van,121.3,331.22,315.96,False,True,ridge_spline
TR-043027,2025-09-30,Dry Van,680.2,1375.18,1352.88,False,True,ridge_spline
TR-043028,2025-09-30,Dry Van,1139.8,2550.66,2392.33,False,True,ridge_spline
TR-043029,2025-09-30,Reefer,224.3,651.21,614.06,False,True,ridge_spline
TR-043030,2025-09-30,Dry Van,2548.7,4795.09,4674.81,False,True,ridge_spline
TR-043031,2025-09-30,Flatbed,1215.1,2765.85,2553.2,False,True,ridge_spline
TR-043032,2025-09-30,Dry Van,1566.3,3055.97,2995.55,False,True,ridge_spline
TR-043033,2025-09-30,Reefer,1967.8,4048.13,3853.64,False,True,ridge_spline
TR-043034,2025-09-30,Flatbed,769.0,1829.79,1674.11,False,True,ridge_spline
TR-043035,2025-09-30,Dry Van,1194.5,2322.98,2347.96,False,True,ridge_spline
TR-043036,2025-09-30,Dry Van,1693.3,3453.46,3390.07,False,True,ridge_spline
TR-043037,2025-09-30,Dry Van,658.7,1483.96,1461.34,False,True,ridge_spline
TR-043038,2025-09-30,Flatbed,349.9,944.64,892.57,False,True,ridge_spline
TR-043039,2025-09-30,Dry Van,660.2,1440.38,1401.01,False,True,ridge_spline
TR-043040,2025-09-30,Dry Van,467.1,1009.23,1052.83,False,True,ridge_spline
TR-043041,2025-09-30,Dry Van,532.4,1224.2,1196.84,False,True,ridge_spline
TR-043042,2025-09-30,Dry Van,2593.6,4764.98,4621.17,False,True,ridge_spline
TR-043043,2025-09-30,Reefer,1166.1,2823.19,2623.58,False,True,ridge_spline
TR-043044,2025-09-30,Reefer,575.3,1570.24,1534.2,False,True,ridge_spline
TR-043045,2025-09-30,Dry Van,2114.9,4027.94,4034.05,False,True,ridge_spline
TR-043046,2025-09-30,Reefer,1052.4,2381.69,2268.4,False,True,ridge_spline
TR-043047,2025-09-30,Reefer,1782.9,4038.74,3773.92,False,True,ridge_spline
TR-043048,2025-09-30,Dry Van,1044.6,2149.82,2129.9,False,True,ridge_spline
TR-043049,2025-09-30,Dry Van,1232.6,2519.02,2444.89,False,True,ridge_spline
TR-043050,2025-09-30,Dry Van,2976.4,5093.93,5143.03,False,True,ridge_spline
TR-043051,2025-09-30,Dry Van,415.6,870.54,862.03,False,True,ridge_spline
TR-043052,2025-09-30,Dry Van,1741.0,3335.73,3221.07,False,True,ridge_spline
TR-043053,2025-09-30,Dry Van,1035.5,2108.84,2071.82,False,True,ridge_spline
TR-043054,2025-09-30,Dry Van,599.6,1416.74,1351.21,False,True,ridge_spline
TR-043055,2025-09-30,Reefer,2255.0,5046.46,4788.94,False,True,ridge_spline
TR-043056,2025-09-30,Dry Van,792.6,1623.96,1581.79,False,True,ridge_spline
TR-043057,2025-09-30,Reefer,2251.0,4884.93,4770.92,False,True,ridge_spline
TR-043058,2025-09-30,Dry Van,765.6,1718.35,1666.33,False,True,ridge_spline
TR-043059,2025-09-30,Reefer,573.4,1371.66,1318.82,False,True,ridge_spline
TR-043060,2025-09-30,Dry Van,3129.9,5343.79,5385.18,False,True,ridge_spline
TR-043061,2025-09-30,Dry Van,616.4,1340.72,1278.14,False,True,ridge_spline
TR-043062,2025-09-30,Reefer,1537.4,3511.31,3462.16,False,True,ridge_spline
TR-043063,2025-09-30,Reefer,904.4,2113.68,2048.14,False,True,ridge_spline
TR-043064,2025-09-30,Flatbed,2211.8,4609.2,4379.66,False,True,ridge_spline
TR-043065,2025-09-30,Reefer,422.4,1109.63,1041.94,False,True,ridge_spline
TR-043066,2025-09-30,Dry Van,1467.4,2905.43,2892.24,False,True,ridge_spline
TR-043067,2025-09-30,Reefer,583.1,1412.3,1367.14,False,False,ridge_spline
TR-043068,2025-09-30,Reefer,1112.4,2642.23,2537.72,False,True,ridge_spline
TR-043069,2025-09-30,Dry Van,305.5,2610.3,798.26,True,True,ridge_spline
TR-043070,2025-09-30,Dry Van,2144.6,4026.49,4023.08,False,True,ridge_spline
TR-043071,2025-09-30,Dry Van,1807.7,3531.35,3473.84,False,True,ridge_spline
TR-043072,2025-09-30,Reefer,262.2,716.88,692.55,False,True,ridge_spline
TR-043073,2025-09-30,Dry Van,903.2,1736.2,1737.78,False,True,ridge_spline
TR-043074,2025-09-30,Dry Van,705.6,1480.19,1465.32,False,True,ridge_spline
TR-043075,2025-09-30,Reefer,754.4,1913.03,1851.81,False,True,ridge_spline
TR-043076,2025-09-30,Reefer,1135.3,2600.14,2555.05,False,True,ridge_spline
TR-043077,2025-09-30,Dry Van,436.3,2522.62,977.88,True,True,ridge_spline
TR-043078,2025-09-30,Dry Van,387.5,876.64,869.89,False,True,ridge_spline
TR-043079,2025-09-30,Dry Van,155.1,434.29,416.8,False,True,ridge_spline
TR-043080,2025-09-30,Dry Van,299.7,801.38,772.25,False,False,ridge_spline
TR-043081,2025-09-30,Dry Van,411.7,989.5,959.97,False,True,ridge_spline
TR-043082,2025-09-30,Flatbed,333.8,896.69,853.41,False,False,ridge_spline
TR-043083,2025-09-30,Dry Van,1331.8,2726.84,2692.65,False,True,ridge_spline
TR-043084,2025-09-30,Dry Van,670.9,1484.02,1435.97,False,True,ridge_spline
TR-043085,2025-09-30,Dry Van,444.3,940.89,920.19,False,True,ridge_spline
TR-043086,2025-09-30,Dry Van,194.2,532.29,503.86,False,True,ridge_spline
TR-043087,2025-09-30,Dry Van,522.4,1185.03,1155.41,False,True,ridge_spline
TR-043088,2025-09-30,Dry Van,1832.2,3365.72,3329.25,False,True,ridge_spline
TR-043089,2025-09-30,Flatbed,125.2,365.66,343.82,False,True,ridge_spline
TR-043090,2025-09-30,Flatbed,421.4,1200.94,1132.05,False,True,ridge_spline
TR-043091,2025-09-30,Reefer,495.8,1352.62,1303.64,False,True,ridge_spline
TR-043092,2025-09-30,Dry Van,1451.2,2889.42,2813.33,False,True,ridge_spline
TR-043093,2025-09-30,Dry Van,833.6,1771.8,1777.3,False,True,ridge_spline
TR-043094,2025-09-30,Flatbed,835.9,1946.45,1834.27,False,True,ridge_spline
TR-043095,2025-09-30,Flatbed,1533.8,3300.91,3172.96,False,False,ridge_spline
TR-043096,2025-09-30,Dry Van,310.7,715.18,724.59,False,True,ridge_spline
TR-043097,2025-09-30,Dry Van,2441.6,4299.66,4293.14,False,True,ridge_spline
TR-043098,2025-09-30,Reefer,701.5,1811.26,1745.25,False,True,ridge_spline
TR-043099,2025-09-30,Dry Van,2288.6,4205.63,4215.82,False,True,ridge_spline
TR-043100,2025-09-30,Dry Van,367.1,838.67,818.38,False,True,ridge_spline
TR-043101,2025-09-30,Flatbed,3101.8,6610.21,6112.14,False,True,ridge_spline
TR-043102,2025-09-30,Reefer,874.4,7443.31,1917.09,True,True,ridge_spline
TR-043103,2025-09-30,Dry Van,723.3,1500.18,1433.8,False,True,ridge_spline
TR-043104,2025-09-30,Reefer,2087.7,4526.15,4464.43,False,True,ridge_spline
TR-043105,2025-09-30,Reefer,2663.7,5382.19,5178.49,False,True,ridge_spline
TR-043106,2025-09-30,Flatbed,1575.4,3542.5,3401.36,False,False,ridge_spline
TR-043107,2025-09-30,Flatbed,2201.7,4713.14,4353.25,False,True,ridge_spline
TR-043108,2025-09-30,Flatbed,912.5,2050.87,1952.57,False,True,ridge_spline
TR-043109,2025-09-30,Dry Van,2303.1,4361.64,4327.85,False,True,ridge_spline
TR-043110,2025-09-30,Reefer,873.3,2023.59,1938.51,False,True,ridge_spline
TR-043111,2025-09-30,Reefer,942.6,2275.62,2162.58,False,True,ridge_spline
TR-043112,2025-09-30,Dry Van,1127.2,2250.21,2180.0,False,True,ridge_spline
TR-043113,2025-09-30,Reefer,1765.1,3981.2,3694.73,False,True,ridge_spline
TR-043114,2025-09-30,Dry Van,1294.8,2489.82,2453.4,False,True,ridge_spline
TR-043115,2025-09-30,Flatbed,833.5,1856.04,1756.75,False,True,ridge_spline
TR-043116,2025-09-30,Dry Van,2131.0,3878.4,3769.08,False,True,ridge_spline
TR-043117,2025-09-30,Flatbed,543.6,1371.12,1226.13,False,True,ridge_spline
TR-043118,2025-09-30,Flatbed,721.2,1818.34,1690.55,False,True,ridge_spline
TR-043119,2025-09-30,Dry Van,432.3,968.44,933.84,False,True,ridge_spline
TR-043120,2025-09-30,Reefer,1414.9,3308.06,3190.2,False,True,ridge_spline
TR-043121,2025-09-30,Dry Van,654.1,1454.09,1413.93,False,True,ridge_spline
TR-043122,2025-09-30,Flatbed,2098.4,4726.9,4308.98,False,True,ridge_spline
TR-043123,2025-09-30,Dry Van,330.9,749.67,719.09,False,True,ridge_spline
TR-043124,2025-09-30,Dry Van,1093.9,2009.55,2005.48,False,True,ridge_spline
TR-043125,2025-09-30,Dry Van,2071.1,3784.87,3686.64,False,True,ridge_spline
TR-043126,2025-09-30,Flatbed,2340.6,4713.82,4447.32,False,True,ridge_spline
TR-043127,2025-09-30,Dry Van,490.8,1095.54,1067.85,False,True,ridge_spline
TR-043128,2025-09-30,Dry Van,1249.0,2423.41,2392.67,False,True,ridge_spline
TR-043129,2025-09-30,Flatbed,3031.1,6031.83,5642.51,False,False,ridge_spline
TR-043130,2025-09-30,Reefer,1999.4,4633.29,4440.25,False,True,ridge_spline
TR-043131,2025-09-30,Dry Van,568.0,4000.2,1270.71,True,True,ridge_spline
TR-043132,2025-09-30,Flatbed,824.4,2040.44,1885.07,False,False,ridge_spline
TR-043133,2025-09-30,Dry Van,2204.8,4265.6,4211.16,False,True,ridge_spline
TR-043134,2025-09-30,Dry Van,558.6,1280.48,1285.26,False,True,ridge_spline
TR-043135,2025-09-30,Flatbed,1121.4,2711.58,2550.46,False,True,ridge_spline
TR-043136,2025-09-30,Dry Van,1013.1,1997.28,1939.74,False,True,ridge_spline
TR-043137,2025-09-30,Flatbed,534.2,1351.46,1284.59,False,True,ridge_spline
TR-043138,2025-09-30,Dry Van,3302.0,5812.69,5760.73,False,True,ridge_spline
TR-043139,2025-09-30,Flatbed,910.5,2108.23,1952.71,False,True,ridge_spline
TR-043140,2025-09-30,Dry Van,1850.7,3252.91,3322.15,False,True,ridge_spline
TR-043141,2025-09-30,Reefer,2471.3,5237.53,5004.54,False,True,ridge_spline
TR-043142,2025-09-30,Reefer,2069.0,4514.51,4316.63,False,True,ridge_spline
TR-043143,2025-09-30,Dry Van,970.6,1980.3,1937.73,False,True,ridge_spline
TR-043144,2025-09-30,Reefer,803.6,1931.07,1866.84,False,True,ridge_spline
TR-043145,2025-09-30,Reefer,1623.9,3707.12,3580.83,False,True,ridge_spline
TR-043146,2025-09-30,Dry Van,744.2,1650.2,1594.01,False,True,ridge_spline
TR-043147,2025-09-30,Dry Van,860.4,1938.61,1854.07,False,True,ridge_spline
TR-043148,2025-10-01,Dry Van,2211.8,4001.45,4013.59,False,True,ridge_spline
TR-043149,2025-10-01,Dry Van,1244.7,2466.25,2447.49,False,True,ridge_spline
TR-043150,2025-10-01,Reefer,1083.9,2526.28,2533.05,False,True,ridge_spline
TR-043151,2025-10-01,Reefer,605.5,1518.22,1510.65,False,True,ridge_spline
TR-043152,2025-10-01,Dry Van,1663.3,2999.76,3004.51,False,True,ridge_spline
TR-043153,2025-10-01,Dry Van,780.4,1704.26,1688.14,False,True,ridge_spline
TR-043154,2025-10-01,Reefer,216.5,605.83,621.04,False,True,ridge_spline
TR-043155,2025-10-01,Dry Van,520.5,1176.88,1159.43,False,True,ridge_spline
TR-043156,2025-10-01,Dry Van,987.8,1900.8,1939.18,False,True,ridge_spline
TR-043157,2025-10-01,Dry Van,945.3,1914.59,1891.87,False,True,ridge_spline
TR-043158,2025-10-01,Reefer,479.1,1223.46,1191.85,False,True,ridge_spline
TR-043159,2025-10-01,Flatbed,857.4,1941.22,1936.02,False,True,ridge_spline
TR-043160,2025-10-01,Reefer,917.8,2156.97,2213.86,False,True,ridge_spline
TR-043161,2025-10-01,Dry Van,2203.9,4262.62,4269.73,False,True,ridge_spline
TR-043162,2025-10-01,Dry Van,639.4,1430.05,1440.76,False,True,ridge_spline
TR-043163,2025-10-01,Dry Van,2754.3,4744.55,4875.21,False,True,ridge_spline
TR-043164,2025-10-01,Dry Van,931.0,2022.34,1988.69,False,True,ridge_spline
TR-043165,2025-10-01,Flatbed,1373.6,2990.31,3036.89,False,False,ridge_spline
TR-043166,2025-10-01,Reefer,399.8,982.16,998.27,False,True,ridge_spline
TR-043167,2025-10-01,Reefer,415.8,1023.56,1037.28,False,True,ridge_spline
TR-043168,2025-10-01,Reefer,1278.8,2873.9,2908.52,False,True,ridge_spline
TR-043169,2025-10-01,Flatbed,2049.6,4042.16,4191.19,False,True,ridge_spline
TR-043170,2025-10-01,Reefer,246.4,712.29,703.29,False,True,ridge_spline
TR-043171,2025-10-01,Dry Van,884.2,1794.49,1797.68,False,True,ridge_spline
TR-043172,2025-10-01,Flatbed,3014.7,5589.34,5602.22,False,False,ridge_spline
TR-043173,2025-10-01,Flatbed,998.5,2086.11,2124.1,False,True,ridge_spline
TR-043174,2025-10-01,Dry Van,242.5,579.08,570.43,False,True,ridge_spline
TR-043175,2025-10-01,Dry Van,449.7,974.24,984.1,False,True,ridge_spline
TR-043176,2025-10-01,Flatbed,282.2,755.24,769.7,False,True,ridge_spline
TR-043177,2025-10-01,Flatbed,884.8,2004.9,2044.22,False,True,ridge_spline
TR-043178,2025-10-01,Dry Van,1022.5,2015.6,2019.79,False,True,ridge_spline
TR-043179,2025-10-01,Flatbed,378.6,906.83,921.24,False,True,ridge_spline
TR-043180,2025-10-01,Flatbed,2336.6,4627.89,4641.42,False,True,ridge_spline
TR-043181,2025-10-01,Dry Van,777.6,1500.39,1492.18,False,True,ridge_spline
TR-043182,2025-10-01,Dry Van,277.8,628.71,634.56,False,True,ridge_spline
TR-043183,2025-10-01,Reefer,764.2,1789.15,1775.23,False,True,ridge_spline
TR-043184,2025-10-01,Dry Van,589.6,1184.39,1207.89,False,True,ridge_spline
TR-043185,2025-10-01,Reefer,548.4,6477.13,1313.01,True,True,ridge_spline
TR-043186,2025-10-01,Flatbed,684.8,1498.58,1566.07,False,True,ridge_spline
TR-043187,2025-10-01,Reefer,244.7,757.75,749.56,False,False,ridge_spline
TR-043188,2025-10-01,Dry Van,993.2,2022.07,1990.99,False,True,ridge_spline
TR-043189,2025-10-01,Dry Van,650.6,1372.49,1368.81,False,True,ridge_spline
TR-043190,2025-10-01,Dry Van,461.0,1000.3,1043.79,False,True,ridge_spline
TR-043191,2025-10-01,Dry Van,562.0,1206.96,1231.87,False,True,ridge_spline
TR-043192,2025-10-01,Dry Van,470.7,1133.3,1128.61,False,True,ridge_spline
TR-043193,2025-10-01,Flatbed,2273.8,4333.35,4302.78,False,False,ridge_spline
TR-043194,2025-10-01,Dry Van,1273.2,2647.58,2630.43,False,True,ridge_spline
TR-043195,2025-10-01,Dry Van,495.9,1100.57,1087.36,False,True,ridge_spline
TR-043196,2025-10-01,Flatbed,758.8,1733.31,1750.33,False,False,ridge_spline
TR-043197,2025-10-01,Reefer,2051.9,4360.08,4461.92,False,False,ridge_spline
TR-043198,2025-10-01,Dry Van,597.4,1310.24,1322.41,False,True,ridge_spline
TR-043199,2025-10-01,Dry Van,3035.7,5448.66,5511.51,False,True,ridge_spline
TR-043200,2025-10-01,Dry Van,210.1,572.62,579.14,False,True,ridge_spline
TR-043201,2025-10-01,Dry Van,1471.5,2839.21,2821.7,False,True,ridge_spline
TR-043202,2025-10-01,Dry Van,463.4,1033.26,1042.74,False,True,ridge_spline
TR-043203,2025-10-01,Dry Van,1010.9,1986.82,1987.46,False,True,ridge_spline
TR-043204,2025-10-01,Reefer,1124.8,2400.85,2479.32,False,True,ridge_spline
TR-043205,2025-10-01,Dry Van,951.8,1936.07,2016.22,False,True,ridge_spline
TR-043206,2025-10-01,Dry Van,988.0,1929.23,1977.64,False,True,ridge_spline
TR-043207,2025-10-01,Reefer,647.7,1483.98,1537.23,False,True,ridge_spline
TR-043208,2025-10-01,Dry Van,2216.0,3829.84,3948.7,False,True,ridge_spline
TR-043209,2025-10-01,Dry Van,605.9,1217.54,1257.48,False,True,ridge_spline
TR-043210,2025-10-01,Dry Van,1159.0,2360.65,2364.11,False,True,ridge_spline
TR-043211,2025-10-01,Reefer,922.4,2088.6,2129.27,False,True,ridge_spline
TR-043212,2025-10-01,Dry Van,2784.9,4778.86,4946.98,False,True,ridge_spline
TR-043213,2025-10-01,Flatbed,803.1,1722.03,1739.78,False,True,ridge_spline
TR-043214,2025-10-01,Flatbed,637.7,1412.16,1416.7,False,True,ridge_spline
TR-043215,2025-10-01,Reefer,2179.4,4500.92,4403.85,False,True,ridge_spline
TR-043216,2025-10-01,Dry Van,1553.5,3181.84,3150.99,False,True,ridge_spline
TR-043217,2025-10-01,Dry Van,1203.3,2498.9,2518.06,False,True,ridge_spline
TR-043218,2025-10-01,Dry Van,1635.8,3208.55,3279.68,False,True,ridge_spline
TR-043219,2025-10-01,Dry Van,2628.8,4900.51,5030.02,False,True,ridge_spline
TR-043220,2025-10-01,Dry Van,1507.7,3028.96,3071.43,False,True,ridge_spline
TR-043221,2025-10-01,Dry Van,458.5,1008.48,1031.65,False,True,ridge_spline
TR-043222,2025-10-01,Reefer,451.9,1170.12,1199.17,False,False,ridge_spline
TR-043223,2025-10-01,Reefer,1005.8,2521.43,2466.02,False,True,ridge_spline
TR-043224,2025-10-01,Dry Van,358.0,835.03,842.05,False,True,ridge_spline
TR-043225,2025-10-01,Flatbed,2633.9,4810.57,4905.64,False,True,ridge_spline
TR-043226,2025-10-01,Reefer,562.6,1244.63,1240.36,False,True,ridge_spline
TR-043227,2025-10-01,Dry Van,678.9,1446.38,1409.42,False,True,ridge_spline
TR-043228,2025-10-01,Dry Van,244.1,563.96,575.72,False,True,ridge_spline
TR-043229,2025-10-01,Dry Van,447.2,1023.4,1021.82,False,True,ridge_spline
TR-043230,2025-10-01,Flatbed,607.5,1421.17,1407.45,False,False,ridge_spline
TR-043231,2025-10-01,Dry Van,685.5,1397.01,1413.5,False,True,ridge_spline
TR-043232,2025-10-01,Dry Van,1253.7,2477.14,2556.17,False,True,ridge_spline
TR-043233,2025-10-01,Reefer,632.4,1490.25,1451.05,False,True,ridge_spline
TR-043234,2025-10-01,Dry Van,1283.2,2459.43,2552.8,False,True,ridge_spline
TR-043235,2025-10-01,Dry Van,359.6,789.03,808.14,False,True,ridge_spline
TR-043236,2025-10-01,Dry Van,509.2,1164.68,1167.24,False,True,ridge_spline
TR-043237,2025-10-01,Reefer,2731.3,5555.29,5473.77,False,True,ridge_spline
TR-043238,2025-10-01,Dry Van,1875.4,3533.64,3522.74,False,True,ridge_spline
TR-043239,2025-10-01,Dry Van,256.8,648.29,638.61,False,False,ridge_spline
TR-043240,2025-10-01,Dry Van,1435.0,2853.94,2911.68,False,True,ridge_spline
TR-043241,2025-10-01,Dry Van,1431.7,2817.95,2797.8,False,True,ridge_spline
TR-043242,2025-10-01,Flatbed,412.3,1002.17,1008.47,False,True,ridge_spline
TR-043243,2025-10-01,Dry Van,1434.7,2898.42,2928.9,False,True,ridge_spline
TR-043244,2025-10-01,Reefer,862.0,1968.55,1997.57,False,True,ridge_spline
TR-043245,2025-10-01,Dry Van,624.8,1398.29,1414.41,False,True,ridge_spline
TR-043246,2025-10-01,Dry Van,790.4,1614.53,1632.73,False,True,ridge_spline
TR-043247,2025-10-01,Dry Van,833.4,1793.3,1802.12,False,True,ridge_spline
TR-043248,2025-10-01,Dry Van,2442.1,4537.86,4447.45,False,True,ridge_spline
TR-043249,2025-10-01,Dry Van,824.1,1641.95,1636.42,False,True,ridge_spline
TR-043250,2025-10-01,Flatbed,1259.6,2505.88,2576.05,False,True,ridge_spline
TR-043251,2025-10-01,Dry Van,1519.1,2902.34,2911.62,False,True,ridge_spline
TR-043252,2025-10-01,Reefer,104.7,311.26,325.17,False,True,ridge_spline
TR-043253,2025-10-01,Dry Van,2267.7,4200.14,4094.84,False,True,ridge_spline
TR-043254,2025-10-01,Dry Van,176.0,517.66,500.89,False,True,ridge_spline
TR-043255,2025-10-01,Reefer,1837.0,3773.93,3853.76,False,True,ridge_spline
TR-043256,2025-10-01,Reefer,933.6,2219.91,2225.32,False,True,ridge_spline
TR-043257,2025-10-01,Dry Van,538.3,1283.16,1260.26,False,True,ridge_spline
TR-043258,2025-10-01,Dry Van,1522.5,2877.77,2859.87,False,True,ridge_spline
TR-043259,2025-10-01,Dry Van,1726.6,3332.2,3445.68,False,True,ridge_spline
TR-043260,2025-10-01,Reefer,2615.5,5124.5,5260.0,False,True,ridge_spline
TR-043261,2025-10-01,Reefer,2004.8,4070.24,4103.64,False,True,ridge_spline
TR-043262,2025-10-01,Reefer,1123.5,2458.0,2447.36,False,True,ridge_spline
TR-043263,2025-10-01,Dry Van,1039.6,2010.76,2063.88,False,True,ridge_spline
TR-043264,2025-10-01,Dry Van,2254.2,4221.49,4290.63,False,True,ridge_spline
TR-043265,2025-10-01,Reefer,959.6,2113.04,2147.63,False,True,ridge_spline
TR-043266,2025-10-01,Flatbed,2164.4,4464.73,4512.01,False,False,ridge_spline
TR-043267,2025-10-01,Dry Van,2291.1,4310.7,4283.89,False,True,ridge_spline
TR-043268,2025-10-01,Reefer,2012.0,4298.29,4321.18,False,True,ridge_spline
TR-043269,2025-10-01,Dry Van,734.0,1487.21,1524.09,False,True,ridge_spline
TR-043270,2025-10-01,Dry Van,275.2,650.49,665.58,False,True,ridge_spline
TR-043271,2025-10-01,Dry Van,875.0,1730.09,1763.88,False,True,ridge_spline
TR-043272,2025-10-01,Dry Van,371.4,841.42,828.1,False,True,ridge_spline
TR-043273,2025-10-01,Dry Van,2261.5,4384.26,4345.53,False,True,ridge_spline
TR-043274,2025-10-01,Dry Van,561.1,1274.28,1280.49,False,True,ridge_spline
TR-043275,2025-10-01,Dry Van,791.9,1749.18,1733.9,False,True,ridge_spline
TR-043276,2025-10-01,Dry Van,1577.7,3134.93,3155.1,False,True,ridge_spline
TR-043277,2025-10-01,Dry Van,855.9,1791.66,1883.73,False,True,ridge_spline
TR-043278,2025-10-01,Reefer,442.4,1098.12,1128.41,False,True,ridge_spline
TR-043279,2025-10-01,Dry Van,445.9,977.98,984.74,False,True,ridge_spline
TR-043280,2025-10-01,Flatbed,583.0,1398.37,1430.63,False,True,ridge_spline
TR-043281,2025-10-01,Dry Van,912.2,1927.67,1959.14,False,True,ridge_spline
TR-043282,2025-10-01,Dry Van,1227.5,2331.68,2472.31,False,True,ridge_spline
TR-043283,2025-10-01,Dry Van,1396.3,2846.07,2817.26,False,True,ridge_spline
TR-043284,2025-10-01,Reefer,629.3,1458.78,1463.85,False,True,ridge_spline
TR-043285,2025-10-01,Reefer,489.6,1157.74,1177.47,False,True,ridge_spline
TR-043286,2025-10-01,Dry Van,660.7,1443.07,1463.38,False,True,ridge_spline
TR-043287,2025-10-01,Dry Van,70.0,194.26,198.97,False,False,ridge_spline
TR-043288,2025-10-01,Reefer,2337.0,5076.68,5141.12,False,True,ridge_spline
TR-043289,2025-10-01,Dry Van,565.0,1140.24,1135.52,False,True,ridge_spline
TR-043290,2025-10-01,Reefer,733.9,1645.12,1642.71,False,True,ridge_spline
TR-043291,2025-10-01,Dry Van,407.9,921.92,916.02,False,True,ridge_spline
TR-043292,2025-10-01,Dry Van,699.1,1498.47,1489.86,False,True,ridge_spline
TR-043293,2025-10-01,Reefer,594.4,1456.25,1484.69,False,False,ridge_spline
TR-043294,2025-10-01,Flatbed,801.6,1717.39,1696.6,False,True,ridge_spline
TR-043295,2025-10-01,Dry Van,1732.8,3374.09,3328.13,False,True,ridge_spline
TR-043296,2025-10-01,Dry Van,735.6,1509.89,1535.48,False,True,ridge_spline
TR-043297,2025-10-01,Dry Van,70.0,203.0,201.56,False,True,ridge_spline
TR-043298,2025-10-01,Dry Van,414.8,1013.72,1007.71,False,True,ridge_spline
TR-043299,2025-10-01,Flatbed,1869.1,3856.36,3931.42,False,True,ridge_spline
TR-043300,2025-10-01,Dry Van,320.9,767.51,762.84,False,True,ridge_spline
TR-043301,2025-10-01,Reefer,1056.2,2447.96,2493.38,False,True,ridge_spline
TR-043302,2025-10-01,Reefer,84.4,280.13,273.32,False,True,ridge_spline
TR-043303,2025-10-01,Reefer,2083.1,13894.55,4581.23,True,True,ridge_spline
TR-043304,2025-10-01,Dry Van,684.6,1456.68,1473.11,False,True,ridge_spline
TR-043305,2025-10-01,Dry Van,1194.6,2368.1,2414.5,False,True,ridge_spline
TR-043306,2025-10-01,Dry Van,1212.8,2279.69,2346.33,False,True,ridge_spline
TR-043307,2025-10-01,Dry Van,2824.9,4949.49,4991.08,False,True,ridge_spline
TR-043308,2025-10-01,Reefer,2801.8,5510.91,5679.24,False,True,ridge_spline
TR-043309,2025-10-01,Dry Van,159.3,432.91,427.64,False,True,ridge_spline
TR-043310,2025-10-02,Reefer,914.5,2142.88,2216.82,False,True,ridge_spline
TR-043311,2025-10-02,Reefer,444.9,1200.45,1173.15,False,True,ridge_spline
TR-043312,2025-10-02,Dry Van,1468.5,2968.11,2998.25,False,True,ridge_spline
TR-043313,2025-10-02,Dry Van,2027.3,3842.4,3893.48,False,True,ridge_spline
TR-043314,2025-10-02,Flatbed,862.8,1843.79,1844.51,False,True,ridge_spline
TR-043315,2025-10-02,Dry Van,2060.5,3792.71,3871.45,False,True,ridge_spline
TR-043316,2025-10-02,Reefer,1622.8,3421.97,3439.2,False,True,ridge_spline
TR-043317,2025-10-02,Dry Van,689.3,1467.83,1455.95,False,True,ridge_spline
TR-043318,2025-10-02,Dry Van,562.4,1236.69,1271.68,False,True,ridge_spline
TR-043319,2025-10-02,Dry Van,1776.6,3405.12,3518.98,False,True,ridge_spline
TR-043320,2025-10-02,Dry Van,507.6,1143.93,1170.54,False,True,ridge_spline
TR-043321,2025-10-02,Dry Van,664.9,1378.93,1410.76,False,True,ridge_spline
TR-043322,2025-10-02,Dry Van,2803.5,5012.79,5152.46,False,True,ridge_spline
TR-043323,2025-10-02,Reefer,937.3,2169.46,2240.45,False,True,ridge_spline
TR-043324,2025-10-02,Reefer,2554.1,5024.96,5135.67,False,True,ridge_spline
TR-043325,2025-10-02,Reefer,1005.7,2467.62,2473.97,False,True,ridge_spline
TR-043326,2025-10-02,Dry Van,2738.2,4932.23,4815.01,False,True,ridge_spline
TR-043327,2025-10-02,Dry Van,1210.0,2347.61,2435.0,False,True,ridge_spline
TR-043328,2025-10-02,Flatbed,2586.0,4970.96,5101.58,False,True,ridge_spline
TR-043329,2025-10-02,Dry Van,1440.3,2770.73,2806.05,False,True,ridge_spline
TR-043330,2025-10-02,Dry Van,1430.6,2802.12,2785.23,False,True,ridge_spline
TR-043331,2025-10-02,Dry Van,1337.8,2727.55,2691.41,False,True,ridge_spline
TR-043332,2025-10-02,Flatbed,1754.5,3588.13,3576.57,False,True,ridge_spline
TR-043333,2025-10-02,Dry Van,1214.9,2414.96,2485.05,False,True,ridge_spline
TR-043334,2025-10-02,Reefer,1487.4,3168.66,3219.93,False,True,ridge_spline
TR-043335,2025-10-02,Reefer,92.6,274.24,278.88,False,True,ridge_spline
TR-043336,2025-10-02,Flatbed,648.8,1429.94,1473.9,False,True,ridge_spline
TR-043337,2025-10-02,Dry Van,762.7,1729.78,1686.66,False,True,ridge_spline
TR-043338,2025-10-02,Reefer,281.2,745.43,762.48,False,True,ridge_spline
TR-043339,2025-10-02,Reefer,2831.4,5505.02,5518.74,False,False,ridge_spline
TR-043340,2025-10-02,Flatbed,458.5,1142.27,1193.73,False,True,ridge_spline
TR-043341,2025-10-02,Reefer,225.6,624.99,631.87,False,True,ridge_spline
TR-043342,2025-10-02,Flatbed,1114.2,2301.92,2396.29,False,True,ridge_spline
TR-043343,2025-10-02,Flatbed,532.7,1175.29,1225.25,False,False,ridge_spline
TR-043344,2025-10-02,Dry Van,1122.3,2214.59,2227.95,False,True,ridge_spline
TR-043345,2025-10-02,Dry Van,1213.2,2592.64,2527.87,False,False,ridge_spline
TR-043346,2025-10-02,Dry Van,1152.6,2287.12,2260.7,False,True,ridge_spline
TR-043347,2025-10-02,Reefer,2391.8,4754.03,4995.98,False,False,ridge_spline
TR-043348,2025-10-02,Dry Van,497.1,1140.26,1138.35,False,True,ridge_spline
TR-043349,2025-10-02,Dry Van,842.1,1672.88,1707.99,False,True,ridge_spline
TR-043350,2025-10-02,Flatbed,1356.3,2718.68,2800.75,False,True,ridge_spline
TR-043351,2025-10-02,Dry Van,233.9,611.62,609.18,False,True,ridge_spline
TR-043352,2025-10-02,Flatbed,1391.0,3094.08,3128.37,False,True,ridge_spline
TR-043353,2025-10-02,Dry Van,1475.3,2843.33,2887.05,False,True,ridge_spline
TR-043354,2025-10-02,Flatbed,1096.9,2265.33,2315.43,False,False,ridge_spline
TR-043355,2025-10-02,Dry Van,1140.1,2393.81,2339.9,False,True,ridge_spline
TR-043356,2025-10-02,Dry Van,525.3,1174.22,1140.27,False,True,ridge_spline
TR-043357,2025-10-02,Dry Van,1030.0,2169.9,2198.78,False,True,ridge_spline
TR-043358,2025-10-02,Dry Van,1039.7,2168.46,2159.34,False,True,ridge_spline
TR-043359,2025-10-02,Flatbed,1697.5,3535.11,3555.59,False,True,ridge_spline
TR-043360,2025-10-02,Dry Van,1211.5,2482.49,2490.3,False,True,ridge_spline
TR-043361,2025-10-02,Dry Van,1323.2,2530.95,2585.59,False,True,ridge_spline
TR-043362,2025-10-02,Dry Van,732.4,1481.8,1451.15,False,True,ridge_spline
TR-043363,2025-10-02,Reefer,291.3,836.03,837.81,False,False,ridge_spline
TR-043364,2025-10-02,Flatbed,721.1,1721.74,1754.48,False,False,ridge_spline
TR-043365,2025-10-02,Dry Van,1329.0,2529.85,2557.71,False,True,ridge_spline
TR-043366,2025-10-02,Dry Van,2414.8,4621.92,4673.8,False,True,ridge_spline
TR-043367,2025-10-02,Reefer,128.1,386.18,399.61,False,True,ridge_spline
TR-043368,2025-10-02,Flatbed,1750.6,3633.54,3603.83,False,True,ridge_spline
TR-043369,2025-10-02,Dry Van,2445.4,4333.71,4366.84,False,True,ridge_spline
TR-043370,2025-10-02,Dry Van,1100.8,2038.03,2100.73,False,True,ridge_spline
TR-043371,2025-10-02,Dry Van,1509.4,2825.29,2950.27,False,True,ridge_spline
TR-043372,2025-10-02,Flatbed,389.0,974.77,978.88,False,True,ridge_spline
TR-043373,2025-10-02,Reefer,585.9,1557.11,1574.1,False,False,ridge_spline
TR-043374,2025-10-02,Flatbed,769.4,1673.46,1714.43,False,True,ridge_spline
TR-043375,2025-10-02,Flatbed,137.9,378.74,389.77,False,True,ridge_spline
TR-043376,2025-10-02,Dry Van,1018.0,2084.23,2120.01,False,True,ridge_spline
TR-043377,2025-10-02,Reefer,354.1,901.41,902.84,False,True,ridge_spline
TR-043378,2025-10-02,Flatbed,1471.9,3087.75,3095.16,False,True,ridge_spline
TR-043379,2025-10-02,Dry Van,605.0,1262.04,1252.97,False,True,ridge_spline
TR-043380,2025-10-02,Reefer,764.0,1740.07,1772.24,False,True,ridge_spline
TR-043381,2025-10-02,Dry Van,2545.4,4425.69,4492.3,False,True,ridge_spline
TR-043382,2025-10-02,Dry Van,956.5,1948.49,1946.9,False,True,ridge_spline
TR-043383,2025-10-02,Dry Van,920.3,1985.82,2009.77,False,True,ridge_spline
TR-043384,2025-10-02,Dry Van,1735.4,3312.03,3331.7,False,True,ridge_spline
TR-043385,2025-10-02,Dry Van,1187.0,11696.44,2373.04,True,True,ridge_spline
TR-043386,2025-10-02,Dry Van,180.2,487.55,498.29,False,True,ridge_spline
TR-043387,2025-10-02,Dry Van,119.5,321.82,324.74,False,True,ridge_spline
TR-043388,2025-10-02,Reefer,307.1,779.12,802.12,False,True,ridge_spline
TR-043389,2025-10-02,Dry Van,423.5,946.74,953.92,False,True,ridge_spline
TR-043390,2025-10-02,Reefer,293.5,825.3,844.0,False,True,ridge_spline
TR-043391,2025-10-02,Flatbed,2559.4,4936.62,5046.87,False,False,ridge_spline
TR-043392,2025-10-02,Dry Van,1366.8,2706.68,2735.14,False,True,ridge_spline
TR-043393,2025-10-02,Flatbed,467.1,1096.8,1110.45,False,True,ridge_spline
TR-043394,2025-10-02,Dry Van,2294.0,4472.5,4420.39,False,True,ridge_spline
TR-043395,2025-10-02,Dry Van,2976.3,4946.27,5111.86,False,True,ridge_spline
TR-043396,2025-10-02,Dry Van,286.6,667.99,674.49,False,True,ridge_spline
TR-043397,2025-10-02,Dry Van,443.7,1024.78,1040.33,False,True,ridge_spline
TR-043398,2025-10-02,Flatbed,2317.3,4743.82,4743.27,False,True,ridge_spline
TR-043399,2025-10-02,Dry Van,1572.5,2930.65,2917.1,False,False,ridge_spline
TR-043400,2025-10-02,Dry Van,2661.4,4983.92,4963.26,False,True,ridge_spline
TR-043401,2025-10-02,Dry Van,593.6,1229.98,1269.4,False,True,ridge_spline
TR-043402,2025-10-02,Flatbed,396.8,890.15,906.41,False,True,ridge_spline
TR-043403,2025-10-02,Dry Van,1170.4,2371.63,2366.8,False,True,ridge_spline
TR-043404,2025-10-02,Dry Van,943.7,1904.66,1933.19,False,True,ridge_spline
TR-043405,2025-10-02,Dry Van,807.2,1706.76,1680.69,False,True,ridge_spline
TR-043406,2025-10-02,Dry Van,1671.0,3242.19,3203.8,False,True,ridge_spline
TR-043407,2025-10-02,Reefer,2499.4,5196.65,5277.6,False,True,ridge_spline
TR-043408,2025-10-02,Dry Van,1118.4,2278.96,2302.11,False,False,ridge_spline
TR-043409,2025-10-02,Dry Van,735.0,1485.65,1509.22,False,True,ridge_spline
TR-043410,2025-10-02,Dry Van,736.5,1545.59,1539.64,False,True,ridge_spline
TR-043411,2025-10-02,Flatbed,2148.9,4135.86,4331.26,False,True,ridge_spline
TR-043412,2025-10-02,Flatbed,600.3,1399.65,1371.15,False,True,ridge_spline
TR-043413,2025-10-02,Dry Van,2114.8,3762.94,3856.5,False,True,ridge_spline
TR-043414,2025-10-02,Reefer,1847.0,3797.45,4052.53,False,True,ridge_spline
TR-043415,2025-10-02,Reefer,879.1,1869.49,1925.46,False,True,ridge_spline
TR-043416,2025-10-02,Flatbed,1519.2,3241.54,3341.14,False,False,ridge_spline
TR-043417,2025-10-02,Dry Van,366.1,912.12,928.24,False,True,ridge_spline
TR-043418,2025-10-02,Reefer,1016.7,2326.48,2278.81,False,True,ridge_spline
TR-043419,2025-10-02,Flatbed,611.1,1397.82,1423.64,False,True,ridge_spline
TR-043420,2025-10-02,Dry Van,1989.3,3790.2,3908.63,False,True,ridge_spline
TR-043421,2025-10-02,Dry Van,590.5,1211.06,1236.09,False,True,ridge_spline
TR-043422,2025-10-02,Dry Van,588.5,1251.72,1240.93,False,False,ridge_spline
TR-043423,2025-10-02,Dry Van,2269.9,4337.3,4355.23,False,True,ridge_spline
TR-043424,2025-10-02,Reefer,579.8,1470.73,1503.59,False,True,ridge_spline
TR-043425,2025-10-02,Reefer,592.0,1414.03,1399.25,False,True,ridge_spline
TR-043426,2025-10-02,Dry Van,739.0,1606.91,1589.46,False,True,ridge_spline
TR-043427,2025-10-02,Reefer,906.6,2215.28,2216.17,False,True,ridge_spline
TR-043428,2025-10-02,Dry Van,535.1,1135.72,1140.65,False,True,ridge_spline
TR-043429,2025-10-02,Flatbed,881.8,2038.06,1996.41,False,True,ridge_spline
TR-043430,2025-10-02,Reefer,1680.4,3407.25,3516.63,False,True,ridge_spline
TR-043431,2025-10-02,Reefer,2645.4,5158.13,5322.71,False,True,ridge_spline
TR-043432,2025-10-02,Dry Van,808.4,1608.58,1639.0,False,True,ridge_spline
TR-043433,2025-10-02,Dry Van,2147.8,3888.18,3940.42,False,True,ridge_spline
TR-043434,2025-10-02,Flatbed,224.7,614.52,626.22,False,True,ridge_spline
TR-043435,2025-10-02,Dry Van,704.9,574.1,1470.43,True,True,ridge_spline
TR-043436,2025-10-02,Dry Van,843.1,1888.11,1897.1,False,True,ridge_spline
TR-043437,2025-10-02,Reefer,690.9,1595.86,1668.42,False,True,ridge_spline
TR-043438,2025-10-02,Dry Van,1099.9,2339.89,2346.7,False,True,ridge_spline
TR-043439,2025-10-02,Reefer,2131.9,4530.09,4668.66,False,False,ridge_spline
TR-043440,2025-10-02,Dry Van,341.7,822.57,819.45,False,True,ridge_spline
TR-043441,2025-10-02,Flatbed,2261.5,4517.4,4471.91,False,True,ridge_spline
TR-043442,2025-10-02,Flatbed,930.4,1992.02,2023.1,False,False,ridge_spline
TR-043443,2025-10-02,Dry Van,714.0,1401.38,1438.97,False,True,ridge_spline
TR-043444,2025-10-02,Dry Van,1084.2,2099.72,2102.26,False,True,ridge_spline
TR-043445,2025-10-02,Dry Van,645.0,1326.06,1340.99,False,True,ridge_spline
TR-043446,2025-10-02,Dry Van,2969.9,5179.39,5332.28,False,True,ridge_spline
TR-043447,2025-10-02,Dry Van,1235.0,2440.48,2527.88,False,True,ridge_spline
TR-043448,2025-10-02,Flatbed,2702.1,5393.16,5536.11,False,True,ridge_spline
TR-043449,2025-10-02,Dry Van,1434.7,2941.66,2924.36,False,True,ridge_spline
TR-043450,2025-10-02,Dry Van,379.8,907.34,909.86,False,True,ridge_spline
TR-043451,2025-10-02,Dry Van,469.0,1115.99,1120.81,False,True,ridge_spline
TR-043452,2025-10-02,Reefer,858.8,2066.62,2069.2,False,True,ridge_spline
TR-043453,2025-10-02,Reefer,773.0,1850.9,1972.73,False,True,ridge_spline
TR-043454,2025-10-02,Dry Van,204.9,544.03,526.58,False,True,ridge_spline
TR-043455,2025-10-02,Reefer,1638.1,3455.38,3507.51,False,False,ridge_spline
TR-043456,2025-10-02,Reefer,1503.5,3247.42,3352.3,False,True,ridge_spline
TR-043457,2025-10-02,Reefer,853.8,2055.14,2083.56,False,True,ridge_spline
TR-043458,2025-10-02,Dry Van,232.6,561.81,561.5,False,True,ridge_spline
TR-043459,2025-10-02,Reefer,645.9,1530.92,1552.95,False,False,ridge_spline
TR-043460,2025-10-02,Reefer,1489.8,3338.08,3346.67,False,True,ridge_spline
TR-043461,2025-10-02,Reefer,1782.6,3912.89,4041.06,False,True,ridge_spline
TR-043462,2025-10-02,Dry Van,2867.3,5059.84,5142.74,False,True,ridge_spline
TR-043463,2025-10-02,Dry Van,1980.6,3626.2,3774.25,False,True,ridge_spline
TR-043464,2025-10-03,Flatbed,973.8,2208.66,2226.74,False,True,ridge_spline
TR-043465,2025-10-03,Reefer,819.4,1870.73,1903.54,False,True,ridge_spline
TR-043466,2025-10-03,Flatbed,379.9,884.41,888.73,False,True,ridge_spline
TR-043467,2025-10-03,Flatbed,978.6,2283.48,2146.98,False,True,ridge_spline
TR-043468,2025-10-03,Flatbed,494.7,1149.7,1179.35,False,False,ridge_spline
TR-043469,2025-10-03,Dry Van,1197.0,2383.72,2415.03,False,True,ridge_spline
TR-043470,2025-10-03,Dry Van,2353.8,4527.45,4523.31,False,True,ridge_spline
TR-043471,2025-10-03,Flatbed,532.0,1279.64,1272.11,False,True,ridge_spline
TR-043472,2025-10-03,Dry Van,563.1,1207.78,1255.67,False,True,ridge_spline
TR-043473,2025-10-03,Dry Van,2360.4,4573.2,4563.6,False,True,ridge_spline
TR-043474,2025-10-03,Reefer,1835.9,3926.18,3974.96,False,True,ridge_spline
TR-043475,2025-10-03,Reefer,819.9,2107.89,2082.67,False,True,ridge_spline
TR-043476,2025-10-03,Dry Van,1015.3,2069.38,2041.91,False,True,ridge_spline
TR-043477,2025-10-03,Flatbed,1635.3,3639.69,3654.96,False,False,ridge_spline
TR-043478,2025-10-03,Flatbed,2079.3,4325.53,4223.71,False,True,ridge_spline
TR-043479,2025-10-03,Dry Van,199.2,541.62,545.78,False,True,ridge_spline
TR-043480,2025-10-03,Dry Van,381.6,864.05,867.68,False,True,ridge_spline
TR-043481,2025-10-03,Dry Van,307.7,789.67,786.81,False,True,ridge_spline
TR-043482,2025-10-03,Dry Van,1858.7,3694.25,3665.67,False,True,ridge_spline
TR-043483,2025-10-03,Dry Van,1653.9,3102.58,3120.94,False,True,ridge_spline
TR-043484,2025-10-03,Reefer,1200.6,2760.6,2845.99,False,True,ridge_spline
TR-043485,2025-10-03,Reefer,568.2,1347.45,1364.17,False,True,ridge_spline
TR-043486,2025-10-03,Dry Van,843.9,1703.91,1697.65,False,True,ridge_spline
TR-043487,2025-10-03,Dry Van,636.2,1365.42,1372.57,False,True,ridge_spline
TR-043488,2025-10-03,Dry Van,1227.9,2648.98,2621.24,False,True,ridge_spline
TR-043489,2025-10-03,Flatbed,955.3,2110.12,2130.08,False,True,ridge_spline
TR-043490,2025-10-03,Reefer,686.8,1536.64,1589.58,False,True,ridge_spline
TR-043491,2025-10-03,Dry Van,494.1,1116.63,1138.44,False,True,ridge_spline
TR-043492,2025-10-03,Dry Van,1880.5,3806.59,3664.87,False,True,ridge_spline
TR-043493,2025-10-03,Dry Van,958.2,2122.53,2107.14,False,True,ridge_spline
TR-043494,2025-10-03,Dry Van,717.3,1531.3,1520.7,False,True,ridge_spline
TR-043495,2025-10-03,Dry Van,1363.9,2744.43,2759.04,False,True,ridge_spline
TR-043496,2025-10-03,Dry Van,2512.7,4490.45,4527.63,False,True,ridge_spline
TR-043497,2025-10-03,Flatbed,497.6,1104.16,1144.18,False,True,ridge_spline
TR-043498,2025-10-03,Flatbed,608.4,1433.36,1497.03,False,True,ridge_spline
TR-043499,2025-10-03,Dry Van,776.9,1645.35,1660.87,False,True,ridge_spline
TR-043500,2025-10-03,Reefer,1192.5,2662.01,2665.57,False,True,ridge_spline
TR-043501,2025-10-03,Flatbed,1374.7,2864.16,2974.47,False,True,ridge_spline
TR-043502,2025-10-03,Dry Van,352.4,815.37,808.39,False,True,ridge_spline
TR-043503,2025-10-03,Flatbed,1701.7,3618.39,3552.19,False,True,ridge_spline
TR-043504,2025-10-03,Dry Van,853.4,1740.91,1775.14,False,True,ridge_spline
TR-043505,2025-10-03,Reefer,842.0,1969.27,1930.03,False,True,ridge_spline
TR-043506,2025-10-03,Dry Van,1038.6,2147.08,2123.96,False,True,ridge_spline
TR-043507,2025-10-03,Flatbed,1731.6,3819.43,3728.2,False,True,ridge_spline
TR-043508,2025-10-03,Reefer,1910.1,4201.07,4232.99,False,True,ridge_spline
TR-043509,2025-10-03,Reefer,1678.9,3590.52,3585.24,False,True,ridge_spline
TR-043510,2025-10-03,Dry Van,1160.4,2398.53,2325.18,False,True,ridge_spline
TR-043511,2025-10-03,Reefer,764.2,1711.77,1709.81,False,True,ridge_spline
TR-043512,2025-10-03,Dry Van,305.5,774.59,773.77,False,True,ridge_spline
TR-043513,2025-10-03,Reefer,2766.0,5521.8,5446.64,False,True,ridge_spline
TR-043514,2025-10-03,Reefer,1771.2,3646.15,3728.59,False,True,ridge_spline
TR-043515,2025-10-03,Reefer,868.3,2132.15,2084.02,False,True,ridge_spline
TR-043516,2025-10-03,Flatbed,2312.2,4849.98,4781.84,False,False,ridge_spline
TR-043517,2025-10-03,Dry Van,240.5,620.43,618.83,False,True,ridge_spline
TR-043518,2025-10-03,Reefer,365.5,1011.24,1005.76,False,True,ridge_spline
TR-043519,2025-10-03,Dry Van,808.0,1629.83,1601.82,False,True,ridge_spline
TR-043520,2025-10-03,Dry Van,2505.2,4652.93,4658.97,False,True,ridge_spline
TR-043521,2025-10-03,Dry Van,615.0,1385.93,1364.96,False,True,ridge_spline
TR-043522,2025-10-03,Dry Van,1104.3,2201.44,2177.48,False,True,ridge_spline
TR-043523,2025-10-03,Flatbed,1955.1,4040.38,4050.98,False,True,ridge_spline
TR-043524,2025-10-03,Dry Van,507.9,1176.24,1170.14,False,True,ridge_spline
TR-043525,2025-10-03,Dry Van,111.7,323.69,320.15,False,True,ridge_spline
TR-043526,2025-10-03,Dry Van,3147.1,5465.63,5529.59,False,True,ridge_spline
TR-043527,2025-10-03,Dry Van,1804.0,3633.88,3613.81,False,True,ridge_spline
TR-043528,2025-10-03,Dry Van,2291.5,4131.55,4213.69,False,True,ridge_spline
TR-043529,2025-10-03,Dry Van,860.4,1913.02,1875.84,False,True,ridge_spline
TR-043530,2025-10-03,Dry Van,2242.9,4305.39,4353.91,False,True,ridge_spline
TR-043531,2025-10-03,Dry Van,1000.5,2020.28,2069.01,False,True,ridge_spline
TR-043532,2025-10-03,Dry Van,359.6,920.36,894.23,False,True,ridge_spline
TR-043533,2025-10-03,Reefer,2260.6,4962.26,4963.06,False,True,ridge_spline
TR-043534,2025-10-03,Dry Van,2291.3,4484.17,4418.92,False,True,ridge_spline
TR-043535,2025-10-03,Dry Van,1085.2,2279.97,2245.26,False,True,ridge_spline
TR-043536,2025-10-03,Dry Van,1276.7,2676.0,2620.61,False,True,ridge_spline
TR-043537,2025-10-03,Flatbed,1561.9,3216.36,3203.87,False,True,ridge_spline
TR-043538,2025-10-03,Dry Van,1537.0,2925.73,2908.98,False,True,ridge_spline
TR-043539,2025-10-03,Reefer,2303.4,5231.69,4900.78,False,True,ridge_spline
TR-043540,2025-10-03,Dry Van,1893.0,17514.11,3626.6,True,True,ridge_spline
TR-043541,2025-10-03,Dry Van,1066.7,2131.74,2155.5,False,True,ridge_spline
TR-043542,2025-10-03,Dry Van,676.7,1419.12,1411.98,False,True,ridge_spline
TR-043543,2025-10-03,Dry Van,760.2,1590.91,1593.88,False,True,ridge_spline
TR-043544,2025-10-03,Reefer,885.6,2135.05,2164.86,False,True,ridge_spline
TR-043545,2025-10-03,Dry Van,1995.2,3795.8,3806.57,False,True,ridge_spline
TR-043546,2025-10-03,Dry Van,325.7,841.39,828.2,False,True,ridge_spline
TR-043547,2025-10-03,Dry Van,863.5,1881.14,1914.63,False,True,ridge_spline
TR-043548,2025-10-03,Dry Van,1274.1,2584.5,2528.53,False,True,ridge_spline
TR-043549,2025-10-03,Dry Van,2111.2,3867.37,3898.44,False,True,ridge_spline
TR-043550,2025-10-03,Flatbed,868.7,1992.33,1993.51,False,False,ridge_spline
TR-043551,2025-10-03,Dry Van,1510.0,2854.85,2875.09,False,True,ridge_spline
TR-043552,2025-10-03,Dry Van,257.5,634.0,631.19,False,True,ridge_spline
TR-043553,2025-10-03,Reefer,1985.3,4305.52,4325.16,False,False,ridge_spline
TR-043554,2025-10-03,Flatbed,343.0,896.64,915.37,False,True,ridge_spline
TR-043555,2025-10-03,Dry Van,339.5,750.47,744.07,False,True,ridge_spline
TR-043556,2025-10-03,Dry Van,1204.9,2426.3,2396.6,False,True,ridge_spline
TR-043557,2025-10-03,Dry Van,2173.9,3888.25,3917.34,False,True,ridge_spline
TR-043558,2025-10-03,Dry Van,922.6,2007.17,1946.6,False,True,ridge_spline
TR-043559,2025-10-03,Dry Van,1992.9,3858.38,3813.17,False,True,ridge_spline
TR-043560,2025-10-03,Dry Van,218.0,620.2,575.67,False,False,ridge_spline
TR-043561,2025-10-03,Dry Van,3296.4,5909.05,5961.71,False,True,ridge_spline
TR-043562,2025-10-03,Dry Van,2736.2,4774.43,4874.95,False,True,ridge_spline
TR-043563,2025-10-03,Reefer,686.0,1693.26,1664.48,False,True,ridge_spline
TR-043564,2025-10-03,Dry Van,1019.9,2056.32,2084.11,False,True,ridge_spline
TR-043565,2025-10-03,Dry Van,228.3,602.77,587.79,False,True,ridge_spline
TR-043566,2025-10-03,Dry Van,267.3,649.32,660.13,False,True,ridge_spline
TR-043567,2025-10-03,Flatbed,2253.6,4603.49,4570.79,False,False,ridge_spline
TR-043568,2025-10-03,Dry Van,970.5,2092.92,2132.4,False,True,ridge_spline
TR-043569,2025-10-03,Reefer,622.8,1619.31,1581.06,False,True,ridge_spline
TR-043570,2025-10-03,Reefer,813.8,1988.15,1957.06,False,True,ridge_spline
TR-043571,2025-10-03,Dry Van,638.3,1403.26,1420.74,False,True,ridge_spline
TR-043572,2025-10-03,Dry Van,864.1,1748.97,1731.88,False,True,ridge_spline
TR-043573,2025-10-03,Flatbed,542.4,1277.48,1295.94,False,True,ridge_spline
TR-043574,2025-10-03,Dry Van,274.3,678.25,668.86,False,True,ridge_spline
TR-043575,2025-10-03,Dry Van,835.5,1704.81,1743.05,False,True,ridge_spline
TR-043576,2025-10-03,Flatbed,644.1,1501.24,1497.1,False,False,ridge_spline
TR-043577,2025-10-03,Flatbed,1497.0,3245.38,3270.81,False,True,ridge_spline
TR-043578,2025-10-03,Flatbed,1783.4,3858.97,3828.84,False,False,ridge_spline
TR-043579,2025-10-03,Dry Van,1675.9,3163.93,3214.74,False,True,ridge_spline
TR-043580,2025-10-03,Reefer,1815.5,4077.19,4108.0,False,True,ridge_spline
TR-043581,2025-10-03,Reefer,907.8,2037.82,2077.93,False,True,ridge_spline
TR-043582,2025-10-03,Reefer,1604.3,3653.22,3648.34,False,True,ridge_spline
TR-043583,2025-10-03,Reefer,2013.9,4179.42,4268.35,False,True,ridge_spline
TR-043584,2025-10-03,Dry Van,2118.1,4155.33,4170.03,False,True,ridge_spline
TR-043585,2025-10-03,Reefer,484.7,1141.76,1162.96,False,True,ridge_spline
TR-043586,2025-10-03,Dry Van,313.5,729.41,732.44,False,True,ridge_spline
TR-043587,2025-10-03,Dry Van,1010.5,2059.41,2107.55,False,True,ridge_spline
TR-043588,2025-10-03,Dry Van,757.1,1550.98,1555.98,False,True,ridge_spline
TR-043589,2025-10-03,Reefer,314.3,846.72,835.26,False,True,ridge_spline
TR-043590,2025-10-03,Dry Van,2231.9,4391.59,4372.95,False,True,ridge_spline
TR-043591,2025-10-03,Reefer,2900.8,6011.56,6087.82,False,True,ridge_spline
TR-043592,2025-10-03,Dry Van,127.8,360.5,351.51,False,True,ridge_spline
TR-043593,2025-10-03,Dry Van,1952.6,3719.42,3760.51,False,True,ridge_spline
TR-043594,2025-10-03,Dry Van,533.1,1138.44,1127.98,False,True,ridge_spline
TR-043595,2025-10-03,Dry Van,826.3,1815.62,1843.47,False,True,ridge_spline
TR-043596,2025-10-03,Dry Van,1714.7,3392.57,3486.39,False,True,ridge_spline
TR-043597,2025-10-03,Flatbed,814.1,2040.58,1984.95,False,True,ridge_spline
TR-043598,2025-10-03,Dry Van,1129.1,2373.1,2383.31,False,True,ridge_spline
TR-043599,2025-10-03,Dry Van,2040.6,3871.02,3897.68,False,True,ridge_spline
TR-043600,2025-10-03,Reefer,740.1,1782.45,1818.16,False,True,ridge_spline
TR-043601,2025-10-03,Dry Van,2025.3,4020.29,3873.4,False,True,ridge_spline
TR-043602,2025-10-03,Flatbed,592.0,1312.03,1353.17,False,True,ridge_spline
TR-043603,2025-10-03,Dry Van,1105.1,2342.27,2338.63,False,True,ridge_spline
TR-043604,2025-10-03,Dry Van,1565.9,3220.84,3165.56,False,True,ridge_spline
TR-043605,2025-10-03,Flatbed,1213.8,2734.86,2700.85,False,True,ridge_spline
TR-043606,2025-10-03,Dry Van,2292.4,4300.69,4328.25,False,True,ridge_spline
TR-043607,2025-10-03,Reefer,1921.8,4309.19,4288.94,False,True,ridge_spline
TR-043608,2025-10-03,Reefer,1176.4,2768.84,2782.8,False,True,ridge_spline
TR-043609,2025-10-03,Dry Van,3096.5,5421.97,5385.37,False,True,ridge_spline
TR-043610,2025-10-03,Dry Van,2071.7,4008.9,4061.53,False,True,ridge_spline
TR-043611,2025-10-03,Dry Van,534.0,1170.72,1164.66,False,True,ridge_spline
TR-043612,2025-10-03,Flatbed,2696.2,5165.38,5292.87,False,True,ridge_spline
TR-043613,2025-10-03,Reefer,321.3,903.02,900.27,False,True,ridge_spline
TR-043614,2025-10-03,Dry Van,784.4,1652.81,1666.53,False,True,ridge_spline
TR-043615,2025-10-03,Dry Van,439.7,953.94,962.08,False,True,ridge_spline
TR-043616,2025-10-03,Flatbed,826.0,1842.01,1861.77,False,True,ridge_spline
TR-043617,2025-10-03,Dry Van,448.4,1055.81,1067.33,False,True,ridge_spline
TR-043618,2025-10-03,Dry Van,1234.9,2471.27,2402.74,False,True,ridge_spline
TR-043619,2025-10-03,Reefer,1123.5,2713.34,2601.54,False,True,ridge_spline
TR-043620,2025-10-03,Dry Van,728.8,1681.52,1647.71,False,True,ridge_spline
TR-043621,2025-10-03,Dry Van,1562.4,3102.36,3111.5,False,True,ridge_spline
TR-043622,2025-10-03,Dry Van,953.6,1954.35,1999.91,False,True,ridge_spline
TR-043623,2025-10-03,Dry Van,988.9,2099.59,2024.27,False,True,ridge_spline
TR-043624,2025-10-03,Reefer,2866.1,6260.64,6132.93,False,True,ridge_spline
TR-043625,2025-10-03,Dry Van,1306.6,2574.34,2604.15,False,True,ridge_spline
TR-043626,2025-10-03,Dry Van,1047.1,2164.69,2170.35,False,True,ridge_spline
TR-043627,2025-10-03,Flatbed,355.5,920.52,920.04,False,True,ridge_spline
TR-043628,2025-10-03,Reefer,855.6,1923.65,1913.37,False,True,ridge_spline
TR-043629,2025-10-03,Flatbed,872.7,1990.73,1991.55,False,True,ridge_spline
TR-043630,2025-10-03,Flatbed,709.9,1664.69,1614.03,False,True,ridge_spline
TR-043631,2025-10-03,Dry Van,488.3,1137.99,1145.21,False,True,ridge_spline
TR-043632,2025-10-03,Flatbed,645.1,1504.21,1514.56,False,False,ridge_spline
TR-043633,2025-10-03,Dry Van,656.0,1469.29,1500.9,False,True,ridge_spline
TR-043634,2025-10-03,Dry Van,505.5,1151.86,1163.68,False,True,ridge_spline
TR-043635,2025-10-03,Dry Van,629.3,1411.05,1412.45,False,True,ridge_spline
TR-043636,2025-10-03,Dry Van,1424.8,2798.24,2816.22,False,True,ridge_spline
TR-043637,2025-10-03,Dry Van,2232.1,4336.33,4255.34,False,True,ridge_spline
TR-043638,2025-10-03,Dry Van,2653.0,4743.68,4799.52,False,True,ridge_spline
TR-043639,2025-10-03,Dry Van,2114.2,3959.56,3980.66,False,True,ridge_spline
TR-043640,2025-10-03,Reefer,509.0,1369.01,1357.87,False,True,ridge_spline
TR-043641,2025-10-04,Dry Van,1629.0,3116.04,3114.64,False,True,ridge_spline
TR-043642,2025-10-04,Reefer,2173.0,4712.14,4620.19,False,True,ridge_spline
TR-043643,2025-10-04,Dry Van,985.2,8236.26,1905.67,True,True,ridge_spline
TR-043644,2025-10-04,Flatbed,937.3,2107.24,2105.82,False,True,ridge_spline
TR-043645,2025-10-04,Reefer,723.3,1636.11,1645.52,False,True,ridge_spline
TR-043646,2025-10-04,Reefer,2077.2,4496.97,4427.71,False,True,ridge_spline
TR-043647,2025-10-04,Dry Van,829.0,1760.84,1757.54,False,True,ridge_spline
TR-043648,2025-10-04,Dry Van,283.1,714.11,713.69,False,True,ridge_spline
TR-043649,2025-10-04,Reefer,1705.1,3624.75,3796.87,False,True,ridge_spline
TR-043650,2025-10-04,Reefer,2303.3,4847.61,4787.61,False,True,ridge_spline
TR-043651,2025-10-04,Dry Van,351.9,820.92,809.71,False,True,ridge_spline
TR-043652,2025-10-04,Flatbed,428.0,993.82,1000.85,False,True,ridge_spline
TR-043653,2025-10-04,Dry Van,2008.5,3708.06,3742.29,False,True,ridge_spline
TR-043654,2025-10-04,Dry Van,1140.5,2419.17,2359.57,False,True,ridge_spline
TR-043655,2025-10-04,Flatbed,2044.1,4046.09,4046.65,False,True,ridge_spline
TR-043656,2025-10-04,Dry Van,2883.7,4938.57,5020.98,False,True,ridge_spline
TR-043657,2025-10-04,Flatbed,2037.8,4076.29,4148.01,False,True,ridge_spline
TR-043658,2025-10-04,Reefer,1248.7,2792.04,2825.98,False,True,ridge_spline
TR-043659,2025-10-04,Dry Van,2073.0,4024.07,4014.73,False,True,ridge_spline
TR-043660,2025-10-04,Dry Van,1669.4,3412.66,3270.99,False,True,ridge_spline
TR-043661,2025-10-04,Dry Van,684.3,1506.16,1450.09,False,True,ridge_spline
TR-043662,2025-10-04,Dry Van,1397.7,2798.93,2740.96,False,True,ridge_spline
TR-043663,2025-10-04,Flatbed,1993.5,4036.53,4052.28,False,True,ridge_spline
TR-043664,2025-10-04,Dry Van,940.6,1861.61,1825.63,False,True,ridge_spline
TR-043665,2025-10-04,Dry Van,662.7,1419.09,1375.4,False,True,ridge_spline
TR-043666,2025-10-04,Flatbed,560.8,1329.77,1322.0,False,True,ridge_spline
TR-043667,2025-10-04,Dry Van,886.2,1776.12,1751.07,False,True,ridge_spline
TR-043668,2025-10-04,Flatbed,694.1,1577.96,1591.93,False,True,ridge_spline
TR-043669,2025-10-04,Reefer,2046.0,4340.8,4403.76,False,False,ridge_spline
TR-043670,2025-10-04,Reefer,1686.4,3787.11,3696.16,False,True,ridge_spline
TR-043671,2025-10-04,Dry Van,1708.9,3276.76,3291.71,False,True,ridge_spline
TR-043672,2025-10-04,Dry Van,1789.5,3482.73,3539.94,False,True,ridge_spline
TR-043673,2025-10-04,Flatbed,1061.1,2257.75,2239.45,False,True,ridge_spline
TR-043674,2025-10-04,Flatbed,2071.4,1274.95,4336.45,True,True,ridge_spline
TR-043675,2025-10-04,Flatbed,936.6,2050.65,2039.91,False,True,ridge_spline
TR-043676,2025-10-04,Dry Van,122.1,328.91,326.86,False,True,ridge_spline
TR-043677,2025-10-04,Flatbed,2712.1,5235.99,5156.41,False,False,ridge_spline
TR-043678,2025-10-04,Dry Van,890.2,1666.27,1702.23,False,True,ridge_spline
TR-043679,2025-10-04,Dry Van,269.9,620.95,639.41,False,True,ridge_spline
TR-043680,2025-10-04,Reefer,893.4,2192.5,2213.54,False,True,ridge_spline
TR-043681,2025-10-04,Reefer,468.7,1227.83,1185.21,False,True,ridge_spline
TR-043682,2025-10-04,Flatbed,807.3,1880.52,1894.87,False,True,ridge_spline
TR-043683,2025-10-04,Dry Van,1624.9,3260.47,3266.42,False,True,ridge_spline
TR-043684,2025-10-04,Dry Van,596.5,1327.19,1330.69,False,True,ridge_spline
TR-043685,2025-10-04,Reefer,1445.5,3302.07,3260.52,False,True,ridge_spline
TR-043686,2025-10-04,Reefer,290.1,823.97,810.84,False,False,ridge_spline
TR-043687,2025-10-04,Dry Van,1491.4,3109.53,3023.51,False,True,ridge_spline
TR-043688,2025-10-04,Flatbed,153.4,459.09,456.11,False,True,ridge_spline
TR-043689,2025-10-04,Dry Van,1515.7,2945.56,2878.52,False,True,ridge_spline
TR-043690,2025-10-04,Flatbed,507.9,1314.59,1337.54,False,True,ridge_spline
TR-043691,2025-10-04,Flatbed,693.1,548.16,1511.03,True,True,ridge_spline
TR-043692,2025-10-04,Flatbed,114.4,367.01,364.6,False,True,ridge_spline
TR-043693,2025-10-04,Reefer,1108.6,2476.11,2570.13,False,True,ridge_spline
TR-043694,2025-10-04,Dry Van,587.1,1283.4,1291.42,False,True,ridge_spline
TR-043695,2025-10-04,Flatbed,2123.6,4203.77,4247.53,False,True,ridge_spline
TR-043696,2025-10-04,Dry Van,665.6,1475.54,1475.76,False,True,ridge_spline
TR-043697,2025-10-04,Reefer,397.0,1033.03,1021.31,False,False,ridge_spline
TR-043698,2025-10-04,Dry Van,748.7,1697.51,1641.47,False,True,ridge_spline
TR-043699,2025-10-04,Dry Van,585.1,1321.52,1281.91,False,True,ridge_spline
TR-043700,2025-10-04,Reefer,650.5,1474.42,1502.33,False,True,ridge_spline
TR-043701,2025-10-04,Dry Van,889.0,1832.33,1828.66,False,True,ridge_spline
TR-043702,2025-10-04,Reefer,661.2,1604.25,1578.24,False,True,ridge_spline
TR-043703,2025-10-04,Dry Van,519.4,1206.42,1187.54,False,True,ridge_spline
TR-043704,2025-10-04,Flatbed,70.0,236.92,234.34,False,False,ridge_spline
TR-043705,2025-10-04,Reefer,1943.2,785.33,4273.74,True,True,ridge_spline
TR-043706,2025-10-04,Dry Van,436.6,1021.77,1023.67,False,True,ridge_spline
TR-043707,2025-10-04,Dry Van,1398.2,2768.1,2750.45,False,True,ridge_spline
TR-043708,2025-10-04,Flatbed,496.5,1208.93,1179.89,False,True,ridge_spline
TR-043709,2025-10-04,Flatbed,2641.3,5280.63,5201.63,False,True,ridge_spline
TR-043710,2025-10-04,Dry Van,985.1,2130.66,2131.12,False,True,ridge_spline
TR-043711,2025-10-04,Dry Van,599.7,1231.13,1226.77,False,True,ridge_spline
TR-043712,2025-10-04,Reefer,1650.6,3788.94,3785.12,False,True,ridge_spline
TR-043713,2025-10-04,Flatbed,661.9,1530.87,1558.25,False,True,ridge_spline
TR-043714,2025-10-04,Flatbed,1202.8,2663.29,2665.83,False,True,ridge_spline
TR-043715,2025-10-04,Dry Van,1354.6,2579.7,2601.57,False,True,ridge_spline
TR-043716,2025-10-04,Reefer,540.1,1324.87,1305.61,False,True,ridge_spline
TR-043717,2025-10-04,Reefer,1540.0,3270.72,3302.9,False,False,ridge_spline
TR-043718,2025-10-04,Reefer,3143.8,6619.87,6664.01,False,True,ridge_spline
TR-043719,2025-10-04,Dry Van,264.1,659.64,635.8,False,True,ridge_spline
TR-043720,2025-10-04,Reefer,2425.1,5192.29,5228.9,False,True,ridge_spline
TR-043721,2025-10-04,Reefer,1231.7,2769.33,2795.24,False,False,ridge_spline
TR-043722,2025-10-04,Dry Van,1052.4,2299.67,2261.92,False,True,ridge_spline
TR-043723,2025-10-04,Dry Van,254.3,628.7,637.47,False,True,ridge_spline
TR-043724,2025-10-04,Dry Van,529.6,1229.26,1233.71,False,True,ridge_spline
TR-043725,2025-10-04,Reefer,2578.6,5479.97,5447.44,False,True,ridge_spline
TR-043726,2025-10-04,Dry Van,2031.1,3853.49,3801.98,False,True,ridge_spline
TR-043727,2025-10-04,Dry Van,2117.6,8592.93,3692.75,True,True,ridge_spline
TR-043728,2025-10-04,Flatbed,516.9,1252.52,1231.84,False,True,ridge_spline
TR-043729,2025-10-04,Flatbed,298.9,878.24,848.27,False,True,ridge_spline
TR-043730,2025-10-04,Dry Van,385.6,1000.57,954.87,False,True,ridge_spline
TR-043731,2025-10-04,Dry Van,525.2,1173.39,1171.6,False,True,ridge_spline
TR-043732,2025-10-04,Dry Van,3228.2,5555.83,5707.19,False,False,ridge_spline
TR-043733,2025-10-04,Dry Van,935.5,1938.54,1932.55,False,True,ridge_spline
TR-043734,2025-10-04,Dry Van,296.7,729.62,696.0,False,True,ridge_spline
TR-043735,2025-10-04,Dry Van,1977.2,3909.68,3857.11,False,True,ridge_spline
TR-043736,2025-10-04,Flatbed,189.0,544.04,548.26,False,True,ridge_spline
TR-043737,2025-10-04,Dry Van,111.0,311.38,315.23,False,True,ridge_spline
TR-043738,2025-10-04,Dry Van,1306.2,2523.73,2469.12,False,True,ridge_spline
TR-043739,2025-10-04,Reefer,2899.8,5601.89,5643.3,False,True,ridge_spline
TR-043740,2025-10-04,Dry Van,245.7,584.56,576.08,False,True,ridge_spline
TR-043741,2025-10-04,Reefer,826.0,1977.98,1937.08,False,True,ridge_spline
TR-043742,2025-10-04,Dry Van,815.0,1708.09,1715.47,False,True,ridge_spline
TR-043743,2025-10-04,Reefer,1166.9,2682.14,2679.37,False,False,ridge_spline
TR-043744,2025-10-04,Dry Van,332.8,850.3,818.8,False,True,ridge_spline
TR-043745,2025-10-04,Dry Van,559.0,1297.39,1247.47,False,True,ridge_spline
TR-043746,2025-10-04,Dry Van,2748.5,4845.69,4775.13,False,True,ridge_spline
TR-043747,2025-10-04,Reefer,1603.8,3598.91,3553.04,False,True,ridge_spline
TR-043748,2025-10-04,Dry Van,2405.0,4429.13,4338.49,False,True,ridge_spline
TR-043749,2025-10-04,Dry Van,201.0,533.64,527.43,False,True,ridge_spline
TR-043750,2025-10-04,Reefer,1800.5,3891.84,3834.35,False,False,ridge_spline
TR-043751,2025-10-04,Reefer,1026.7,2290.3,2285.55,False,True,ridge_spline
TR-043752,2025-10-04,Flatbed,166.0,475.85,472.51,False,True,ridge_spline
TR-043753,2025-10-04,Dry Van,1970.2,3865.88,3819.52,False,True,ridge_spline
TR-043754,2025-10-04,Flatbed,956.6,2070.69,2112.64,False,True,ridge_spline
TR-043755,2025-10-04,Dry Van,803.2,1756.9,1677.84,False,True,ridge_spline
TR-043756,2025-10-04,Dry Van,2317.4,4610.23,4500.2,False,True,ridge_spline
TR-043757,2025-10-04,Dry Van,1749.8,3297.05,3313.77,False,True,ridge_spline
TR-043758,2025-10-04,Dry Van,1932.5,3828.19,3721.65,False,True,ridge_spline
TR-043759,2025-10-04,Reefer,114.5,382.8,373.23,False,True,ridge_spline
TR-043760,2025-10-04,Dry Van,2108.4,3873.89,3873.69,False,True,ridge_spline
TR-043761,2025-10-04,Reefer,393.7,966.85,986.79,False,True,ridge_spline
TR-043762,2025-10-04,Dry Van,660.5,1479.39,1433.06,False,True,ridge_spline
TR-043763,2025-10-04,Dry Van,612.3,1312.59,1291.3,False,True,ridge_spline
TR-043764,2025-10-04,Reefer,418.6,1058.82,1053.57,False,True,ridge_spline
TR-043765,2025-10-04,Flatbed,2256.1,4554.3,4606.08,False,True,ridge_spline
TR-043766,2025-10-04,Dry Van,2090.0,3893.45,3894.84,False,True,ridge_spline
TR-043767,2025-10-04,Reefer,1260.3,2911.9,2818.22,False,True,ridge_spline
TR-043768,2025-10-04,Flatbed,238.1,666.14,667.54,False,True,ridge_spline
TR-043769,2025-10-04,Dry Van,1296.3,2671.78,2657.4,False,True,ridge_spline
TR-043770,2025-10-04,Flatbed,1416.4,3207.15,3155.86,False,True,ridge_spline
TR-043771,2025-10-04,Reefer,1511.2,3377.25,3364.11,False,False,ridge_spline
TR-043772,2025-10-04,Reefer,1746.9,3892.47,3901.38,False,True,ridge_spline
TR-043773,2025-10-04,Dry Van,2757.0,5122.83,5032.48,False,True,ridge_spline
TR-043774,2025-10-04,Dry Van,769.2,1527.39,1523.96,False,True,ridge_spline
TR-043775,2025-10-04,Dry Van,865.0,1810.92,1775.67,False,True,ridge_spline
TR-043776,2025-10-04,Dry Van,603.7,1358.72,1324.77,False,True,ridge_spline
TR-043777,2025-10-04,Dry Van,670.1,1445.2,1463.66,False,True,ridge_spline
TR-043778,2025-10-04,Dry Van,1428.4,2882.24,2844.16,False,True,ridge_spline
TR-043779,2025-10-04,Reefer,2514.7,5443.87,5365.04,False,True,ridge_spline
TR-043780,2025-10-04,Dry Van,880.6,1859.45,1854.3,False,True,ridge_spline
TR-043781,2025-10-04,Flatbed,906.1,2008.07,2017.51,False,True,ridge_spline
TR-043782,2025-10-04,Dry Van,2568.1,4695.78,4646.71,False,False,ridge_spline
TR-043783,2025-10-04,Dry Van,2499.3,4291.14,4379.16,False,True,ridge_spline
TR-043784,2025-10-04,Dry Van,596.0,1321.48,1312.64,False,True,ridge_spline
TR-043785,2025-10-04,Flatbed,806.7,1832.78,1800.3,False,True,ridge_spline
TR-043786,2025-10-04,Reefer,1307.4,2841.05,2948.26,False,True,ridge_spline
TR-043787,2025-10-04,Dry Van,517.0,1171.18,1153.85,False,True,ridge_spline
TR-043788,2025-10-04,Flatbed,1822.1,3781.63,3805.59,False,True,ridge_spline
TR-043789,2025-10-04,Flatbed,202.7,589.08,582.8,False,True,ridge_spline
TR-043790,2025-10-04,Dry Van,1168.8,2476.4,2447.16,False,True,ridge_spline
TR-043791,2025-10-04,Dry Van,169.3,454.21,458.18,False,True,ridge_spline
TR-043792,2025-10-04,Dry Van,231.2,608.66,577.0,False,True,ridge_spline
TR-043793,2025-10-04,Dry Van,704.5,1589.78,1568.21,False,True,ridge_spline
TR-043794,2025-10-05,Dry Van,137.7,362.84,364.92,False,True,ridge_spline
TR-043795,2025-10-05,Reefer,886.5,2190.49,2156.1,False,True,ridge_spline
TR-043796,2025-10-05,Dry Van,1490.2,2930.08,2911.07,False,True,ridge_spline
TR-043797,2025-10-05,Reefer,2278.4,4821.17,4824.91,False,True,ridge_spline
TR-043798,2025-10-05,Dry Van,2513.2,4297.75,4419.28,False,True,ridge_spline
TR-043799,2025-10-05,Dry Van,1137.7,2227.95,2222.38,False,True,ridge_spline
TR-043800,2025-10-05,Flatbed,957.8,2175.85,2168.44,False,True,ridge_spline
TR-043801,2025-10-05,Flatbed,1933.0,3724.48,3768.85,False,True,ridge_spline
TR-043802,2025-10-05,Flatbed,886.1,2032.14,2027.28,False,True,ridge_spline
TR-043803,2025-10-05,Dry Van,781.8,1539.19,1545.57,False,True,ridge_spline
TR-043804,2025-10-05,Reefer,1887.5,4145.69,4128.32,False,True,ridge_spline
TR-043805,2025-10-05,Reefer,1329.6,3099.4,3051.18,False,True,ridge_spline
TR-043806,2025-10-05,Flatbed,1143.4,2437.21,2440.37,False,True,ridge_spline
TR-043807,2025-10-05,Reefer,2703.5,5540.6,5648.38,False,True,ridge_spline
TR-043808,2025-10-05,Reefer,1513.4,3262.76,3225.81,False,True,ridge_spline
TR-043809,2025-10-05,Flatbed,459.1,1125.42,1122.72,False,False,ridge_spline
TR-043810,2025-10-05,Reefer,1858.0,3858.91,3817.78,False,True,ridge_spline
TR-043811,2025-10-05,Flatbed,159.5,439.04,446.03,False,True,ridge_spline
TR-043812,2025-10-05,Dry Van,2077.1,4057.63,3960.75,False,True,ridge_spline
TR-043813,2025-10-05,Dry Van,1142.1,2331.03,2274.42,False,True,ridge_spline
TR-043814,2025-10-05,Dry Van,1167.6,2384.15,2343.95,False,True,ridge_spline
TR-043815,2025-10-05,Reefer,455.2,1122.82,1125.49,False,True,ridge_spline
TR-043816,2025-10-05,Dry Van,883.1,1729.91,1667.28,False,True,ridge_spline
TR-043817,2025-10-05,Reefer,479.2,1118.16,1135.72,False,True,ridge_spline
TR-043818,2025-10-05,Reefer,314.3,868.53,867.91,False,True,ridge_spline
TR-043819,2025-10-05,Flatbed,80.8,263.56,259.63,False,True,ridge_spline
TR-043820,2025-10-05,Dry Van,751.0,1633.97,1624.85,False,True,ridge_spline
TR-043821,2025-10-05,Flatbed,2093.1,4178.31,4286.97,False,True,ridge_spline
TR-043822,2025-10-05,Reefer,816.3,2094.64,2049.6,False,True,ridge_spline
TR-043823,2025-10-05,Dry Van,2363.0,4177.17,4170.97,False,True,ridge_spline
TR-043824,2025-10-05,Flatbed,225.0,646.74,631.52,False,True,ridge_spline
TR-043825,2025-10-05,Flatbed,230.3,632.92,621.24,False,True,ridge_spline
TR-043826,2025-10-05,Reefer,703.2,1652.34,1667.72,False,True,ridge_spline
TR-043827,2025-10-05,Dry Van,2922.8,5079.21,5068.51,False,True,ridge_spline
TR-043828,2025-10-05,Flatbed,3310.6,6152.73,6177.35,False,True,ridge_spline
TR-043829,2025-10-05,Dry Van,1389.2,2785.51,2737.93,False,True,ridge_spline
TR-043830,2025-10-05,Flatbed,2275.0,4402.88,4473.72,False,True,ridge_spline
TR-043831,2025-10-05,Flatbed,2794.3,5433.87,5589.9,False,True,ridge_spline
TR-043832,2025-10-05,Dry Van,663.6,1429.58,1418.48,False,True,ridge_spline
TR-043833,2025-10-05,Dry Van,1734.3,3352.17,3282.69,False,False,ridge_spline
TR-043834,2025-10-05,Dry Van,1572.4,3063.16,3008.05,False,True,ridge_spline
TR-043835,2025-10-05,Dry Van,822.5,1606.06,1627.37,False,True,ridge_spline
TR-043836,2025-10-05,Dry Van,209.4,584.99,571.59,False,True,ridge_spline
TR-043837,2025-10-05,Dry Van,265.0,651.87,637.59,False,True,ridge_spline
TR-043838,2025-10-05,Flatbed,574.2,1355.11,1371.68,False,True,ridge_spline
TR-043839,2025-10-05,Dry Van,1849.4,3490.4,3461.94,False,True,ridge_spline
TR-043840,2025-10-05,Dry Van,624.3,1243.66,1245.44,False,True,ridge_spline
TR-043841,2025-10-05,Flatbed,767.8,1688.78,1616.08,False,True,ridge_spline
TR-043842,2025-10-05,Reefer,610.4,1502.59,1512.52,False,True,ridge_spline
TR-043843,2025-10-05,Dry Van,1065.9,2109.69,2111.03,False,True,ridge_spline
TR-043844,2025-10-05,Dry Van,411.8,955.05,947.83,False,True,ridge_spline
TR-043845,2025-10-05,Dry Van,749.7,1574.04,1559.42,False,True,ridge_spline
TR-043846,2025-10-05,Dry Van,788.2,1652.68,1608.85,False,True,ridge_spline
TR-043847,2025-10-05,Dry Van,143.6,409.03,400.89,False,True,ridge_spline
TR-043848,2025-10-05,Dry Van,980.8,2029.81,1997.23,False,True,ridge_spline
TR-043849,2025-10-05,Dry Van,573.7,1291.36,1278.85,False,True,ridge_spline
TR-043850,2025-10-05,Dry Van,173.7,462.62,461.14,False,True,ridge_spline
TR-043851,2025-10-05,Reefer,1005.4,2438.43,2406.53,False,True,ridge_spline
TR-043852,2025-10-05,Dry Van,461.1,1094.31,1068.48,False,True,ridge_spline
TR-043853,2025-10-05,Dry Van,285.5,688.95,683.44,False,True,ridge_spline
TR-043854,2025-10-05,Reefer,385.3,1055.69,1034.77,False,True,ridge_spline
TR-043855,2025-10-05,Reefer,1554.5,3402.93,3450.86,False,True,ridge_spline
TR-043856,2025-10-05,Reefer,1849.6,3850.45,3827.78,False,True,ridge_spline
TR-043857,2025-10-05,Dry Van,1986.9,3761.16,3644.13,False,True,ridge_spline
TR-043858,2025-10-05,Dry Van,2046.2,4124.94,3970.82,False,True,ridge_spline
TR-043859,2025-10-05,Flatbed,576.4,1464.25,1402.69,False,True,ridge_spline
TR-043860,2025-10-05,Dry Van,1282.2,2569.74,2579.21,False,True,ridge_spline
TR-043861,2025-10-05,Dry Van,2475.6,4474.48,4458.25,False,True,ridge_spline
TR-043862,2025-10-05,Flatbed,250.4,679.73,670.27,False,False,ridge_spline
TR-043863,2025-10-05,Dry Van,786.8,1641.35,1669.73,False,True,ridge_spline
TR-043864,2025-10-05,Flatbed,3053.3,5800.91,5900.32,False,True,ridge_spline
TR-043865,2025-10-05,Flatbed,275.8,766.17,750.06,False,True,ridge_spline
TR-043866,2025-10-05,Flatbed,462.5,1232.04,1230.98,False,True,ridge_spline
TR-043867,2025-10-05,Dry Van,2447.7,4487.22,4441.34,False,True,ridge_spline
TR-043868,2025-10-05,Reefer,2099.1,4287.3,4231.5,False,True,ridge_spline
TR-043869,2025-10-05,Dry Van,2616.3,4614.15,4574.99,False,True,ridge_spline
TR-043870,2025-10-05,Reefer,1516.7,3454.75,3480.93,False,True,ridge_spline
TR-043871,2025-10-05,Dry Van,2004.8,3896.22,3816.15,False,True,ridge_spline
TR-043872,2025-10-05,Reefer,288.1,737.2,733.39,False,True,ridge_spline
TR-043873,2025-10-05,Reefer,540.3,1295.99,1277.66,False,True,ridge_spline
TR-043874,2025-10-05,Dry Van,725.1,1462.8,1534.41,False,True,ridge_spline
TR-043875,2025-10-05,Dry Van,1806.8,3359.38,3361.26,False,True,ridge_spline
TR-043876,2025-10-05,Flatbed,2098.5,4200.54,4214.14,False,False,ridge_spline
TR-043877,2025-10-05,Reefer,765.8,1814.57,1842.43,False,True,ridge_spline
TR-043878,2025-10-05,Dry Van,243.1,593.84,590.19,False,True,ridge_spline
TR-043879,2025-10-05,Dry Van,855.4,1804.12,1788.75,False,True,ridge_spline
TR-043880,2025-10-05,Dry Van,1477.3,2935.08,2924.32,False,True,ridge_spline
TR-043881,2025-10-05,Reefer,606.6,1530.9,1522.82,False,True,ridge_spline
TR-043882,2025-10-05,Dry Van,2366.1,4209.75,4154.5,False,True,ridge_spline
TR-043883,2025-10-05,Dry Van,388.2,957.06,942.82,False,True,ridge_spline
TR-043884,2025-10-05,Dry Van,1559.8,2958.24,2989.68,False,True,ridge_spline
TR-043885,2025-10-05,Reefer,1057.5,2491.41,2464.69,False,True,ridge_spline
TR-043886,2025-10-05,Reefer,680.7,1643.22,1620.1,False,True,ridge_spline
TR-043887,2025-10-05,Reefer,1348.4,11052.72,2953.51,True,True,ridge_spline
TR-043888,2025-10-05,Reefer,1851.9,3737.91,3814.48,False,True,ridge_spline
TR-043889,2025-10-05,Flatbed,766.8,1765.8,1744.21,False,True,ridge_spline
TR-043890,2025-10-05,Dry Van,931.4,1911.29,1843.0,False,True,ridge_spline
TR-043891,2025-10-05,Dry Van,324.4,779.31,769.58,False,True,ridge_spline
TR-043892,2025-10-05,Reefer,2023.7,4284.86,4251.95,False,True,ridge_spline
TR-043893,2025-10-05,Reefer,1517.0,3396.71,3424.05,False,True,ridge_spline
TR-043894,2025-10-05,Reefer,82.9,279.76,275.82,False,True,ridge_spline
TR-043895,2025-10-05,Dry Van,532.9,1160.12,1153.69,False,True,ridge_spline
TR-043896,2025-10-05,Reefer,1294.8,2848.75,2851.01,False,True,ridge_spline
TR-043897,2025-10-05,Dry Van,556.0,1167.81,1146.91,False,True,ridge_spline
TR-043898,2025-10-05,Dry Van,203.2,507.62,509.19,False,True,ridge_spline
TR-043899,2025-10-05,Reefer,625.4,1472.72,1446.18,False,True,ridge_spline
TR-043900,2025-10-05,Flatbed,592.6,1393.73,1427.37,False,True,ridge_spline
TR-043901,2025-10-05,Flatbed,713.0,1607.33,1597.98,False,False,ridge_spline
TR-043902,2025-10-05,Dry Van,1654.9,3247.32,3252.48,False,True,ridge_spline
TR-043903,2025-10-05,Flatbed,720.5,1689.73,1657.87,False,True,ridge_spline
TR-043904,2025-10-05,Dry Van,731.4,1531.51,1516.83,False,True,ridge_spline
TR-043905,2025-10-05,Flatbed,823.0,1830.18,1838.2,False,True,ridge_spline
TR-043906,2025-10-05,Dry Van,1547.6,3017.98,2933.73,False,True,ridge_spline
TR-043907,2025-10-05,Dry Van,345.5,809.89,790.1,False,True,ridge_spline
TR-043908,2025-10-05,Dry Van,762.3,1697.73,1700.11,False,True,ridge_spline
TR-043909,2025-10-05,Dry Van,1649.8,3194.09,3220.71,False,True,ridge_spline
TR-043910,2025-10-05,Dry Van,374.8,875.46,826.47,False,True,ridge_spline
TR-043911,2025-10-05,Flatbed,595.1,1330.8,1333.53,False,True,ridge_spline
TR-043912,2025-10-05,Dry Van,2781.5,4904.69,4855.44,False,True,ridge_spline
TR-043913,2025-10-05,Reefer,283.6,811.04,771.46,False,True,ridge_spline
TR-043914,2025-10-05,Reefer,805.2,1843.84,1853.61,False,True,ridge_spline
TR-043915,2025-10-05,Reefer,358.9,953.32,944.51,False,True,ridge_spline
TR-043916,2025-10-05,Dry Van,335.3,808.69,796.9,False,True,ridge_spline
TR-043917,2025-10-05,Dry Van,424.2,4646.65,933.39,True,True,ridge_spline
TR-043918,2025-10-05,Dry Van,293.0,698.11,698.36,False,True,ridge_spline
TR-043919,2025-10-05,Dry Van,492.7,1017.32,1023.6,False,True,ridge_spline
TR-043920,2025-10-05,Dry Van,1989.6,3621.78,3609.35,False,True,ridge_spline
TR-043921,2025-10-05,Flatbed,1798.7,3572.79,3544.37,False,True,ridge_spline
TR-043922,2025-10-05,Flatbed,2127.4,4471.7,4321.84,False,True,ridge_spline
TR-043923,2025-10-05,Dry Van,421.3,960.58,918.76,False,True,ridge_spline
TR-043924,2025-10-05,Dry Van,305.9,742.04,742.09,False,True,ridge_spline
TR-043925,2025-10-05,Dry Van,1122.7,2256.96,2234.58,False,True,ridge_spline
TR-043926,2025-10-05,Dry Van,176.1,442.63,424.07,False,True,ridge_spline
TR-043927,2025-10-05,Flatbed,1073.6,2343.92,2296.83,False,True,ridge_spline
TR-043928,2025-10-05,Dry Van,446.7,963.41,974.64,False,True,ridge_spline
TR-043929,2025-10-05,Dry Van,586.9,1354.82,1359.11,False,True,ridge_spline
TR-043930,2025-10-05,Dry Van,891.6,1881.9,1867.03,False,True,ridge_spline
TR-043931,2025-10-05,Flatbed,919.6,2080.68,2077.28,False,True,ridge_spline
TR-043932,2025-10-05,Dry Van,685.1,1426.28,1438.07,False,True,ridge_spline
TR-043933,2025-10-05,Dry Van,1214.4,2509.73,2486.59,False,True,ridge_spline
TR-043934,2025-10-05,Reefer,206.3,579.38,583.57,False,True,ridge_spline
TR-043935,2025-10-05,Flatbed,293.4,829.88,829.21,False,True,ridge_spline
TR-043936,2025-10-05,Reefer,2279.4,4697.97,4615.46,False,True,ridge_spline
TR-043937,2025-10-05,Dry Van,1444.5,2865.78,2809.9,False,True,ridge_spline
TR-043938,2025-10-05,Dry Van,1028.1,2220.22,2191.28,False,True,ridge_spline
TR-043939,2025-10-05,Reefer,763.2,1922.64,1881.58,False,True,ridge_spline
TR-043940,2025-10-05,Flatbed,1738.9,3299.32,3456.78,False,True,ridge_spline
TR-043941,2025-10-06,Reefer,2201.7,4468.77,4452.53,False,True,ridge_spline
TR-043942,2025-10-06,Dry Van,1023.1,2034.14,2034.23,False,True,ridge_spline
TR-043943,2025-10-06,Dry Van,1657.9,3118.92,3109.0,False,True,ridge_spline
TR-043944,2025-10-06,Dry Van,452.9,1020.65,1005.51,False,True,ridge_spline
TR-043945,2025-10-06,Dry Van,2087.0,4138.77,4079.58,False,True,ridge_spline
TR-043946,2025-10-06,Dry Van,2091.5,4043.62,4034.35,False,True,ridge_spline
TR-043947,2025-10-06,Dry Van,729.3,1573.69,1580.01,False,True,ridge_spline
TR-043948,2025-10-06,Dry Van,1298.2,2537.6,2638.56,False,True,ridge_spline
TR-043949,2025-10-06,Reefer,507.0,1354.69,1351.12,False,True,ridge_spline
TR-043950,2025-10-06,Flatbed,775.6,1810.66,1739.15,False,True,ridge_spline
TR-043951,2025-10-06,Reefer,2555.8,5246.48,5080.74,False,True,ridge_spline
TR-043952,2025-10-06,Dry Van,2231.8,3971.46,4112.15,False,True,ridge_spline
TR-043953,2025-10-06,Dry Van,741.8,1552.77,1528.89,False,True,ridge_spline
TR-043954,2025-10-06,Dry Van,235.9,624.15,602.58,False,True,ridge_spline
TR-043955,2025-10-06,Dry Van,337.7,858.03,841.7,False,True,ridge_spline
TR-043956,2025-10-06,Reefer,639.6,1486.69,1496.32,False,False,ridge_spline
TR-043957,2025-10-06,Reefer,1273.2,2718.63,2732.47,False,True,ridge_spline
TR-043958,2025-10-06,Dry Van,1310.6,2460.16,2476.24,False,True,ridge_spline
TR-043959,2025-10-06,Dry Van,410.2,947.3,952.23,False,True,ridge_spline
TR-043960,2025-10-06,Dry Van,260.4,618.64,609.44,False,True,ridge_spline
TR-043961,2025-10-06,Reefer,3183.4,6161.01,6087.19,False,True,ridge_spline
TR-043962,2025-10-06,Flatbed,376.7,946.19,949.9,False,True,ridge_spline
TR-043963,2025-10-06,Reefer,2423.6,4912.37,4957.56,False,True,ridge_spline
TR-043964,2025-10-06,Reefer,273.2,747.96,758.95,False,True,ridge_spline
TR-043965,2025-10-06,Dry Van,2012.4,3624.9,3702.51,False,False,ridge_spline
TR-043966,2025-10-06,Reefer,901.0,2061.34,2019.89,False,True,ridge_spline
TR-043967,2025-10-06,Dry Van,830.5,1761.62,1775.3,False,True,ridge_spline
TR-043968,2025-10-06,Flatbed,554.1,1293.64,1262.18,False,True,ridge_spline
TR-043969,2025-10-06,Reefer,517.6,1318.59,1275.14,False,True,ridge_spline
TR-043970,2025-10-06,Dry Van,1658.3,3182.58,3141.3,False,True,ridge_spline
TR-043971,2025-10-06,Reefer,588.9,1408.96,1385.77,False,True,ridge_spline
TR-043972,2025-10-06,Dry Van,1304.0,2653.8,2703.15,False,True,ridge_spline
TR-043973,2025-10-06,Dry Van,2554.5,4564.71,4505.61,False,True,ridge_spline
TR-043974,2025-10-06,Dry Van,1673.7,3230.92,3157.1,False,True,ridge_spline
TR-043975,2025-10-06,Dry Van,935.1,1890.03,1871.97,False,True,ridge_spline
TR-043976,2025-10-06,Dry Van,373.7,903.04,898.0,False,True,ridge_spline
TR-043977,2025-10-06,Reefer,1525.8,3330.57,3337.77,False,True,ridge_spline
TR-043978,2025-10-06,Flatbed,606.9,1290.78,1313.18,False,False,ridge_spline
TR-043979,2025-10-06,Flatbed,463.2,1136.45,1129.24,False,True,ridge_spline
TR-043980,2025-10-06,Reefer,331.3,863.94,857.99,False,True,ridge_spline
TR-043981,2025-10-06,Dry Van,1251.2,2609.34,2596.29,False,True,ridge_spline
TR-043982,2025-10-06,Dry Van,494.1,1061.3,1068.98,False,True,ridge_spline
TR-043983,2025-10-06,Reefer,968.7,2172.14,2201.55,False,True,ridge_spline
TR-043984,2025-10-06,Dry Van,130.2,363.74,368.27,False,True,ridge_spline
TR-043985,2025-10-06,Reefer,1479.7,3195.86,3157.0,False,True,ridge_spline
TR-043986,2025-10-06,Reefer,898.3,1974.12,1996.32,False,True,ridge_spline
TR-043987,2025-10-06,Reefer,1454.0,3107.72,3144.39,False,True,ridge_spline
TR-043988,2025-10-06,Flatbed,134.5,363.14,378.85,False,True,ridge_spline
TR-043989,2025-10-06,Reefer,1103.6,2586.91,2506.04,False,True,ridge_spline
TR-043990,2025-10-06,Dry Van,1103.3,2332.39,2239.61,False,True,ridge_spline
TR-043991,2025-10-06,Reefer,721.1,1795.1,1782.78,False,True,ridge_spline
TR-043992,2025-10-06,Dry Van,737.8,1546.97,1531.61,False,True,ridge_spline
TR-043993,2025-10-06,Reefer,806.3,1796.04,1808.82,False,False,ridge_spline
TR-043994,2025-10-06,Reefer,427.0,1058.89,1040.74,False,True,ridge_spline
TR-043995,2025-10-06,Reefer,1472.1,3165.13,3178.85,False,True,ridge_spline
TR-043996,2025-10-06,Dry Van,457.3,1067.6,1021.84,False,True,ridge_spline
TR-043997,2025-10-06,Flatbed,2187.0,4472.27,4422.86,False,True,ridge_spline
TR-043998,2025-10-06,Reefer,1604.2,3579.44,3569.46,False,True,ridge_spline
TR-043999,2025-10-06,Dry Van,834.0,1662.93,1650.22,False,True,ridge_spline
TR-044000,2025-10-06,Dry Van,3059.4,5836.48,5611.86,False,True,ridge_spline
TR-044001,2025-10-06,Reefer,1515.1,3215.63,3205.71,False,True,ridge_spline
TR-044002,2025-10-06,Dry Van,2234.6,4373.47,4306.76,False,True,ridge_spline
TR-044003,2025-10-06,Dry Van,642.8,1363.25,1348.98,False,True,ridge_spline
TR-044004,2025-10-06,Dry Van,2097.2,3980.77,3979.86,False,True,ridge_spline
TR-044005,2025-10-06,Dry Van,1023.5,2030.02,2075.82,False,True,ridge_spline
TR-044006,2025-10-06,Flatbed,2009.4,3811.81,3891.88,False,True,ridge_spline
TR-044007,2025-10-06,Dry Van,345.5,807.11,803.32,False,True,ridge_spline
TR-044008,2025-10-06,Dry Van,360.6,905.93,893.01,False,True,ridge_spline
TR-044009,2025-10-06,Reefer,1155.1,2506.97,2583.28,False,True,ridge_spline
TR-044010,2025-10-06,Reefer,92.7,291.93,286.89,False,True,ridge_spline
TR-044011,2025-10-06,Flatbed,1890.8,3918.02,3892.71,False,True,ridge_spline
TR-044012,2025-10-06,Reefer,2796.2,5501.66,5706.01,False,True,ridge_spline
TR-044013,2025-10-06,Reefer,318.3,875.47,889.06,False,True,ridge_spline
TR-044014,2025-10-06,Flatbed,1052.9,2275.74,2295.45,False,True,ridge_spline
TR-044015,2025-10-06,Dry Van,663.0,337.89,1358.85,True,True,ridge_spline
TR-044016,2025-10-06,Reefer,374.0,956.77,984.32,False,True,ridge_spline
TR-044017,2025-10-06,Dry Van,1592.3,3218.43,3144.84,False,True,ridge_spline
TR-044018,2025-10-06,Dry Van,872.5,1879.08,1872.09,False,True,ridge_spline
TR-044019,2025-10-06,Dry Van,1711.4,3286.71,3335.31,False,True,ridge_spline
TR-044020,2025-10-06,Dry Van,786.3,1656.21,1655.19,False,True,ridge_spline
TR-044021,2025-10-06,Flatbed,1429.1,2929.0,2929.61,False,True,ridge_spline
TR-044022,2025-10-06,Flatbed,1961.5,4098.02,4210.84,False,True,ridge_spline
TR-044023,2025-10-06,Flatbed,767.0,1687.81,1699.0,False,False,ridge_spline
TR-044024,2025-10-06,Dry Van,559.7,1235.98,1223.53,False,True,ridge_spline
TR-044025,2025-10-06,Dry Van,703.8,1504.38,1511.97,False,True,ridge_spline
TR-044026,2025-10-06,Dry Van,537.4,1204.0,1183.05,False,True,ridge_spline
TR-044027,2025-10-06,Flatbed,412.3,1044.13,1020.94,False,False,ridge_spline
TR-044028,2025-10-06,Dry Van,819.4,1759.53,1741.38,False,True,ridge_spline
TR-044029,2025-10-06,Flatbed,1212.8,2734.73,2739.87,False,True,ridge_spline
TR-044030,2025-10-06,Reefer,984.1,2246.92,2197.48,False,True,ridge_spline
TR-044031,2025-10-06,Flatbed,518.2,1171.5,1189.24,False,True,ridge_spline
TR-044032,2025-10-06,Dry Van,940.5,1942.68,1953.33,False,True,ridge_spline
TR-044033,2025-10-06,Dry Van,318.6,811.41,779.42,False,True,ridge_spline
TR-044034,2025-10-06,Dry Van,920.7,1954.55,1886.54,False,True,ridge_spline
TR-044035,2025-10-06,Dry Van,333.9,848.67,811.24,False,True,ridge_spline
TR-044036,2025-10-06,Reefer,3028.4,5870.7,5913.61,False,True,ridge_spline
TR-044037,2025-10-06,Dry Van,1255.0,2574.17,2592.28,False,True,ridge_spline
TR-044038,2025-10-06,Dry Van,1113.4,2346.53,2323.37,False,True,ridge_spline
TR-044039,2025-10-06,Reefer,1102.7,2491.67,2463.81,False,True,ridge_spline
TR-044040,2025-10-06,Dry Van,1992.9,3773.44,3767.68,False,True,ridge_spline
TR-044041,2025-10-06,Dry Van,893.1,1856.42,1893.28,False,True,ridge_spline
TR-044042,2025-10-06,Dry Van,768.7,1532.18,1496.47,False,True,ridge_spline
TR-044043,2025-10-06,Reefer,114.4,350.78,351.78,False,True,ridge_spline
TR-044044,2025-10-06,Reefer,1584.8,3533.81,3487.78,False,True,ridge_spline
TR-044045,2025-10-06,Dry Van,2047.2,3900.6,3806.18,False,True,ridge_spline
TR-044046,2025-10-06,Reefer,1030.7,2340.45,2358.87,False,True,ridge_spline
TR-044047,2025-10-06,Dry Van,172.1,474.64,458.85,False,True,ridge_spline
TR-044048,2025-10-06,Dry Van,2960.9,5573.55,5510.14,False,True,ridge_spline
TR-044049,2025-10-06,Dry Van,360.6,864.11,838.54,False,True,ridge_spline
TR-044050,2025-10-06,Dry Van,1144.7,2352.33,2333.86,False,True,ridge_spline
TR-044051,2025-10-06,Dry Van,744.4,1676.58,1590.39,False,True,ridge_spline
TR-044052,2025-10-06,Dry Van,324.7,784.02,785.54,False,True,ridge_spline
TR-044053,2025-10-06,Reefer,318.2,891.23,880.71,False,True,ridge_spline
TR-044054,2025-10-06,Flatbed,249.5,610.58,613.69,False,True,ridge_spline
TR-044055,2025-10-06,Flatbed,2107.1,4116.8,4175.84,False,True,ridge_spline
TR-044056,2025-10-06,Reefer,530.7,1320.52,1328.89,False,True,ridge_spline
TR-044057,2025-10-06,Reefer,824.7,1877.91,1876.61,False,True,ridge_spline
TR-044058,2025-10-06,Dry Van,1372.5,2863.58,2749.54,False,True,ridge_spline
TR-044059,2025-10-06,Flatbed,1009.0,2169.35,2170.12,False,False,ridge_spline
TR-044060,2025-10-06,Dry Van,953.5,1929.48,1906.39,False,True,ridge_spline
TR-044061,2025-10-06,Dry Van,591.0,1203.53,1231.93,False,True,ridge_spline
TR-044062,2025-10-06,Dry Van,1361.8,2541.47,2548.67,False,True,ridge_spline
TR-044063,2025-10-06,Dry Van,233.1,626.22,619.25,False,True,ridge_spline
TR-044064,2025-10-06,Flatbed,827.8,1779.27,1773.42,False,True,ridge_spline
TR-044065,2025-10-06,Flatbed,360.7,882.45,861.57,False,False,ridge_spline
TR-044066,2025-10-06,Reefer,1230.0,2885.04,2858.42,False,True,ridge_spline
TR-044067,2025-10-06,Dry Van,779.4,1687.5,1669.64,False,True,ridge_spline
TR-044068,2025-10-06,Dry Van,1561.0,3118.32,3086.97,False,True,ridge_spline
TR-044069,2025-10-06,Dry Van,1211.0,2401.07,2393.83,False,True,ridge_spline
TR-044070,2025-10-06,Dry Van,429.3,969.91,974.09,False,True,ridge_spline
TR-044071,2025-10-06,Flatbed,1675.0,3518.03,3605.12,False,True,ridge_spline
TR-044072,2025-10-06,Flatbed,673.3,1636.43,1604.49,False,False,ridge_spline
TR-044073,2025-10-06,Dry Van,2631.3,4831.89,4653.94,False,True,ridge_spline
TR-044074,2025-10-06,Dry Van,2148.6,4100.88,4060.08,False,True,ridge_spline
TR-044075,2025-10-06,Dry Van,2276.9,4337.77,4264.0,False,True,ridge_spline
TR-044076,2025-10-06,Dry Van,995.4,1872.82,1894.69,False,True,ridge_spline
TR-044077,2025-10-06,Reefer,1131.3,2474.26,2522.53,False,True,ridge_spline
TR-044078,2025-10-06,Dry Van,369.0,867.2,859.52,False,True,ridge_spline
TR-044079,2025-10-06,Dry Van,217.4,561.58,546.18,False,True,ridge_spline
TR-044080,2025-10-06,Dry Van,363.9,880.74,865.44,False,True,ridge_spline
TR-044081,2025-10-06,Flatbed,712.2,1607.56,1646.17,False,False,ridge_spline
TR-044082,2025-10-06,Flatbed,202.9,568.52,568.17,False,True,ridge_spline
TR-044083,2025-10-06,Dry Van,236.3,595.93,576.48,False,True,ridge_spline
TR-044084,2025-10-06,Reefer,692.0,1612.8,1572.45,False,True,ridge_spline
TR-044085,2025-10-06,Dry Van,117.1,309.64,306.17,False,True,ridge_spline
TR-044086,2025-10-06,Reefer,1465.9,3379.8,3255.83,False,True,ridge_spline
TR-044087,2025-10-06,Flatbed,1778.3,3604.59,3619.73,False,True,ridge_spline
TR-044088,2025-10-06,Dry Van,1922.2,3621.3,3601.68,False,True,ridge_spline
TR-044089,2025-10-06,Dry Van,1862.5,3520.84,3513.0,False,True,ridge_spline
TR-044090,2025-10-06,Flatbed,910.8,1865.44,1864.93,False,True,ridge_spline
TR-044091,2025-10-06,Dry Van,2087.3,3796.72,3810.35,False,True,ridge_spline
TR-044092,2025-10-06,Dry Van,1780.3,3400.27,3461.09,False,True,ridge_spline
TR-044093,2025-10-06,Dry Van,242.1,641.14,614.59,False,True,ridge_spline
TR-044094,2025-10-07,Dry Van,1898.8,3521.79,3509.85,False,True,ridge_spline
TR-044095,2025-10-07,Dry Van,481.3,1081.64,1040.3,False,True,ridge_spline
TR-044096,2025-10-07,Dry Van,2019.8,4002.03,3926.84,False,True,ridge_spline
TR-044097,2025-10-07,Reefer,1691.0,3613.18,3532.51,False,True,ridge_spline
TR-044098,2025-10-07,Reefer,406.6,1129.78,1134.02,False,True,ridge_spline
TR-044099,2025-10-07,Dry Van,195.7,543.25,524.8,False,True,ridge_spline
TR-044100,2025-10-07,Dry Van,512.9,1191.94,1211.46,False,True,ridge_spline
TR-044101,2025-10-07,Flatbed,528.9,1221.71,1239.86,False,True,ridge_spline
TR-044102,2025-10-07,Dry Van,379.6,941.96,940.92,False,True,ridge_spline
TR-044103,2025-10-07,Dry Van,310.3,810.34,804.78,False,True,ridge_spline
TR-044104,2025-10-07,Dry Van,3185.8,5766.93,5584.14,False,True,ridge_spline
TR-044105,2025-10-07,Reefer,1913.4,4281.85,4290.64,False,True,ridge_spline
TR-044106,2025-10-07,Dry Van,164.7,417.09,419.17,False,True,ridge_spline
TR-044107,2025-10-07,Dry Van,556.5,1254.51,1259.56,False,True,ridge_spline
TR-044108,2025-10-07,Dry Van,135.8,347.21,351.45,False,True,ridge_spline
TR-044109,2025-10-07,Reefer,1093.9,2628.55,2591.63,False,True,ridge_spline
TR-044110,2025-10-07,Dry Van,2202.0,4005.12,3993.24,False,True,ridge_spline
TR-044111,2025-10-07,Reefer,2021.5,4566.62,4424.05,False,True,ridge_spline
TR-044112,2025-10-07,Dry Van,137.8,378.59,375.79,False,True,ridge_spline
TR-044113,2025-10-07,Reefer,970.7,2202.48,2226.12,False,True,ridge_spline
TR-044114,2025-10-07,Dry Van,180.7,467.61,462.62,False,True,ridge_spline
TR-044115,2025-10-07,Reefer,525.1,1276.25,1270.28,False,True,ridge_spline
TR-044116,2025-10-07,Dry Van,721.4,1459.87,1465.07,False,True,ridge_spline
TR-044117,2025-10-07,Flatbed,2267.3,4654.5,4467.61,False,True,ridge_spline
TR-044118,2025-10-07,Dry Van,755.2,1495.33,1493.68,False,True,ridge_spline
TR-044119,2025-10-07,Flatbed,1149.8,2550.13,2563.98,False,True,ridge_spline
TR-044120,2025-10-07,Dry Van,3162.1,5368.81,5288.99,False,True,ridge_spline
TR-044121,2025-10-07,Flatbed,309.7,764.04,758.45,False,True,ridge_spline
TR-044122,2025-10-07,Reefer,2221.3,4560.49,4589.01,False,True,ridge_spline
TR-044123,2025-10-07,Reefer,1003.3,2492.07,2379.47,False,True,ridge_spline
TR-044124,2025-10-07,Dry Van,1927.0,3882.76,3826.52,False,True,ridge_spline
TR-044125,2025-10-07,Dry Van,609.2,1329.78,1310.04,False,True,ridge_spline
TR-044126,2025-10-07,Reefer,1780.3,3987.15,3856.49,False,True,ridge_spline
TR-044127,2025-10-07,Dry Van,1031.1,2199.94,2191.8,False,True,ridge_spline
TR-044128,2025-10-07,Flatbed,2803.0,5209.11,5292.22,False,True,ridge_spline
TR-044129,2025-10-07,Reefer,1429.7,3013.41,3008.12,False,False,ridge_spline
TR-044130,2025-10-07,Dry Van,2148.6,3930.32,3923.12,False,True,ridge_spline
TR-044131,2025-10-07,Dry Van,466.3,1076.93,1059.51,False,True,ridge_spline
TR-044132,2025-10-07,Dry Van,1206.8,2481.63,2481.46,False,True,ridge_spline
TR-044133,2025-10-07,Dry Van,1197.8,2596.05,2517.85,False,True,ridge_spline
TR-044134,2025-10-07,Reefer,483.1,1188.47,1208.5,False,True,ridge_spline
TR-044135,2025-10-07,Reefer,334.0,872.03,866.76,False,True,ridge_spline
TR-044136,2025-10-07,Flatbed,909.8,2120.59,2146.71,False,True,ridge_spline
TR-044137,2025-10-07,Dry Van,1838.4,3521.73,3528.91,False,True,ridge_spline
TR-044138,2025-10-07,Dry Van,1221.6,2442.27,2362.69,False,True,ridge_spline
TR-044139,2025-10-07,Dry Van,1990.5,3713.4,3695.57,False,True,ridge_spline
TR-044140,2025-10-07,Dry Van,143.8,383.5,382.37,False,True,ridge_spline
TR-044141,2025-10-07,Dry Van,1601.8,3098.51,3072.23,False,True,ridge_spline
TR-044142,2025-10-07,Flatbed,925.0,1996.97,2007.85,False,True,ridge_spline
TR-044143,2025-10-07,Dry Van,1764.6,3494.0,3469.55,False,True,ridge_spline
TR-044144,2025-10-07,Flatbed,395.6,950.43,951.17,False,True,ridge_spline
TR-044145,2025-10-07,Dry Van,1290.6,2486.75,2545.11,False,True,ridge_spline
TR-044146,2025-10-07,Flatbed,2526.2,4845.95,4792.41,False,False,ridge_spline
TR-044147,2025-10-07,Reefer,2336.4,5058.57,5028.61,False,True,ridge_spline
TR-044148,2025-10-07,Dry Van,2943.1,5346.93,5359.34,False,True,ridge_spline
TR-044149,2025-10-07,Reefer,1562.1,3549.06,3495.0,False,True,ridge_spline
TR-044150,2025-10-07,Dry Van,1072.7,2303.95,2270.07,False,True,ridge_spline
TR-044151,2025-10-07,Reefer,1231.0,2964.61,2847.41,False,True,ridge_spline
TR-044152,2025-10-07,Dry Van,1778.0,3303.47,3271.55,False,True,ridge_spline
TR-044153,2025-10-07,Dry Van,380.5,910.55,893.33,False,True,ridge_spline
TR-044154,2025-10-07,Dry Van,796.6,1743.43,1724.65,False,True,ridge_spline
TR-044155,2025-10-07,Dry Van,485.3,1101.55,1101.39,False,True,ridge_spline
TR-044156,2025-10-07,Dry Van,650.3,1525.43,1474.17,False,True,ridge_spline
TR-044157,2025-10-07,Flatbed,711.8,1554.33,1520.83,False,False,ridge_spline
TR-044158,2025-10-07,Dry Van,1189.0,2448.67,2457.81,False,True,ridge_spline
TR-044159,2025-10-07,Dry Van,2010.4,3635.27,3614.4,False,True,ridge_spline
TR-044160,2025-10-07,Flatbed,1363.3,3181.62,3067.92,False,True,ridge_spline
TR-044161,2025-10-07,Dry Van,806.2,1778.31,1762.72,False,True,ridge_spline
TR-044162,2025-10-07,Flatbed,1189.2,8425.34,2565.89,True,False,ridge_spline
TR-044163,2025-10-07,Dry Van,1461.7,2928.06,3013.21,False,True,ridge_spline
TR-044164,2025-10-07,Dry Van,3071.7,5768.57,5710.47,False,True,ridge_spline
TR-044165,2025-10-07,Dry Van,1674.0,3282.71,3215.42,False,True,ridge_spline
TR-044166,2025-10-07,Dry Van,1858.7,3603.1,3640.51,False,True,ridge_spline
TR-044167,2025-10-07,Dry Van,1576.8,3028.7,3002.65,False,True,ridge_spline
TR-044168,2025-10-07,Reefer,2002.6,4204.74,4204.28,False,True,ridge_spline
TR-044169,2025-10-07,Reefer,1864.5,4287.51,4139.13,False,True,ridge_spline
TR-044170,2025-10-07,Reefer,829.8,2085.87,2062.98,False,True,ridge_spline
TR-044171,2025-10-07,Dry Van,969.1,2005.58,1965.0,False,True,ridge_spline
TR-044172,2025-10-07,Flatbed,1032.3,2142.38,2161.93,False,True,ridge_spline
TR-044173,2025-10-07,Reefer,507.7,1277.52,1270.73,False,False,ridge_spline
TR-044174,2025-10-07,Dry Van,841.7,1734.56,1752.31,False,True,ridge_spline
TR-044175,2025-10-07,Reefer,2362.6,4817.58,4872.99,False,True,ridge_spline
TR-044176,2025-10-07,Flatbed,796.6,463.05,1772.17,True,True,ridge_spline
TR-044177,2025-10-07,Reefer,925.2,2293.83,2270.73,False,True,ridge_spline
TR-044178,2025-10-07,Flatbed,2101.9,4489.14,4358.2,False,True,ridge_spline
TR-044179,2025-10-07,Dry Van,285.5,713.84,684.99,False,True,ridge_spline
TR-044180,2025-10-07,Reefer,647.2,1671.84,1676.64,False,True,ridge_spline
TR-044181,2025-10-07,Dry Van,1160.7,2193.1,2265.08,False,True,ridge_spline
TR-044182,2025-10-07,Reefer,1072.1,2518.87,2514.88,False,True,ridge_spline
TR-044183,2025-10-07,Reefer,467.6,1147.73,1159.95,False,True,ridge_spline
TR-044184,2025-10-07,Flatbed,1030.0,2193.67,2249.31,False,True,ridge_spline
TR-044185,2025-10-07,Dry Van,312.4,777.68,777.88,False,True,ridge_spline
TR-044186,2025-10-07,Dry Van,1510.6,2903.55,2861.88,False,True,ridge_spline
TR-044187,2025-10-07,Dry Van,468.8,1013.2,1012.49,False,True,ridge_spline
TR-044188,2025-10-07,Flatbed,696.1,1561.6,1547.51,False,True,ridge_spline
TR-044189,2025-10-07,Reefer,2278.1,4752.22,4724.56,False,True,ridge_spline
TR-044190,2025-10-07,Flatbed,530.4,1234.37,1236.38,False,True,ridge_spline
TR-044191,2025-10-07,Dry Van,742.6,1460.12,1454.06,False,True,ridge_spline
TR-044192,2025-10-07,Dry Van,986.1,2074.22,2062.71,False,True,ridge_spline
TR-044193,2025-10-07,Dry Van,1910.9,3829.1,3810.26,False,True,ridge_spline
TR-044194,2025-10-07,Dry Van,296.0,760.31,734.34,False,True,ridge_spline
TR-044195,2025-10-07,Dry Van,644.8,1451.78,1449.11,False,True,ridge_spline
TR-044196,2025-10-07,Dry Van,490.9,1086.79,1059.84,False,True,ridge_spline
TR-044197,2025-10-07,Reefer,1621.3,3527.99,3512.19,False,True,ridge_spline
TR-044198,2025-10-07,Flatbed,439.4,1109.09,1089.12,False,True,ridge_spline
TR-044199,2025-10-07,Dry Van,217.4,600.81,583.43,False,True,ridge_spline
TR-044200,2025-10-07,Dry Van,1128.4,2342.36,2379.33,False,True,ridge_spline
TR-044201,2025-10-07,Reefer,2452.9,5264.82,5296.85,False,True,ridge_spline
TR-044202,2025-10-07,Dry Van,388.5,934.61,926.5,False,True,ridge_spline
TR-044203,2025-10-07,Dry Van,1812.5,3669.51,3548.14,False,True,ridge_spline
TR-044204,2025-10-07,Dry Van,730.7,1561.47,1529.55,False,True,ridge_spline
TR-044205,2025-10-07,Reefer,107.4,343.65,346.45,False,False,ridge_spline
TR-044206,2025-10-07,Dry Van,422.7,1050.79,1051.33,False,True,ridge_spline
TR-044207,2025-10-07,Reefer,764.8,1843.82,1822.06,False,True,ridge_spline
TR-044208,2025-10-07,Dry Van,254.9,646.5,648.22,False,True,ridge_spline
TR-044209,2025-10-07,Flatbed,2819.1,5552.48,5604.11,False,True,ridge_spline
TR-044210,2025-10-07,Reefer,772.2,1769.05,1826.69,False,True,ridge_spline
TR-044211,2025-10-07,Reefer,946.5,2209.39,2182.18,False,True,ridge_spline
TR-044212,2025-10-07,Flatbed,545.6,1246.09,1215.76,False,True,ridge_spline
TR-044213,2025-10-07,Dry Van,488.3,1148.19,1160.2,False,True,ridge_spline
TR-044214,2025-10-07,Flatbed,1199.2,2411.14,2483.07,False,True,ridge_spline
TR-044215,2025-10-07,Dry Van,1770.0,725.75,3374.51,True,True,ridge_spline
TR-044216,2025-10-07,Dry Van,780.2,1548.72,1552.71,False,True,ridge_spline
TR-044217,2025-10-07,Dry Van,1263.9,2462.56,2436.92,False,True,ridge_spline
TR-044218,2025-10-07,Flatbed,502.8,1145.57,1175.21,False,True,ridge_spline
TR-044219,2025-10-07,Dry Van,444.6,1054.4,1046.37,False,True,ridge_spline
TR-044220,2025-10-07,Dry Van,1659.3,3137.27,3149.44,False,True,ridge_spline
TR-044221,2025-10-07,Flatbed,1383.6,2978.41,2889.51,False,True,ridge_spline
TR-044222,2025-10-07,Reefer,1414.1,3087.54,3165.43,False,True,ridge_spline
TR-044223,2025-10-07,Flatbed,2036.2,4294.78,4225.29,False,True,ridge_spline
TR-044224,2025-10-07,Dry Van,2032.0,3853.42,3850.05,False,True,ridge_spline
TR-044225,2025-10-07,Dry Van,564.5,1195.74,1204.03,False,True,ridge_spline
TR-044226,2025-10-07,Dry Van,1046.8,2100.06,2115.94,False,True,ridge_spline
TR-044227,2025-10-07,Reefer,1063.1,2338.11,2402.47,False,True,ridge_spline
TR-044228,2025-10-07,Flatbed,412.4,981.78,983.45,False,True,ridge_spline
TR-044229,2025-10-07,Reefer,377.7,979.31,966.37,False,True,ridge_spline
TR-044230,2025-10-07,Dry Van,804.4,1628.75,1638.28,False,True,ridge_spline
TR-044231,2025-10-07,Reefer,1109.9,2527.69,2585.54,False,True,ridge_spline
TR-044232,2025-10-07,Dry Van,1542.6,2997.84,2871.91,False,False,ridge_spline
TR-044233,2025-10-07,Reefer,1456.7,2996.55,3059.94,False,True,ridge_spline
TR-044234,2025-10-07,Flatbed,810.3,1751.13,1763.37,False,True,ridge_spline
TR-044235,2025-10-07,Dry Van,806.6,1697.88,1719.28,False,True,ridge_spline
TR-044236,2025-10-07,Reefer,850.4,2134.87,2107.98,False,True,ridge_spline
TR-044237,2025-10-07,Dry Van,1466.4,2838.8,2831.96,False,True,ridge_spline
TR-044238,2025-10-07,Dry Van,655.9,1458.81,1436.47,False,True,ridge_spline
TR-044239,2025-10-07,Dry Van,294.4,798.7,780.37,False,True,ridge_spline
TR-044240,2025-10-07,Reefer,1320.6,2936.32,2838.12,False,True,ridge_spline
TR-044241,2025-10-07,Dry Van,387.5,896.02,882.15,False,True,ridge_spline
TR-044242,2025-10-07,Flatbed,801.2,1807.79,1802.4,False,True,ridge_spline
TR-044243,2025-10-07,Dry Van,911.5,1912.19,1897.2,False,True,ridge_spline
TR-044244,2025-10-07,Reefer,2259.0,4914.48,4799.78,False,True,ridge_spline
TR-044245,2025-10-07,Flatbed,530.4,1341.93,1312.16,False,True,ridge_spline
TR-044246,2025-10-07,Dry Van,2427.0,4578.11,4491.64,False,True,ridge_spline
TR-044247,2025-10-07,Flatbed,894.7,1934.91,1903.59,False,True,ridge_spline
TR-044248,2025-10-07,Flatbed,2058.0,4255.76,4192.42,False,True,ridge_spline
TR-044249,2025-10-07,Dry Van,2896.8,5055.75,5060.48,False,True,ridge_spline
TR-044250,2025-10-07,Dry Van,1706.7,3200.14,3200.17,False,True,ridge_spline
TR-044251,2025-10-07,Reefer,1231.4,2812.67,2850.88,False,True,ridge_spline
TR-044252,2025-10-07,Dry Van,469.9,1139.45,1114.02,False,False,ridge_spline
TR-044253,2025-10-07,Dry Van,2754.5,4886.24,4821.22,False,True,ridge_spline
TR-044254,2025-10-07,Dry Van,651.9,1369.5,1340.82,False,True,ridge_spline
TR-044255,2025-10-07,Dry Van,1197.9,2443.14,2393.99,False,True,ridge_spline
TR-044256,2025-10-07,Dry Van,1761.5,3332.67,3394.45,False,True,ridge_spline
TR-044257,2025-10-07,Reefer,1578.1,3461.27,3370.96,False,True,ridge_spline
TR-044258,2025-10-07,Dry Van,1504.1,3016.26,3050.85,False,True,ridge_spline
TR-044259,2025-10-07,Dry Van,1300.1,2714.39,2654.03,False,True,ridge_spline
TR-044260,2025-10-08,Reefer,2558.4,5189.95,5237.6,False,True,ridge_spline
TR-044261,2025-10-08,Reefer,3008.3,6037.04,6033.96,False,True,ridge_spline
TR-044262,2025-10-08,Reefer,1484.5,3142.74,3159.28,False,True,ridge_spline
TR-044263,2025-10-08,Reefer,297.7,855.24,831.06,False,True,ridge_spline
TR-044264,2025-10-08,Dry Van,406.1,950.68,965.83,False,True,ridge_spline
TR-044265,2025-10-08,Dry Van,429.3,1071.43,1080.52,False,True,ridge_spline
TR-044266,2025-10-08,Dry Van,741.1,1578.75,1569.44,False,True,ridge_spline
TR-044267,2025-10-08,Dry Van,686.6,1441.53,1473.97,False,True,ridge_spline
TR-044268,2025-10-08,Dry Van,2492.6,14425.42,4479.29,True,True,ridge_spline
TR-044269,2025-10-08,Dry Van,651.6,1423.7,1409.16,False,True,ridge_spline
TR-044270,2025-10-08,Reefer,1263.1,3015.04,3018.85,False,True,ridge_spline
TR-044271,2025-10-08,Reefer,652.1,313.15,1538.77,True,True,ridge_spline
TR-044272,2025-10-08,Reefer,1293.6,3157.99,3083.48,False,True,ridge_spline
TR-044273,2025-10-08,Dry Van,2470.5,4227.08,4345.42,False,True,ridge_spline
TR-044274,2025-10-08,Dry Van,74.7,222.72,211.25,False,True,ridge_spline
TR-044275,2025-10-08,Dry Van,531.5,1222.99,1208.4,False,True,ridge_spline
TR-044276,2025-10-08,Dry Van,1119.0,2211.67,2203.94,False,True,ridge_spline
TR-044277,2025-10-08,Reefer,345.2,895.44,909.13,False,True,ridge_spline
TR-044278,2025-10-08,Flatbed,127.0,372.9,378.89,False,True,ridge_spline
TR-044279,2025-10-08,Flatbed,359.1,882.73,906.04,False,True,ridge_spline
TR-044280,2025-10-08,Flatbed,1837.1,3785.69,3790.28,False,True,ridge_spline
TR-044281,2025-10-08,Dry Van,1723.3,3332.32,3283.55,False,True,ridge_spline
TR-044282,2025-10-08,Flatbed,492.3,1186.99,1168.15,False,True,ridge_spline
TR-044283,2025-10-08,Dry Van,647.8,1331.38,1323.09,False,True,ridge_spline
TR-044284,2025-10-08,Reefer,2310.5,5018.12,4989.25,False,True,ridge_spline
TR-044285,2025-10-08,Dry Van,2142.2,3965.18,3913.55,False,True,ridge_spline
TR-044286,2025-10-08,Dry Van,363.8,820.16,820.25,False,True,ridge_spline
TR-044287,2025-10-08,Dry Van,944.9,4729.66,2001.77,True,True,ridge_spline
TR-044288,2025-10-08,Flatbed,1251.6,2571.46,2584.42,False,True,ridge_spline
TR-044289,2025-10-08,Dry Van,646.7,1318.04,1359.27,False,True,ridge_spline
TR-044290,2025-10-08,Dry Van,878.1,1802.45,1795.02,False,True,ridge_spline
TR-044291,2025-10-08,Flatbed,701.8,1551.27,1600.26,False,True,ridge_spline
TR-044292,2025-10-08,Reefer,2002.2,4277.65,4289.17,False,True,ridge_spline
TR-044293,2025-10-08,Reefer,730.2,1950.32,1862.58,False,True,ridge_spline
TR-044294,2025-10-08,Reefer,328.7,917.6,914.31,False,True,ridge_spline
TR-044295,2025-10-08,Dry Van,108.8,302.65,303.71,False,True,ridge_spline
TR-044296,2025-10-08,Flatbed,683.0,1548.61,1517.3,False,False,ridge_spline
TR-044297,2025-10-08,Reefer,3148.3,6263.27,6160.4,False,True,ridge_spline
TR-044298,2025-10-08,Reefer,292.9,837.86,814.39,False,True,ridge_spline
TR-044299,2025-10-08,Dry Van,357.1,906.63,905.15,False,True,ridge_spline
TR-044300,2025-10-08,Flatbed,1351.5,2996.39,2952.58,False,True,ridge_spline
TR-044301,2025-10-08,Flatbed,310.5,825.14,838.27,False,True,ridge_spline
TR-044302,2025-10-08,Dry Van,557.1,1315.64,1289.16,False,True,ridge_spline
TR-044303,2025-10-08,Dry Van,459.2,1103.62,1108.58,False,True,ridge_spline
TR-044304,2025-10-08,Dry Van,1995.2,3801.19,3793.57,False,True,ridge_spline
TR-044305,2025-10-08,Dry Van,435.3,981.87,965.28,False,True,ridge_spline
TR-044306,2025-10-08,Reefer,736.2,1659.84,1693.52,False,True,ridge_spline
TR-044307,2025-10-08,Dry Van,328.0,812.96,788.72,False,True,ridge_spline
TR-044308,2025-10-08,Reefer,716.6,1719.38,1737.68,False,True,ridge_spline
TR-044309,2025-10-08,Flatbed,2108.9,4330.69,4210.1,False,True,ridge_spline
TR-044310,2025-10-08,Dry Van,1665.9,3208.13,3207.23,False,True,ridge_spline
TR-044311,2025-10-08,Dry Van,3166.1,5697.12,5739.28,False,True,ridge_spline
TR-044312,2025-10-08,Dry Van,478.4,411.17,1101.48,True,True,ridge_spline
TR-044313,2025-10-08,Dry Van,1580.7,3197.76,3266.51,False,True,ridge_spline
TR-044314,2025-10-08,Dry Van,618.7,1387.71,1402.68,False,True,ridge_spline
TR-044315,2025-10-08,Dry Van,945.8,2051.57,2068.43,False,True,ridge_spline
TR-044316,2025-10-08,Dry Van,434.0,1066.71,1059.54,False,True,ridge_spline
TR-044317,2025-10-08,Reefer,1085.5,2517.8,2532.14,False,True,ridge_spline
TR-044318,2025-10-08,Dry Van,1034.4,2121.19,2137.93,False,True,ridge_spline
TR-044319,2025-10-08,Dry Van,1826.8,3384.59,3393.66,False,True,ridge_spline
TR-044320,2025-10-08,Dry Van,427.9,988.67,975.66,False,True,ridge_spline
TR-044321,2025-10-08,Dry Van,261.7,626.31,615.09,False,True,ridge_spline
TR-044322,2025-10-08,Reefer,1896.7,3896.37,3973.4,False,True,ridge_spline
TR-044323,2025-10-08,Flatbed,366.1,923.77,946.95,False,True,ridge_spline
TR-044324,2025-10-08,Flatbed,417.8,1025.83,1031.05,False,True,ridge_spline
TR-044325,2025-10-08,Reefer,1315.9,2880.8,2849.47,False,True,ridge_spline
TR-044326,2025-10-08,Dry Van,1182.0,2475.13,2511.43,False,True,ridge_spline
TR-044327,2025-10-08,Dry Van,339.6,779.8,770.4,False,False,ridge_spline
TR-044328,2025-10-08,Flatbed,339.8,919.26,923.67,False,True,ridge_spline
TR-044329,2025-10-08,Flatbed,1593.0,3104.79,3275.33,False,False,ridge_spline
TR-044330,2025-10-08,Flatbed,391.6,977.05,960.62,False,True,ridge_spline
TR-044331,2025-10-08,Dry Van,236.0,578.45,572.75,False,True,ridge_spline
TR-044332,2025-10-08,Reefer,1045.9,2499.24,2417.46,False,True,ridge_spline
TR-044333,2025-10-08,Dry Van,565.0,1188.73,1192.42,False,True,ridge_spline
TR-044334,2025-10-08,Dry Van,844.2,1778.52,1710.91,False,True,ridge_spline
TR-044335,2025-10-08,Dry Van,3288.9,5920.59,5913.99,False,True,ridge_spline
TR-044336,2025-10-08,Reefer,927.0,2154.76,2196.58,False,True,ridge_spline
TR-044337,2025-10-08,Dry Van,398.6,895.22,871.2,False,True,ridge_spline
TR-044338,2025-10-08,Dry Van,1591.5,3124.21,3085.63,False,True,ridge_spline
TR-044339,2025-10-08,Dry Van,1344.8,2842.65,2764.45,False,True,ridge_spline
TR-044340,2025-10-08,Flatbed,523.1,1249.95,1256.12,False,True,ridge_spline
TR-044341,2025-10-08,Flatbed,3155.7,6512.76,6372.84,False,True,ridge_spline
TR-044342,2025-10-08,Flatbed,1902.4,3955.44,3964.97,False,False,ridge_spline
TR-044343,2025-10-08,Dry Van,533.1,1216.74,1184.76,False,True,ridge_spline
TR-044344,2025-10-08,Dry Van,1014.6,2089.49,2086.91,False,True,ridge_spline
TR-044345,2025-10-08,Dry Van,1040.0,10566.25,2090.04,True,True,ridge_spline
TR-044346,2025-10-08,Dry Van,2480.9,4668.25,4670.0,False,True,ridge_spline
TR-044347,2025-10-08,Reefer,547.5,1334.51,1325.72,False,True,ridge_spline
TR-044348,2025-10-08,Reefer,339.8,972.88,941.99,False,True,ridge_spline
TR-044349,2025-10-08,Dry Van,1528.0,3174.36,3178.33,False,True,ridge_spline
TR-044350,2025-10-08,Dry Van,1448.0,3098.28,3005.46,False,True,ridge_spline
TR-044351,2025-10-08,Flatbed,3189.5,6080.94,6230.29,False,True,ridge_spline
TR-044352,2025-10-08,Reefer,2512.9,5136.23,5023.98,False,True,ridge_spline
TR-044353,2025-10-08,Dry Van,972.4,1984.99,1998.56,False,True,ridge_spline
TR-044354,2025-10-08,Reefer,740.7,1763.19,1695.7,False,True,ridge_spline
TR-044355,2025-10-08,Flatbed,936.9,2070.12,2034.3,False,True,ridge_spline
TR-044356,2025-10-08,Dry Van,763.7,1645.67,1617.33,False,True,ridge_spline
TR-044357,2025-10-08,Reefer,2451.3,5333.52,5358.3,False,True,ridge_spline
TR-044358,2025-10-08,Reefer,201.4,585.34,580.71,False,True,ridge_spline
TR-044359,2025-10-08,Flatbed,894.7,2056.8,2105.65,False,True,ridge_spline
TR-044360,2025-10-08,Flatbed,2189.8,4397.12,4338.32,False,True,ridge_spline
TR-044361,2025-10-08,Dry Van,1008.3,2071.17,2090.74,False,True,ridge_spline
TR-044362,2025-10-08,Flatbed,1047.0,2242.32,2318.66,False,True,ridge_spline
TR-044363,2025-10-08,Dry Van,431.2,1085.63,1079.76,False,True,ridge_spline
TR-044364,2025-10-08,Dry Van,1667.9,3277.97,3325.0,False,True,ridge_spline
TR-044365,2025-10-08,Dry Van,805.1,1712.04,1697.55,False,True,ridge_spline
TR-044366,2025-10-08,Reefer,934.1,2247.82,2228.09,False,True,ridge_spline
TR-044367,2025-10-08,Reefer,1824.4,4165.0,4186.52,False,True,ridge_spline
TR-044368,2025-10-08,Flatbed,527.8,1396.12,1362.25,False,True,ridge_spline
TR-044369,2025-10-08,Dry Van,215.5,501.69,505.59,False,True,ridge_spline
TR-044370,2025-10-08,Dry Van,529.9,1152.09,1144.59,False,True,ridge_spline
TR-044371,2025-10-08,Reefer,559.4,1461.55,1466.46,False,True,ridge_spline
TR-044372,2025-10-08,Dry Van,2320.8,4493.05,4477.29,False,True,ridge_spline
TR-044373,2025-10-08,Dry Van,1824.8,3534.58,3495.58,False,True,ridge_spline
TR-044374,2025-10-08,Flatbed,1237.0,2917.59,2811.98,False,False,ridge_spline
TR-044375,2025-10-08,Dry Van,1971.0,3657.67,3670.11,False,True,ridge_spline
TR-044376,2025-10-08,Dry Van,921.4,1838.07,1857.2,False,True,ridge_spline
TR-044377,2025-10-08,Reefer,1246.1,3042.93,2990.77,False,False,ridge_spline
TR-044378,2025-10-08,Dry Van,1044.5,2100.15,2174.47,False,True,ridge_spline
TR-044379,2025-10-08,Dry Van,86.8,257.52,258.79,False,True,ridge_spline
TR-044380,2025-10-08,Dry Van,285.1,741.71,745.71,False,True,ridge_spline
TR-044381,2025-10-08,Dry Van,2006.4,3741.48,3656.05,False,True,ridge_spline
TR-044382,2025-10-08,Dry Van,1047.3,1996.66,2048.84,False,True,ridge_spline
TR-044383,2025-10-08,Dry Van,215.9,621.68,609.87,False,True,ridge_spline
TR-044384,2025-10-08,Reefer,664.8,1700.19,1664.69,False,True,ridge_spline
TR-044385,2025-10-08,Reefer,618.4,1500.99,1475.96,False,True,ridge_spline
TR-044386,2025-10-08,Dry Van,1325.9,2666.75,2667.89,False,True,ridge_spline
TR-044387,2025-10-08,Reefer,821.8,1875.44,1831.67,False,True,ridge_spline
TR-044388,2025-10-08,Flatbed,1090.4,2445.03,2466.74,False,True,ridge_spline
TR-044389,2025-10-08,Dry Van,3006.7,5670.75,5692.3,False,True,ridge_spline
TR-044390,2025-10-08,Dry Van,1897.3,3544.19,3514.71,False,True,ridge_spline
TR-044391,2025-10-08,Dry Van,659.3,1308.91,1329.06,False,True,ridge_spline
TR-044392,2025-10-08,Flatbed,1366.0,2945.22,2807.01,False,True,ridge_spline
TR-044393,2025-10-08,Flatbed,2439.9,5009.84,5051.17,False,True,ridge_spline
TR-044394,2025-10-08,Dry Van,869.6,1847.58,1805.19,False,True,ridge_spline
TR-044395,2025-10-08,Flatbed,2265.0,4694.66,4610.62,False,True,ridge_spline
TR-044396,2025-10-08,Flatbed,1223.4,2735.4,2742.57,False,True,ridge_spline
TR-044397,2025-10-08,Dry Van,2334.3,4225.88,4304.36,False,True,ridge_spline
TR-044398,2025-10-08,Dry Van,1492.0,3194.31,3105.18,False,True,ridge_spline
TR-044399,2025-10-08,Reefer,1441.3,3375.73,3343.67,False,True,ridge_spline
TR-044400,2025-10-08,Reefer,558.5,1438.13,1471.72,False,True,ridge_spline
TR-044401,2025-10-08,Dry Van,796.9,1719.59,1698.76,False,True,ridge_spline
TR-044402,2025-10-08,Flatbed,1205.4,2735.62,2737.3,False,True,ridge_spline
TR-044403,2025-10-08,Flatbed,1751.3,3817.37,3761.42,False,True,ridge_spline
TR-044404,2025-10-08,Dry Van,1703.6,3441.81,3374.54,False,True,ridge_spline
TR-044405,2025-10-08,Dry Van,424.1,1053.16,1027.91,False,True,ridge_spline
TR-044406,2025-10-08,Dry Van,1234.9,2584.59,2569.57,False,True,ridge_spline
TR-044407,2025-10-08,Dry Van,2156.1,3962.36,3928.92,False,True,ridge_spline
TR-044408,2025-10-08,Dry Van,1736.7,3502.63,3394.66,False,True,ridge_spline
TR-044409,2025-10-08,Reefer,439.3,1196.54,1201.23,False,True,ridge_spline
TR-044410,2025-10-08,Reefer,1097.7,2670.34,2616.42,False,True,ridge_spline
TR-044411,2025-10-08,Reefer,1145.9,2641.96,2639.13,False,True,ridge_spline
TR-044412,2025-10-08,Reefer,182.1,515.65,523.69,False,True,ridge_spline
TR-044413,2025-10-08,Reefer,837.5,2047.8,2026.59,False,True,ridge_spline
TR-044414,2025-10-08,Dry Van,242.4,2281.75,617.07,True,True,ridge_spline
TR-044415,2025-10-08,Flatbed,549.4,1264.02,1276.13,False,True,ridge_spline
TR-044416,2025-10-08,Dry Van,2434.8,4584.93,4595.11,False,True,ridge_spline
TR-044417,2025-10-08,Dry Van,1473.1,3093.95,3015.0,False,True,ridge_spline
TR-044418,2025-10-08,Flatbed,894.5,1945.36,1947.8,False,False,ridge_spline
TR-044419,2025-10-08,Dry Van,598.6,1324.61,1346.09,False,True,ridge_spline
TR-044420,2025-10-08,Dry Van,127.3,350.21,351.49,False,True,ridge_spline
TR-044421,2025-10-08,Dry Van,911.6,1777.07,1791.04,False,True,ridge_spline
TR-044422,2025-10-08,Dry Van,248.1,596.8,599.74,False,True,ridge_spline
TR-044423,2025-10-08,Dry Van,679.7,4747.88,1483.31,True,True,ridge_spline
TR-044424,2025-10-09,Reefer,1078.9,2664.93,2626.43,False,True,ridge_spline
TR-044425,2025-10-09,Dry Van,876.7,1880.05,1859.57,False,True,ridge_spline
TR-044426,2025-10-09,Dry Van,1252.3,2542.03,2597.04,False,True,ridge_spline
TR-044427,2025-10-09,Dry Van,2678.9,5016.11,4946.71,False,True,ridge_spline
TR-044428,2025-10-09,Dry Van,238.3,599.05,577.25,False,True,ridge_spline
TR-044429,2025-10-09,Reefer,1967.7,4113.37,4049.42,False,True,ridge_spline
TR-044430,2025-10-09,Flatbed,942.2,2121.88,2080.34,False,True,ridge_spline
TR-044431,2025-10-09,Reefer,1126.9,2658.76,2644.23,False,True,ridge_spline
TR-044432,2025-10-09,Flatbed,555.2,1313.69,1298.33,False,True,ridge_spline
TR-044433,2025-10-09,Dry Van,825.7,1849.4,1745.5,False,True,ridge_spline
TR-044434,2025-10-09,Dry Van,447.1,1021.86,999.16,False,True,ridge_spline
TR-044435,2025-10-09,Reefer,324.2,961.45,965.32,False,True,ridge_spline
TR-044436,2025-10-09,Dry Van,1022.9,2090.03,2066.22,False,True,ridge_spline
TR-044437,2025-10-09,Dry Van,1114.9,2211.15,2151.65,False,True,ridge_spline
TR-044438,2025-10-09,Flatbed,363.6,911.78,921.11,False,True,ridge_spline
TR-044439,2025-10-09,Flatbed,1722.2,3852.58,3787.14,False,True,ridge_spline
TR-044440,2025-10-09,Dry Van,2902.6,5332.05,5447.55,False,True,ridge_spline
TR-044441,2025-10-09,Reefer,662.6,1585.9,1620.03,False,True,ridge_spline
TR-044442,2025-10-09,Flatbed,3087.5,5938.75,5975.18,False,True,ridge_spline
TR-044443,2025-10-09,Dry Van,444.9,995.1,1007.43,False,True,ridge_spline
TR-044444,2025-10-09,Dry Van,2326.7,4275.91,4263.04,False,True,ridge_spline
TR-044445,2025-10-09,Reefer,2295.4,4782.28,4818.92,False,True,ridge_spline
TR-044446,2025-10-09,Dry Van,564.5,1266.91,1238.07,False,True,ridge_spline
TR-044447,2025-10-09,Flatbed,2166.4,4404.31,4439.21,False,True,ridge_spline
TR-044448,2025-10-09,Dry Van,2458.0,4516.71,4497.6,False,True,ridge_spline
TR-044449,2025-10-09,Dry Van,436.1,1119.61,1092.48,False,True,ridge_spline
TR-044450,2025-10-09,Flatbed,1240.4,2617.72,2696.7,False,True,ridge_spline
TR-044451,2025-10-09,Dry Van,977.5,1954.43,1890.33,False,True,ridge_spline
TR-044452,2025-10-09,Dry Van,189.7,506.9,510.04,False,True,ridge_spline
TR-044453,2025-10-09,Dry Van,350.9,920.64,892.53,False,True,ridge_spline
TR-044454,2025-10-09,Reefer,1715.8,3737.47,3726.1,False,True,ridge_spline
TR-044455,2025-10-09,Dry Van,2177.2,4327.96,4286.41,False,True,ridge_spline
TR-044456,2025-10-09,Reefer,977.7,2254.47,2260.08,False,True,ridge_spline
TR-044457,2025-10-09,Dry Van,826.6,1795.99,1773.4,False,True,ridge_spline
TR-044458,2025-10-09,Dry Van,853.7,1922.84,1909.45,False,True,ridge_spline
TR-044459,2025-10-09,Reefer,1835.5,4049.21,4090.8,False,True,ridge_spline
TR-044460,2025-10-09,Reefer,530.0,1371.17,1332.05,False,True,ridge_spline
TR-044461,2025-10-09,Dry Van,3033.0,5791.84,5760.46,False,True,ridge_spline
TR-044462,2025-10-09,Dry Van,467.8,1058.31,1042.19,False,True,ridge_spline
TR-044463,2025-10-09,Dry Van,997.8,2054.89,1999.82,False,True,ridge_spline
TR-044464,2025-10-09,Reefer,1343.5,3037.14,3090.91,False,True,ridge_spline
TR-044465,2025-10-09,Dry Van,358.4,816.77,806.18,False,True,ridge_spline
TR-044466,2025-10-09,Reefer,654.4,1573.0,1547.12,False,True,ridge_spline
TR-044467,2025-10-09,Dry Van,614.4,1260.89,1237.0,False,True,ridge_spline
TR-044468,2025-10-09,Dry Van,1405.6,2916.35,2819.2,False,True,ridge_spline
TR-044469,2025-10-09,Dry Van,77.5,223.86,220.82,False,True,ridge_spline
TR-044470,2025-10-09,Flatbed,759.6,1777.76,1729.84,False,True,ridge_spline
TR-044471,2025-10-09,Dry Van,2534.4,4774.04,4657.4,False,True,ridge_spline
TR-044472,2025-10-09,Dry Van,1716.1,3423.01,3435.96,False,True,ridge_spline
TR-044473,2025-10-09,Reefer,1004.8,2413.73,2329.19,False,True,ridge_spline
TR-044474,2025-10-09,Dry Van,1797.4,3383.17,3374.02,False,True,ridge_spline
TR-044475,2025-10-09,Reefer,348.9,1029.53,1026.28,False,True,ridge_spline
TR-044476,2025-10-09,Reefer,664.9,1550.3,1558.2,False,True,ridge_spline
TR-044477,2025-10-09,Dry Van,696.8,1544.43,1513.99,False,True,ridge_spline
TR-044478,2025-10-09,Dry Van,2079.5,4135.5,4035.56,False,True,ridge_spline
TR-044479,2025-10-09,Dry Van,278.4,707.53,679.85,False,True,ridge_spline
TR-044480,2025-10-09,Flatbed,2059.1,4078.06,4191.16,False,True,ridge_spline
TR-044481,2025-10-09,Dry Van,875.4,1955.55,1958.59,False,True,ridge_spline
TR-044482,2025-10-09,Dry Van,1416.3,2973.63,2903.95,False,True,ridge_spline
TR-044483,2025-10-09,Dry Van,872.6,1956.4,1872.99,False,True,ridge_spline
TR-044484,2025-10-09,Reefer,716.8,1643.75,1671.88,False,True,ridge_spline
TR-044485,2025-10-09,Flatbed,282.8,811.54,826.24,False,True,ridge_spline
TR-044486,2025-10-09,Dry Van,355.2,802.51,811.49,False,True,ridge_spline
TR-044487,2025-10-09,Dry Van,1074.1,2089.95,2081.31,False,True,ridge_spline
TR-044488,2025-10-09,Reefer,781.4,1834.67,1831.18,False,True,ridge_spline
TR-044489,2025-10-09,Dry Van,386.0,841.52,870.19,False,True,ridge_spline
TR-044490,2025-10-09,Dry Van,2012.5,3969.29,3946.72,False,True,ridge_spline
TR-044491,2025-10-09,Dry Van,705.5,1521.83,1481.85,False,True,ridge_spline
TR-044492,2025-10-09,Dry Van,186.7,464.23,460.98,False,True,ridge_spline
TR-044493,2025-10-09,Dry Van,1059.5,2195.41,2158.14,False,True,ridge_spline
TR-044494,2025-10-09,Dry Van,954.8,1962.57,1968.09,False,True,ridge_spline
TR-044495,2025-10-09,Flatbed,359.8,905.33,915.06,False,True,ridge_spline
TR-044496,2025-10-09,Reefer,441.7,1125.21,1127.73,False,True,ridge_spline
TR-044497,2025-10-09,Reefer,3061.6,6610.87,6472.12,False,True,ridge_spline
TR-044498,2025-10-09,Dry Van,1427.1,2958.24,2932.75,False,True,ridge_spline
TR-044499,2025-10-09,Reefer,2652.5,5686.14,5521.98,False,True,ridge_spline
TR-044500,2025-10-09,Reefer,1494.7,3519.69,3507.99,False,False,ridge_spline
TR-044501,2025-10-09,Dry Van,2059.8,3828.39,3768.08,False,True,ridge_spline
TR-044502,2025-10-09,Dry Van,2162.5,4282.29,4231.71,False,True,ridge_spline
TR-044503,2025-10-09,Dry Van,650.2,5511.27,1400.36,True,True,ridge_spline
TR-044504,2025-10-09,Reefer,235.9,656.59,667.57,False,True,ridge_spline
TR-044505,2025-10-09,Dry Van,467.8,1044.29,1032.67,False,True,ridge_spline
TR-044506,2025-10-09,Flatbed,1190.1,2611.99,2666.16,False,True,ridge_spline
TR-044507,2025-10-09,Reefer,1680.5,3806.22,3891.57,False,True,ridge_spline
TR-044508,2025-10-09,Reefer,581.0,1457.28,1470.12,False,True,ridge_spline
TR-044509,2025-10-09,Flatbed,368.1,973.83,970.74,False,True,ridge_spline
TR-044510,2025-10-09,Reefer,831.4,1926.36,1908.31,False,True,ridge_spline
TR-044511,2025-10-09,Reefer,548.2,1431.35,1434.89,False,True,ridge_spline
TR-044512,2025-10-09,Flatbed,869.2,2149.17,2087.81,False,True,ridge_spline
TR-044513,2025-10-09,Dry Van,546.0,1241.75,1239.82,False,True,ridge_spline
TR-044514,2025-10-09,Dry Van,2763.2,5053.13,5071.24,False,True,ridge_spline
TR-044515,2025-10-09,Flatbed,383.6,958.28,926.87,False,True,ridge_spline
TR-044516,2025-10-09,Dry Van,512.3,1203.76,1191.19,False,True,ridge_spline
TR-044517,2025-10-09,Dry Van,1147.3,2237.63,2261.44,False,True,ridge_spline
TR-044518,2025-10-09,Dry Van,512.4,1117.48,1126.62,False,True,ridge_spline
TR-044519,2025-10-09,Flatbed,1696.1,3466.55,3546.31,False,True,ridge_spline
TR-044520,2025-10-09,Reefer,611.0,1571.77,1591.7,False,False,ridge_spline
TR-044521,2025-10-09,Reefer,778.6,1901.84,1907.02,False,True,ridge_spline
TR-044522,2025-10-09,Reefer,1135.0,2504.88,2531.42,False,True,ridge_spline
TR-044523,2025-10-09,Flatbed,223.0,611.91,603.88,False,False,ridge_spline
TR-044524,2025-10-09,Dry Van,310.0,2940.49,739.36,True,True,ridge_spline
TR-044525,2025-10-09,Dry Van,2016.7,3704.53,3649.57,False,True,ridge_spline
TR-044526,2025-10-09,Dry Van,476.7,1095.83,1072.6,False,True,ridge_spline
TR-044527,2025-10-09,Dry Van,2073.2,4016.71,4055.43,False,True,ridge_spline
TR-044528,2025-10-09,Dry Van,792.5,1701.51,1679.27,False,True,ridge_spline
TR-044529,2025-10-09,Reefer,2673.7,5687.25,5707.25,False,True,ridge_spline
TR-044530,2025-10-09,Reefer,2471.1,4901.87,4975.24,False,True,ridge_spline
TR-044531,2025-10-09,Flatbed,2254.9,4501.42,4478.81,False,True,ridge_spline
TR-044532,2025-10-09,Reefer,2194.2,4628.73,4659.49,False,True,ridge_spline
TR-044533,2025-10-09,Reefer,2205.7,5069.63,4884.22,False,True,ridge_spline
TR-044534,2025-10-09,Flatbed,1730.1,3540.21,3552.42,False,True,ridge_spline
TR-044535,2025-10-09,Dry Van,2012.3,3957.89,3952.02,False,True,ridge_spline
TR-044536,2025-10-09,Dry Van,2082.8,3939.62,3903.45,False,True,ridge_spline
TR-044537,2025-10-09,Dry Van,820.8,1639.77,1667.26,False,True,ridge_spline
TR-044538,2025-10-09,Dry Van,285.2,665.88,652.51,False,True,ridge_spline
TR-044539,2025-10-09,Dry Van,407.1,942.96,931.47,False,True,ridge_spline
TR-044540,2025-10-09,Dry Van,1270.4,2603.65,2599.45,False,True,ridge_spline
TR-044541,2025-10-09,Reefer,896.3,2071.76,2110.91,False,True,ridge_spline
TR-044542,2025-10-09,Dry Van,746.9,1691.61,1669.18,False,True,ridge_spline
TR-044543,2025-10-09,Dry Van,2308.3,4241.74,4380.36,False,True,ridge_spline
TR-044544,2025-10-09,Dry Van,1982.6,3757.74,3686.99,False,True,ridge_spline
TR-044545,2025-10-09,Dry Van,525.2,1152.84,1167.75,False,True,ridge_spline
TR-044546,2025-10-09,Dry Van,775.1,1789.11,1761.95,False,True,ridge_spline
TR-044547,2025-10-09,Dry Van,285.1,742.74,741.63,False,True,ridge_spline
TR-044548,2025-10-09,Dry Van,314.6,794.34,786.53,False,True,ridge_spline
TR-044549,2025-10-09,Dry Van,776.3,1612.45,1617.31,False,True,ridge_spline
TR-044550,2025-10-09,Flatbed,2025.9,4242.66,4218.22,False,True,ridge_spline
TR-044551,2025-10-09,Dry Van,880.1,1769.34,1765.82,False,True,ridge_spline
TR-044552,2025-10-09,Dry Van,641.8,1423.71,1384.41,False,True,ridge_spline
TR-044553,2025-10-09,Dry Van,711.4,1653.45,1615.28,False,True,ridge_spline
TR-044554,2025-10-09,Dry Van,988.9,2008.89,2001.4,False,True,ridge_spline
TR-044555,2025-10-09,Dry Van,439.5,1077.79,1096.76,False,True,ridge_spline
TR-044556,2025-10-09,Dry Van,455.6,367.67,1016.66,True,True,ridge_spline
TR-044557,2025-10-09,Flatbed,322.1,874.67,885.68,False,True,ridge_spline
TR-044558,2025-10-09,Reefer,312.9,856.91,839.11,False,True,ridge_spline
TR-044559,2025-10-09,Flatbed,2724.0,5584.9,5543.4,False,True,ridge_spline
TR-044560,2025-10-09,Dry Van,431.3,1059.7,1043.82,False,True,ridge_spline
TR-044561,2025-10-09,Reefer,1189.9,2781.77,2844.52,False,False,ridge_spline
TR-044562,2025-10-09,Dry Van,836.5,1776.94,1705.86,False,True,ridge_spline
TR-044563,2025-10-09,Dry Van,791.4,1556.42,1585.22,False,True,ridge_spline
TR-044564,2025-10-09,Flatbed,1021.1,2283.31,2285.78,False,True,ridge_spline
TR-044565,2025-10-09,Reefer,560.4,1484.72,1470.05,False,True,ridge_spline
TR-044566,2025-10-09,Flatbed,519.5,1264.57,1265.98,False,True,ridge_spline
TR-044567,2025-10-09,Dry Van,1154.0,2415.68,2382.4,False,True,ridge_spline
TR-044568,2025-10-09,Dry Van,82.8,231.71,227.95,False,True,ridge_spline
TR-044569,2025-10-09,Dry Van,1751.0,3521.35,3468.9,False,True,ridge_spline
TR-044570,2025-10-09,Dry Van,1156.8,2405.13,2381.87,False,True,ridge_spline
TR-044571,2025-10-09,Reefer,83.1,282.04,284.83,False,True,ridge_spline
TR-044572,2025-10-09,Dry Van,581.0,1163.86,1167.45,False,True,ridge_spline
TR-044573,2025-10-09,Dry Van,626.7,1445.85,1409.55,False,True,ridge_spline
TR-044574,2025-10-09,Dry Van,1689.3,3348.58,3300.62,False,True,ridge_spline
TR-044575,2025-10-09,Dry Van,140.5,396.7,397.97,False,True,ridge_spline
TR-044576,2025-10-09,Flatbed,2060.7,4226.48,4182.79,False,True,ridge_spline
TR-044577,2025-10-09,Dry Van,611.8,1415.91,1403.26,False,True,ridge_spline
TR-044578,2025-10-10,Reefer,2821.2,5360.52,5455.11,False,True,ridge_spline
TR-044579,2025-10-10,Flatbed,1061.4,2275.93,2285.81,False,True,ridge_spline
TR-044580,2025-10-10,Dry Van,793.1,1853.27,1781.31,False,True,ridge_spline
TR-044581,2025-10-10,Reefer,436.0,1128.32,1136.17,False,False,ridge_spline
TR-044582,2025-10-10,Dry Van,925.9,1898.58,1918.71,False,True,ridge_spline
TR-044583,2025-10-10,Dry Van,1794.9,3378.19,3307.87,False,True,ridge_spline
TR-044584,2025-10-10,Dry Van,451.0,1028.21,1024.19,False,True,ridge_spline
TR-044585,2025-10-10,Reefer,450.8,1244.46,1238.77,False,True,ridge_spline
TR-044586,2025-10-10,Reefer,975.1,2302.46,2239.12,False,True,ridge_spline
TR-044587,2025-10-10,Flatbed,1694.8,3759.04,3720.98,False,True,ridge_spline
TR-044588,2025-10-10,Dry Van,1126.9,2435.89,2371.8,False,True,ridge_spline
TR-044589,2025-10-10,Dry Van,1160.7,2421.18,2346.64,False,True,ridge_spline
TR-044590,2025-10-10,Reefer,1889.9,4254.93,4104.28,False,True,ridge_spline
TR-044591,2025-10-10,Dry Van,956.9,2033.38,2003.41,False,True,ridge_spline
TR-044592,2025-10-10,Dry Van,476.1,993.54,1014.93,False,True,ridge_spline
TR-044593,2025-10-10,Dry Van,368.8,789.41,793.45,False,True,ridge_spline
TR-044594,2025-10-10,Reefer,939.1,2242.33,2193.89,False,True,ridge_spline
TR-044595,2025-10-10,Flatbed,2164.4,4589.65,4468.24,False,True,ridge_spline
TR-044596,2025-10-10,Reefer,1475.2,3217.79,3260.24,False,True,ridge_spline
TR-044597,2025-10-10,Dry Van,1403.3,2864.16,2832.96,False,True,ridge_spline
TR-044598,2025-10-10,Reefer,951.6,2174.63,2108.59,False,True,ridge_spline
TR-044599,2025-10-10,Dry Van,1136.1,2343.86,2349.27,False,True,ridge_spline
TR-044600,2025-10-10,Dry Van,2294.4,4335.83,4368.19,False,True,ridge_spline
TR-044601,2025-10-10,Reefer,1737.0,3522.2,3604.63,False,True,ridge_spline
TR-044602,2025-10-10,Dry Van,388.0,915.66,894.25,False,True,ridge_spline
TR-044603,2025-10-10,Reefer,1134.6,2507.38,2526.65,False,False,ridge_spline
TR-044604,2025-10-10,Flatbed,1791.8,3614.88,3676.47,False,True,ridge_spline
TR-044605,2025-10-10,Flatbed,941.5,2154.79,2159.39,False,False,ridge_spline
TR-044606,2025-10-10,Flatbed,2752.5,5539.54,5553.49,False,True,ridge_spline
TR-044607,2025-10-10,Dry Van,1985.6,3574.14,3515.84,False,True,ridge_spline
TR-044608,2025-10-10,Dry Van,1031.6,1984.11,2027.52,False,True,ridge_spline
TR-044609,2025-10-10,Reefer,1787.3,4085.99,3876.2,False,True,ridge_spline
TR-044610,2025-10-10,Dry Van,1650.0,3224.7,3228.95,False,True,ridge_spline
TR-044611,2025-10-10,Dry Van,1979.1,3692.86,3678.97,False,True,ridge_spline
TR-044612,2025-10-10,Reefer,1625.9,3564.26,3587.38,False,True,ridge_spline
TR-044613,2025-10-10,Dry Van,1295.1,2527.85,2444.73,False,True,ridge_spline
TR-044614,2025-10-10,Reefer,307.6,2094.59,891.1,True,True,ridge_spline
TR-044615,2025-10-10,Dry Van,540.2,1264.94,1268.9,False,True,ridge_spline
TR-044616,2025-10-10,Dry Van,1060.8,2194.61,2156.17,False,True,ridge_spline
TR-044617,2025-10-10,Dry Van,2161.9,4045.17,4007.29,False,True,ridge_spline
TR-044618,2025-10-10,Reefer,1829.1,3893.83,3848.73,False,True,ridge_spline
TR-044619,2025-10-10,Flatbed,689.3,1653.38,1659.64,False,False,ridge_spline
TR-044620,2025-10-10,Flatbed,2026.0,4118.68,4158.37,False,True,ridge_spline
TR-044621,2025-10-10,Flatbed,2051.9,4176.34,4127.84,False,True,ridge_spline
TR-044622,2025-10-10,Dry Van,1074.6,2062.28,2112.46,False,True,ridge_spline
TR-044623,2025-10-10,Reefer,730.3,1806.72,1771.88,False,True,ridge_spline
TR-044624,2025-10-10,Dry Van,2708.6,4782.29,4744.7,False,True,ridge_spline
TR-044625,2025-10-10,Dry Van,681.8,1473.33,1472.22,False,True,ridge_spline
TR-044626,2025-10-10,Reefer,611.3,1562.83,1516.79,False,True,ridge_spline
TR-044627,2025-10-10,Reefer,919.7,2032.95,2004.42,False,True,ridge_spline
TR-044628,2025-10-10,Reefer,1820.1,3836.59,3788.36,False,True,ridge_spline
TR-044629,2025-10-10,Flatbed,2011.1,4088.24,4132.05,False,False,ridge_spline
TR-044630,2025-10-10,Dry Van,1702.5,3500.41,3383.03,False,True,ridge_spline
TR-044631,2025-10-10,Dry Van,823.1,1738.92,1741.94,False,True,ridge_spline
TR-044632,2025-10-10,Flatbed,2797.9,5899.4,5739.35,False,True,ridge_spline
TR-044633,2025-10-10,Flatbed,1980.2,4160.02,4079.27,False,True,ridge_spline
TR-044634,2025-10-10,Reefer,2106.5,4594.27,4438.3,False,True,ridge_spline
TR-044635,2025-10-10,Flatbed,431.3,960.78,972.41,False,True,ridge_spline
TR-044636,2025-10-10,Dry Van,1401.6,2855.05,2835.12,False,False,ridge_spline
TR-044637,2025-10-10,Dry Van,153.4,379.54,375.37,False,True,ridge_spline
TR-044638,2025-10-10,Flatbed,457.6,1199.69,1170.41,False,False,ridge_spline
TR-044639,2025-10-10,Dry Van,968.9,2093.43,2067.24,False,True,ridge_spline
TR-044640,2025-10-10,Reefer,2692.2,5694.27,5593.22,False,True,ridge_spline
TR-044641,2025-10-10,Flatbed,1887.2,3828.99,3800.02,False,True,ridge_spline
TR-044642,2025-10-10,Reefer,1829.7,3758.85,3795.37,False,True,ridge_spline
TR-044643,2025-10-10,Flatbed,2821.0,5681.14,5591.81,False,False,ridge_spline
TR-044644,2025-10-10,Dry Van,347.8,803.07,778.33,False,True,ridge_spline
TR-044645,2025-10-10,Dry Van,769.4,1590.39,1566.64,False,True,ridge_spline
TR-044646,2025-10-10,Dry Van,1708.9,3398.84,3474.91,False,True,ridge_spline
TR-044647,2025-10-10,Dry Van,2672.2,4761.97,4627.67,False,True,ridge_spline
TR-044648,2025-10-10,Flatbed,1316.7,2890.9,2793.4,False,True,ridge_spline
TR-044649,2025-10-10,Reefer,324.1,866.98,881.25,False,True,ridge_spline
TR-044650,2025-10-10,Dry Van,1265.9,2545.24,2487.82,False,True,ridge_spline
TR-044651,2025-10-10,Reefer,1042.9,2601.44,2510.38,False,True,ridge_spline
TR-044652,2025-10-10,Dry Van,517.5,1283.49,1239.56,False,True,ridge_spline
TR-044653,2025-10-10,Dry Van,615.0,1327.27,1321.01,False,True,ridge_spline
TR-044654,2025-10-10,Flatbed,952.6,2213.71,2284.0,False,True,ridge_spline
TR-044655,2025-10-10,Dry Van,1177.0,2460.2,2486.54,False,True,ridge_spline
TR-044656,2025-10-10,Reefer,272.9,798.7,790.53,False,True,ridge_spline
TR-044657,2025-10-10,Dry Van,383.0,906.37,899.58,False,True,ridge_spline
TR-044658,2025-10-10,Dry Van,1376.4,2636.13,2663.14,False,True,ridge_spline
TR-044659,2025-10-10,Dry Van,500.7,1146.59,1160.77,False,True,ridge_spline
TR-044660,2025-10-10,Dry Van,672.6,1430.83,1408.41,False,True,ridge_spline
TR-044661,2025-10-10,Dry Van,1189.8,2381.74,2380.19,False,True,ridge_spline
TR-044662,2025-10-10,Flatbed,821.5,1862.97,1825.13,False,True,ridge_spline
TR-044663,2025-10-10,Dry Van,246.4,634.08,616.73,False,True,ridge_spline
TR-044664,2025-10-10,Dry Van,333.1,877.06,843.32,False,True,ridge_spline
TR-044665,2025-10-10,Flatbed,1094.2,2343.09,2430.88,False,True,ridge_spline
TR-044666,2025-10-10,Dry Van,292.3,770.02,764.45,False,True,ridge_spline
TR-044667,2025-10-10,Dry Van,514.2,1180.98,1183.87,False,True,ridge_spline
TR-044668,2025-10-10,Dry Van,1140.1,2260.68,2291.19,False,True,ridge_spline
TR-044669,2025-10-10,Reefer,1627.4,3613.73,3661.16,False,True,ridge_spline
TR-044670,2025-10-10,Dry Van,656.4,1431.42,1392.06,False,True,ridge_spline
TR-044671,2025-10-10,Dry Van,444.7,200.31,1017.15,True,True,ridge_spline
TR-044672,2025-10-10,Dry Van,1475.4,2740.91,2794.6,False,True,ridge_spline
TR-044673,2025-10-10,Dry Van,1540.1,3052.02,3087.21,False,True,ridge_spline
TR-044674,2025-10-10,Dry Van,1781.8,3638.92,3581.96,False,True,ridge_spline
TR-044675,2025-10-10,Dry Van,1709.6,3223.52,3215.19,False,True,ridge_spline
TR-044676,2025-10-10,Reefer,2440.1,5148.13,5152.27,False,True,ridge_spline
TR-044677,2025-10-10,Reefer,3094.1,6336.16,6221.6,False,True,ridge_spline
TR-044678,2025-10-10,Dry Van,692.6,1505.85,1460.38,False,True,ridge_spline
TR-044679,2025-10-10,Dry Van,1237.2,2540.67,2516.83,False,True,ridge_spline
TR-044680,2025-10-10,Dry Van,627.3,1331.84,1302.2,False,True,ridge_spline
TR-044681,2025-10-10,Dry Van,750.3,1633.71,1556.39,False,True,ridge_spline
TR-044682,2025-10-10,Flatbed,1978.5,4065.44,4010.07,False,True,ridge_spline
TR-044683,2025-10-10,Reefer,1177.8,2737.93,2831.48,False,True,ridge_spline
TR-044684,2025-10-10,Dry Van,540.8,1092.65,1149.19,False,True,ridge_spline
TR-044685,2025-10-10,Dry Van,2496.8,4871.12,4860.78,False,True,ridge_spline
TR-044686,2025-10-10,Dry Van,545.7,1190.14,1185.18,False,True,ridge_spline
TR-044687,2025-10-10,Dry Van,389.5,905.9,874.62,False,True,ridge_spline
TR-044688,2025-10-10,Dry Van,384.7,875.41,884.04,False,True,ridge_spline
TR-044689,2025-10-10,Flatbed,899.3,2080.96,2137.13,False,True,ridge_spline
TR-044690,2025-10-10,Flatbed,1501.1,3355.91,3294.32,False,True,ridge_spline
TR-044691,2025-10-10,Flatbed,1064.8,2357.78,2329.85,False,True,ridge_spline
TR-044692,2025-10-10,Reefer,1672.5,3711.34,3731.64,False,True,ridge_spline
TR-044693,2025-10-10,Dry Van,914.1,362.69,1771.74,True,True,ridge_spline
TR-044694,2025-10-10,Flatbed,1827.8,3873.54,3739.98,False,True,ridge_spline
TR-044695,2025-10-10,Dry Van,371.2,833.33,818.95,False,True,ridge_spline
TR-044696,2025-10-10,Dry Van,1316.1,2599.36,2564.87,False,True,ridge_spline
TR-044697,2025-10-10,Dry Van,1011.5,2073.63,2042.14,False,True,ridge_spline
TR-044698,2025-10-10,Dry Van,329.2,838.28,827.14,False,True,ridge_spline
TR-044699,2025-10-10,Dry Van,418.7,961.44,959.99,False,True,ridge_spline
TR-044700,2025-10-10,Reefer,712.6,1654.14,1644.65,False,True,ridge_spline
TR-044701,2025-10-10,Dry Van,877.8,1747.88,1735.07,False,False,ridge_spline
TR-044702,2025-10-10,Flatbed,250.7,710.97,715.78,False,False,ridge_spline
TR-044703,2025-10-10,Reefer,201.7,610.44,603.92,False,True,ridge_spline
TR-044704,2025-10-10,Dry Van,548.2,1258.79,1240.27,False,True,ridge_spline
TR-044705,2025-10-10,Dry Van,836.9,1787.06,1743.28,False,True,ridge_spline
TR-044706,2025-10-10,Dry Van,238.2,637.89,632.46,False,True,ridge_spline
TR-044707,2025-10-10,Reefer,976.1,2339.21,2324.29,False,True,ridge_spline
TR-044708,2025-10-10,Dry Van,773.3,1608.79,1549.66,False,True,ridge_spline
TR-044709,2025-10-10,Dry Van,2027.2,3775.5,3704.73,False,True,ridge_spline
TR-044710,2025-10-10,Dry Van,461.2,1003.34,1000.0,False,True,ridge_spline
TR-044711,2025-10-10,Dry Van,525.4,1226.9,1240.18,False,True,ridge_spline
TR-044712,2025-10-10,Dry Van,1952.7,3849.77,3732.37,False,True,ridge_spline
TR-044713,2025-10-10,Dry Van,579.4,1328.5,1311.85,False,True,ridge_spline
TR-044714,2025-10-10,Dry Van,1122.4,2169.55,2163.58,False,True,ridge_spline
TR-044715,2025-10-10,Flatbed,956.0,2089.85,2072.12,False,False,ridge_spline
TR-044716,2025-10-10,Dry Van,940.7,1909.37,1886.94,False,True,ridge_spline
TR-044717,2025-10-10,Dry Van,1838.9,3714.5,3663.65,False,True,ridge_spline
TR-044718,2025-10-10,Dry Van,749.8,1525.78,1515.38,False,True,ridge_spline
TR-044719,2025-10-10,Dry Van,1536.8,3046.89,2997.39,False,False,ridge_spline
TR-044720,2025-10-10,Reefer,973.7,2290.09,2250.81,False,True,ridge_spline
TR-044721,2025-10-10,Dry Van,1663.5,3221.15,3213.14,False,True,ridge_spline
TR-044722,2025-10-10,Dry Van,586.5,1288.83,1261.09,False,True,ridge_spline
TR-044723,2025-10-10,Dry Van,1234.4,2573.69,2571.77,False,True,ridge_spline
TR-044724,2025-10-10,Reefer,722.3,1717.37,1708.06,False,True,ridge_spline
TR-044725,2025-10-10,Flatbed,863.0,1955.02,1947.02,False,False,ridge_spline
TR-044726,2025-10-10,Dry Van,861.2,1835.97,1849.74,False,True,ridge_spline
TR-044727,2025-10-10,Dry Van,2061.9,3745.12,3747.63,False,True,ridge_spline
TR-044728,2025-10-10,Dry Van,315.7,750.33,726.27,False,True,ridge_spline
TR-044729,2025-10-10,Dry Van,1689.5,3518.45,3432.53,False,True,ridge_spline
TR-044730,2025-10-10,Flatbed,1659.7,3543.04,3425.48,False,True,ridge_spline
TR-044731,2025-10-11,Flatbed,2134.7,4130.04,4184.6,False,True,ridge_spline
TR-044732,2025-10-11,Dry Van,952.7,2066.18,2022.57,False,True,ridge_spline
TR-044733,2025-10-11,Reefer,1877.8,3996.28,3981.89,False,True,ridge_spline
TR-044734,2025-10-11,Reefer,922.3,2143.64,2107.84,False,True,ridge_spline
TR-044735,2025-10-11,Dry Van,1218.3,2526.69,2499.72,False,True,ridge_spline
TR-044736,2025-10-11,Dry Van,655.2,1451.28,1422.74,False,True,ridge_spline
TR-044737,2025-10-11,Dry Van,246.2,624.8,626.54,False,True,ridge_spline
TR-044738,2025-10-11,Reefer,1939.9,4266.12,4121.82,False,True,ridge_spline
TR-044739,2025-10-11,Dry Van,627.8,1446.63,1410.54,False,True,ridge_spline
TR-044740,2025-10-11,Dry Van,781.7,1659.78,1642.62,False,True,ridge_spline
TR-044741,2025-10-11,Flatbed,212.2,592.16,586.84,False,True,ridge_spline
TR-044742,2025-10-11,Dry Van,1995.0,3718.09,3677.72,False,True,ridge_spline
TR-044743,2025-10-11,Flatbed,1182.9,2569.64,2596.14,False,True,ridge_spline
TR-044744,2025-10-11,Reefer,1731.4,3529.82,3607.12,False,False,ridge_spline
TR-044745,2025-10-11,Flatbed,398.9,995.91,996.38,False,True,ridge_spline
TR-044746,2025-10-11,Dry Van,1220.0,2469.04,2509.41,False,True,ridge_spline
TR-044747,2025-10-11,Dry Van,533.4,1185.3,1175.73,False,True,ridge_spline
TR-044748,2025-10-11,Dry Van,586.5,1222.96,1256.98,False,True,ridge_spline
TR-044749,2025-10-11,Flatbed,332.3,830.84,815.06,False,True,ridge_spline
TR-044750,2025-10-11,Reefer,817.3,1833.98,1884.43,False,True,ridge_spline
TR-044751,2025-10-11,Reefer,2241.6,4593.62,4570.72,False,True,ridge_spline
TR-044752,2025-10-11,Dry Van,253.3,576.81,581.53,False,True,ridge_spline
TR-044753,2025-10-11,Flatbed,1247.9,2696.69,2694.3,False,True,ridge_spline
TR-044754,2025-10-11,Dry Van,1499.4,2900.53,2950.27,False,True,ridge_spline
TR-044755,2025-10-11,Dry Van,582.0,1409.03,1348.72,False,True,ridge_spline
TR-044756,2025-10-11,Flatbed,114.6,330.59,322.57,False,True,ridge_spline
TR-044757,2025-10-11,Dry Van,1249.6,2634.45,2555.43,False,True,ridge_spline
TR-044758,2025-10-11,Dry Van,1591.9,3226.88,3121.4,False,True,ridge_spline
TR-044759,2025-10-11,Dry Van,710.5,1539.47,1481.61,False,True,ridge_spline
TR-044760,2025-10-11,Flatbed,524.0,1278.47,1276.59,False,True,ridge_spline
TR-044761,2025-10-11,Flatbed,468.3,1171.99,1185.54,False,True,ridge_spline
TR-044762,2025-10-11,Reefer,220.4,652.79,641.41,False,True,ridge_spline
TR-044763,2025-10-11,Reefer,1054.5,2435.68,2454.09,False,True,ridge_spline
TR-044764,2025-10-11,Dry Van,464.4,1097.91,1076.39,False,True,ridge_spline
TR-044765,2025-10-11,Reefer,1131.8,2539.48,2514.49,False,False,ridge_spline
TR-044766,2025-10-11,Dry Van,446.3,1029.56,1027.95,False,True,ridge_spline
TR-044767,2025-10-11,Dry Van,1172.6,2369.47,2351.19,False,True,ridge_spline
TR-044768,2025-10-11,Dry Van,995.6,2008.85,2012.0,False,True,ridge_spline
TR-044769,2025-10-11,Flatbed,768.6,1774.03,1775.72,False,True,ridge_spline
TR-044770,2025-10-11,Reefer,1620.0,3453.25,3532.24,False,True,ridge_spline
TR-044771,2025-10-11,Dry Van,590.0,1450.86,1387.91,False,True,ridge_spline
TR-044772,2025-10-11,Flatbed,2089.2,4264.86,4299.01,False,True,ridge_spline
TR-044773,2025-10-11,Dry Van,997.0,1850.81,1932.31,False,True,ridge_spline
TR-044774,2025-10-11,Dry Van,1623.4,3135.88,3072.46,False,True,ridge_spline
TR-044775,2025-10-11,Dry Van,313.8,765.24,743.19,False,True,ridge_spline
TR-044776,2025-10-11,Dry Van,1877.7,3622.4,3552.92,False,True,ridge_spline
TR-044777,2025-10-11,Dry Van,1008.7,2038.84,2055.39,False,True,ridge_spline
TR-044778,2025-10-11,Flatbed,2035.8,3969.34,4144.09,False,True,ridge_spline
TR-044779,2025-10-11,Dry Van,3031.5,5512.17,5462.34,False,True,ridge_spline
TR-044780,2025-10-11,Dry Van,1101.4,2181.21,2110.88,False,True,ridge_spline
TR-044781,2025-10-11,Dry Van,1035.2,2154.25,2116.52,False,True,ridge_spline
TR-044782,2025-10-11,Dry Van,1293.8,2695.97,2599.29,False,True,ridge_spline
TR-044783,2025-10-11,Dry Van,2638.6,4912.78,4884.61,False,True,ridge_spline
TR-044784,2025-10-11,Flatbed,674.2,1551.1,1556.42,False,False,ridge_spline
TR-044785,2025-10-11,Dry Van,1981.9,3763.44,3720.96,False,True,ridge_spline
TR-044786,2025-10-11,Dry Van,2721.3,4836.65,4887.39,False,True,ridge_spline
TR-044787,2025-10-11,Dry Van,1415.2,2770.88,2770.46,False,True,ridge_spline
TR-044788,2025-10-11,Dry Van,609.9,1366.29,1357.39,False,True,ridge_spline
TR-044789,2025-10-11,Dry Van,2181.5,4022.24,3919.43,False,True,ridge_spline
TR-044790,2025-10-11,Dry Van,1641.8,3331.13,3258.13,False,True,ridge_spline
TR-044791,2025-10-11,Dry Van,539.8,1225.76,1168.81,False,True,ridge_spline
TR-044792,2025-10-11,Dry Van,374.2,913.55,882.08,False,True,ridge_spline
TR-044793,2025-10-11,Dry Van,2074.4,4235.01,4146.11,False,True,ridge_spline
TR-044794,2025-10-11,Reefer,304.8,815.47,804.59,False,True,ridge_spline
TR-044795,2025-10-11,Reefer,1237.2,2868.54,2834.53,False,False,ridge_spline
TR-044796,2025-10-11,Reefer,308.5,843.59,854.54,False,True,ridge_spline
TR-044797,2025-10-11,Reefer,957.4,2296.11,2254.3,False,True,ridge_spline
TR-044798,2025-10-11,Dry Van,1447.6,2811.96,2806.26,False,True,ridge_spline
TR-044799,2025-10-11,Dry Van,1179.2,2415.75,2332.48,False,True,ridge_spline
TR-044800,2025-10-11,Dry Van,1426.2,2823.06,2829.48,False,True,ridge_spline
TR-044801,2025-10-11,Dry Van,310.9,745.09,748.18,False,True,ridge_spline
TR-044802,2025-10-11,Dry Van,1012.6,2086.52,2059.93,False,True,ridge_spline
TR-044803,2025-10-11,Dry Van,136.3,374.65,382.99,False,True,ridge_spline
TR-044804,2025-10-11,Flatbed,1012.8,2215.66,2156.86,False,True,ridge_spline
TR-044805,2025-10-11,Reefer,1131.2,2603.08,2609.33,False,True,ridge_spline
TR-044806,2025-10-11,Flatbed,750.1,1687.27,1640.09,False,True,ridge_spline
TR-044807,2025-10-11,Dry Van,1076.8,2232.09,2249.97,False,True,ridge_spline
TR-044808,2025-10-11,Reefer,2594.3,5298.97,5304.17,False,True,ridge_spline
TR-044809,2025-10-11,Reefer,1261.1,2749.99,2783.96,False,True,ridge_spline
TR-044810,2025-10-11,Dry Van,402.3,954.62,941.93,False,True,ridge_spline
TR-044811,2025-10-11,Flatbed,1454.8,2995.69,2974.28,False,True,ridge_spline
TR-044812,2025-10-11,Dry Van,1071.3,2266.03,2246.36,False,True,ridge_spline
TR-044813,2025-10-11,Dry Van,547.0,1260.72,1248.15,False,True,ridge_spline
TR-044814,2025-10-11,Dry Van,760.0,1530.36,1525.48,False,True,ridge_spline
TR-044815,2025-10-11,Flatbed,1331.7,2836.3,2785.31,False,True,ridge_spline
TR-044816,2025-10-11,Reefer,2136.4,4245.61,4414.72,False,True,ridge_spline
TR-044817,2025-10-11,Dry Van,683.3,1560.25,1487.21,False,True,ridge_spline
TR-044818,2025-10-11,Dry Van,502.5,1092.72,1113.62,False,True,ridge_spline
TR-044819,2025-10-11,Reefer,791.3,1765.53,1742.02,False,True,ridge_spline
TR-044820,2025-10-11,Dry Van,1080.2,2297.87,2205.42,False,True,ridge_spline
TR-044821,2025-10-11,Dry Van,371.9,845.88,837.97,False,True,ridge_spline
TR-044822,2025-10-11,Dry Van,730.1,1429.24,1427.4,False,True,ridge_spline
TR-044823,2025-10-11,Dry Van,1193.6,2375.68,2412.3,False,True,ridge_spline
TR-044824,2025-10-11,Flatbed,730.2,1693.39,1655.08,False,False,ridge_spline
TR-044825,2025-10-11,Dry Van,329.2,850.11,819.85,False,True,ridge_spline
TR-044826,2025-10-11,Flatbed,1190.0,2482.78,2455.79,False,False,ridge_spline
TR-044827,2025-10-11,Dry Van,2204.7,4042.27,4118.23,False,True,ridge_spline
TR-044828,2025-10-11,Dry Van,749.7,1656.01,1630.89,False,True,ridge_spline
TR-044829,2025-10-11,Dry Van,323.6,743.88,737.94,False,True,ridge_spline
TR-044830,2025-10-11,Dry Van,2734.6,4972.57,4944.08,False,True,ridge_spline
TR-044831,2025-10-11,Reefer,1055.3,2476.8,2438.86,False,True,ridge_spline
TR-044832,2025-10-11,Flatbed,1056.0,2236.15,2233.25,False,True,ridge_spline
TR-044833,2025-10-11,Dry Van,200.6,574.74,558.13,False,True,ridge_spline
TR-044834,2025-10-11,Flatbed,802.3,1861.31,1885.65,False,True,ridge_spline
TR-044835,2025-10-11,Reefer,694.5,1599.63,1631.13,False,True,ridge_spline
TR-044836,2025-10-11,Dry Van,2296.4,4403.49,4461.61,False,True,ridge_spline
TR-044837,2025-10-11,Dry Van,1430.1,2854.96,2928.11,False,True,ridge_spline
TR-044838,2025-10-11,Flatbed,355.4,931.92,937.94,False,True,ridge_spline
TR-044839,2025-10-11,Dry Van,1008.9,2033.84,1975.85,False,True,ridge_spline
TR-044840,2025-10-11,Dry Van,181.3,502.51,484.95,False,True,ridge_spline
TR-044841,2025-10-11,Dry Van,978.0,1954.46,2018.13,False,True,ridge_spline
TR-044842,2025-10-11,Dry Van,603.2,1326.6,1328.52,False,True,ridge_spline
TR-044843,2025-10-11,Dry Van,428.0,1007.0,986.52,False,True,ridge_spline
TR-044844,2025-10-11,Flatbed,239.2,692.79,702.13,False,True,ridge_spline
TR-044845,2025-10-11,Flatbed,718.0,1611.87,1589.96,False,False,ridge_spline
TR-044846,2025-10-11,Dry Van,549.8,1215.94,1191.37,False,True,ridge_spline
TR-044847,2025-10-11,Reefer,2374.8,5148.98,5100.43,False,True,ridge_spline
TR-044848,2025-10-11,Dry Van,1000.7,2077.18,2032.31,False,True,ridge_spline
TR-044849,2025-10-11,Dry Van,816.1,1808.89,1778.76,False,True,ridge_spline
TR-044850,2025-10-11,Dry Van,1994.0,4011.46,3914.61,False,True,ridge_spline
TR-044851,2025-10-11,Dry Van,315.9,749.86,749.12,False,True,ridge_spline
TR-044852,2025-10-11,Flatbed,431.3,1039.91,1018.83,False,True,ridge_spline
TR-044853,2025-10-11,Dry Van,559.0,1146.55,1120.09,False,True,ridge_spline
TR-044854,2025-10-11,Dry Van,135.0,355.43,359.88,False,True,ridge_spline
TR-044855,2025-10-11,Dry Van,1563.3,3116.69,3087.62,False,True,ridge_spline
TR-044856,2025-10-11,Dry Van,457.5,1097.0,1103.29,False,True,ridge_spline
TR-044857,2025-10-11,Reefer,1598.5,3693.98,3629.15,False,True,ridge_spline
TR-044858,2025-10-11,Reefer,1353.2,3019.09,3028.67,False,False,ridge_spline
TR-044859,2025-10-11,Flatbed,603.9,1376.4,1373.62,False,True,ridge_spline
TR-044860,2025-10-11,Flatbed,369.8,938.27,946.87,False,True,ridge_spline
TR-044861,2025-10-11,Dry Van,1407.7,2823.1,2771.99,False,False,ridge_spline
TR-044862,2025-10-11,Dry Van,2209.0,3892.95,3872.11,False,True,ridge_spline
TR-044863,2025-10-11,Reefer,1176.7,2514.31,2566.54,False,True,ridge_spline
TR-044864,2025-10-11,Dry Van,856.5,1722.2,1702.45,False,True,ridge_spline
TR-044865,2025-10-11,Flatbed,1646.5,3391.39,3316.04,False,True,ridge_spline
TR-044866,2025-10-11,Reefer,429.0,1201.66,1168.64,False,False,ridge_spline
TR-044867,2025-10-11,Dry Van,2798.8,4879.73,4935.66,False,True,ridge_spline
TR-044868,2025-10-11,Dry Van,619.8,1401.87,1359.85,False,True,ridge_spline
TR-044869,2025-10-11,Dry Van,750.3,1541.11,1514.16,False,True,ridge_spline
TR-044870,2025-10-11,Dry Van,1230.6,2345.48,2304.62,False,True,ridge_spline
TR-044871,2025-10-11,Reefer,1453.1,3189.26,3138.82,False,False,ridge_spline
TR-044872,2025-10-11,Dry Van,751.3,1523.39,1494.69,False,True,ridge_spline
TR-044873,2025-10-11,Reefer,983.5,2187.08,2204.25,False,True,ridge_spline
TR-044874,2025-10-11,Flatbed,1409.1,2896.66,3008.68,False,False,ridge_spline
TR-044875,2025-10-11,Flatbed,706.9,1585.01,1613.34,False,True,ridge_spline
TR-044876,2025-10-12,Dry Van,506.5,1180.75,1162.05,False,True,ridge_spline
TR-044877,2025-10-12,Dry Van,803.1,1651.48,1647.96,False,True,ridge_spline
TR-044878,2025-10-12,Dry Van,1366.6,2915.51,2801.94,False,True,ridge_spline
TR-044879,2025-10-12,Dry Van,2146.4,4106.96,4002.29,False,True,ridge_spline
TR-044880,2025-10-12,Reefer,369.3,972.47,944.5,False,True,ridge_spline
TR-044881,2025-10-12,Dry Van,951.7,1839.31,1872.0,False,True,ridge_spline
TR-044882,2025-10-12,Reefer,1833.2,3962.35,3890.7,False,True,ridge_spline
TR-044883,2025-10-12,Flatbed,1195.8,2680.49,2665.35,False,True,ridge_spline
TR-044884,2025-10-12,Dry Van,819.2,1681.22,1713.02,False,True,ridge_spline
TR-044885,2025-10-12,Dry Van,610.2,1312.85,1304.94,False,True,ridge_spline
TR-044886,2025-10-12,Reefer,352.7,958.68,954.73,False,True,ridge_spline
TR-044887,2025-10-12,Dry Van,2144.2,3864.18,3836.04,False,True,ridge_spline
TR-044888,2025-10-12,Reefer,1854.4,3843.11,3840.12,False,True,ridge_spline
TR-044889,2025-10-12,Dry Van,2755.5,4837.8,4713.8,False,True,ridge_spline
TR-044890,2025-10-12,Dry Van,1415.1,2799.64,2789.88,False,True,ridge_spline
TR-044891,2025-10-12,Dry Van,546.7,432.52,1257.51,True,True,ridge_spline
TR-044892,2025-10-12,Reefer,961.7,2329.16,2304.11,False,False,ridge_spline
TR-044893,2025-10-12,Dry Van,1578.1,3231.04,3192.79,False,True,ridge_spline
TR-044894,2025-10-12,Flatbed,621.0,1505.96,1480.18,False,False,ridge_spline
TR-044895,2025-10-12,Reefer,505.3,1172.21,1180.98,False,True,ridge_spline
TR-044896,2025-10-12,Flatbed,1907.0,3753.51,3750.97,False,True,ridge_spline
TR-044897,2025-10-12,Dry Van,638.6,1449.56,1437.35,False,True,ridge_spline
TR-044898,2025-10-12,Reefer,571.6,1316.22,1308.29,False,False,ridge_spline
TR-044899,2025-10-12,Reefer,684.5,1556.89,1567.15,False,True,ridge_spline
TR-044900,2025-10-12,Reefer,1329.5,3117.01,3082.89,False,True,ridge_spline
TR-044901,2025-10-12,Dry Van,852.8,1732.05,1713.37,False,True,ridge_spline
TR-044902,2025-10-12,Dry Van,1130.2,2452.86,2360.1,False,True,ridge_spline
TR-044903,2025-10-12,Flatbed,544.6,1167.24,1185.73,False,False,ridge_spline
TR-044904,2025-10-12,Dry Van,339.2,796.65,795.78,False,True,ridge_spline
TR-044905,2025-10-12,Dry Van,1806.9,3608.45,3545.82,False,True,ridge_spline
TR-044906,2025-10-12,Flatbed,769.1,1577.46,1608.81,False,True,ridge_spline
TR-044907,2025-10-12,Reefer,989.7,2122.59,2169.91,False,True,ridge_spline
TR-044908,2025-10-12,Reefer,631.5,1620.62,1601.32,False,True,ridge_spline
TR-044909,2025-10-12,Dry Van,467.4,974.16,967.7,False,True,ridge_spline
TR-044910,2025-10-12,Reefer,2327.0,4812.85,4784.3,False,True,ridge_spline
TR-044911,2025-10-12,Dry Van,2398.8,4265.2,4434.5,False,True,ridge_spline
TR-044912,2025-10-12,Dry Van,315.5,746.79,725.94,False,True,ridge_spline
TR-044913,2025-10-12,Reefer,1132.3,2585.31,2528.46,False,True,ridge_spline
TR-044914,2025-10-12,Reefer,803.8,1979.4,1922.7,False,True,ridge_spline
TR-044915,2025-10-12,Dry Van,329.1,792.03,783.97,False,True,ridge_spline
TR-044916,2025-10-12,Reefer,1721.1,3526.26,3540.91,False,True,ridge_spline
TR-044917,2025-10-12,Flatbed,439.2,1101.8,1083.96,False,True,ridge_spline
TR-044918,2025-10-12,Reefer,1977.2,4145.89,4181.2,False,True,ridge_spline
TR-044919,2025-10-12,Flatbed,1032.9,2252.88,2246.69,False,False,ridge_spline
TR-044920,2025-10-12,Dry Van,583.3,1295.02,1265.42,False,True,ridge_spline
TR-044921,2025-10-12,Reefer,214.0,629.25,629.59,False,False,ridge_spline
TR-044922,2025-10-12,Dry Van,346.6,766.12,772.46,False,True,ridge_spline
TR-044923,2025-10-12,Dry Van,1884.8,3712.11,3627.91,False,True,ridge_spline
TR-044924,2025-10-12,Reefer,2012.6,4374.85,4263.3,False,True,ridge_spline
TR-044925,2025-10-12,Dry Van,2007.3,3853.08,3845.98,False,True,ridge_spline
TR-044926,2025-10-12,Reefer,1111.3,2593.74,2544.85,False,True,ridge_spline
TR-044927,2025-10-12,Reefer,774.5,1755.06,1741.35,False,True,ridge_spline
TR-044928,2025-10-12,Dry Van,786.3,1604.81,1563.38,False,True,ridge_spline
TR-044929,2025-10-12,Reefer,873.7,2067.28,2025.68,False,True,ridge_spline
TR-044930,2025-10-12,Dry Van,1296.3,2429.12,2436.23,False,False,ridge_spline
TR-044931,2025-10-12,Dry Van,1491.6,2897.41,2918.12,False,True,ridge_spline
TR-044932,2025-10-12,Dry Van,963.2,2020.05,2038.14,False,True,ridge_spline
TR-044933,2025-10-12,Dry Van,580.2,1222.18,1191.8,False,True,ridge_spline
TR-044934,2025-10-12,Flatbed,850.2,2026.79,2024.12,False,True,ridge_spline
TR-044935,2025-10-12,Flatbed,874.3,1802.29,1811.9,False,True,ridge_spline
TR-044936,2025-10-12,Dry Van,70.0,223.8,215.45,False,True,ridge_spline
TR-044937,2025-10-12,Reefer,1168.4,2480.64,2420.73,False,True,ridge_spline
TR-044938,2025-10-12,Dry Van,325.1,775.68,761.66,False,True,ridge_spline
TR-044939,2025-10-12,Reefer,1196.6,2807.38,2753.82,False,True,ridge_spline
TR-044940,2025-10-12,Dry Van,935.2,1904.64,1857.04,False,True,ridge_spline
TR-044941,2025-10-12,Dry Van,1245.4,2344.65,2388.06,False,True,ridge_spline
TR-044942,2025-10-12,Dry Van,1240.3,2284.16,2246.24,False,True,ridge_spline
TR-044943,2025-10-12,Dry Van,1546.2,2859.94,2868.28,False,True,ridge_spline
TR-044944,2025-10-12,Dry Van,2366.7,4523.92,4495.82,False,True,ridge_spline
TR-044945,2025-10-12,Dry Van,1880.4,3498.59,3569.47,False,True,ridge_spline
TR-044946,2025-10-12,Flatbed,2516.0,4783.76,4772.27,False,True,ridge_spline
TR-044947,2025-10-12,Reefer,1555.5,3322.62,3368.4,False,True,ridge_spline
TR-044948,2025-10-12,Reefer,1011.9,2199.27,2213.39,False,True,ridge_spline
TR-044949,2025-10-12,Reefer,938.8,2202.28,2181.9,False,True,ridge_spline
TR-044950,2025-10-12,Dry Van,2057.2,3819.25,3739.4,False,True,ridge_spline
TR-044951,2025-10-12,Dry Van,2411.9,4442.15,4339.4,False,True,ridge_spline
TR-044952,2025-10-12,Reefer,644.1,1592.63,1565.31,False,True,ridge_spline
TR-044953,2025-10-12,Reefer,557.5,1353.73,1341.42,False,True,ridge_spline
TR-044954,2025-10-12,Flatbed,1344.7,3049.31,2937.97,False,True,ridge_spline
TR-044955,2025-10-12,Dry Van,970.6,2060.7,2004.93,False,True,ridge_spline
TR-044956,2025-10-12,Dry Van,501.8,1090.6,1075.16,False,True,ridge_spline
TR-044957,2025-10-12,Dry Van,779.1,1665.24,1629.44,False,True,ridge_spline
TR-044958,2025-10-12,Dry Van,2634.3,4609.39,4697.77,False,True,ridge_spline
TR-044959,2025-10-12,Dry Van,700.4,1524.44,1488.69,False,True,ridge_spline
TR-044960,2025-10-12,Flatbed,647.5,1626.35,1601.07,False,True,ridge_spline
TR-044961,2025-10-12,Flatbed,861.6,1981.41,1948.05,False,True,ridge_spline
TR-044962,2025-10-12,Flatbed,179.4,502.61,494.77,False,True,ridge_spline
TR-044963,2025-10-12,Dry Van,445.0,1050.72,1008.25,False,True,ridge_spline
TR-044964,2025-10-12,Dry Van,2347.0,4121.83,4143.37,False,True,ridge_spline
TR-044965,2025-10-12,Dry Van,859.5,1868.9,1790.33,False,True,ridge_spline
TR-044966,2025-10-12,Dry Van,1576.7,3120.57,3023.03,False,True,ridge_spline
TR-044967,2025-10-12,Reefer,326.2,818.7,826.53,False,False,ridge_spline
TR-044968,2025-10-12,Flatbed,668.0,1487.88,1513.5,False,True,ridge_spline
TR-044969,2025-10-12,Flatbed,311.9,849.59,846.43,False,True,ridge_spline
TR-044970,2025-10-12,Reefer,1608.0,3464.77,3415.18,False,True,ridge_spline
TR-044971,2025-10-12,Dry Van,1357.4,2384.04,2522.38,False,True,ridge_spline
TR-044972,2025-10-12,Dry Van,2666.9,4665.83,4616.33,False,True,ridge_spline
TR-044973,2025-10-12,Dry Van,2269.7,4210.88,4195.69,False,True,ridge_spline
TR-044974,2025-10-12,Flatbed,208.3,593.57,581.95,False,True,ridge_spline
TR-044975,2025-10-12,Dry Van,2291.8,4123.49,4318.99,False,True,ridge_spline
TR-044976,2025-10-12,Dry Van,322.1,786.08,785.75,False,False,ridge_spline
TR-044977,2025-10-12,Dry Van,525.9,1089.89,1115.75,False,True,ridge_spline
TR-044978,2025-10-12,Dry Van,2052.3,3945.78,3958.43,False,True,ridge_spline
TR-044979,2025-10-12,Reefer,1598.2,3500.91,3433.2,False,True,ridge_spline
TR-044980,2025-10-12,Dry Van,1019.8,2147.73,2094.05,False,True,ridge_spline
TR-044981,2025-10-12,Dry Van,489.0,983.62,986.72,False,True,ridge_spline
TR-044982,2025-10-12,Reefer,948.6,2081.43,2150.87,False,True,ridge_spline
TR-044983,2025-10-12,Reefer,612.5,313.05,1458.29,True,True,ridge_spline
TR-044984,2025-10-12,Reefer,560.4,1381.56,1376.0,False,True,ridge_spline
TR-044985,2025-10-12,Dry Van,128.4,352.69,348.33,False,True,ridge_spline
TR-044986,2025-10-12,Dry Van,921.1,1775.61,1812.2,False,True,ridge_spline
TR-044987,2025-10-12,Dry Van,1385.1,2815.42,2748.27,False,True,ridge_spline
TR-044988,2025-10-12,Dry Van,1184.3,2413.61,2319.86,False,False,ridge_spline
TR-044989,2025-10-12,Dry Van,809.7,1658.07,1638.81,False,True,ridge_spline
TR-044990,2025-10-12,Flatbed,850.6,1805.16,1841.42,False,True,ridge_spline
TR-044991,2025-10-12,Reefer,1044.0,2588.9,2493.01,False,True,ridge_spline
TR-044992,2025-10-12,Dry Van,1272.4,2366.64,2384.04,False,True,ridge_spline
TR-044993,2025-10-12,Dry Van,686.5,1431.36,1415.77,False,True,ridge_spline
TR-044994,2025-10-12,Reefer,350.6,864.2,851.55,False,True,ridge_spline
TR-044995,2025-10-12,Dry Van,523.5,1150.82,1145.09,False,True,ridge_spline
TR-044996,2025-10-12,Flatbed,2571.0,4984.52,4952.87,False,True,ridge_spline
TR-044997,2025-10-12,Reefer,1497.1,3322.65,3217.03,False,True,ridge_spline
TR-044998,2025-10-12,Dry Van,456.0,1079.12,1064.0,False,True,ridge_spline
TR-044999,2025-10-12,Reefer,1812.2,3867.4,3947.55,False,True,ridge_spline
TR-045000,2025-10-12,Reefer,334.0,945.35,915.92,False,True,ridge_spline
TR-045001,2025-10-12,Flatbed,2879.7,5730.73,5638.75,False,True,ridge_spline
TR-045002,2025-10-12,Reefer,1041.5,2294.83,2304.04,False,True,ridge_spline
TR-045003,2025-10-12,Dry Van,648.8,1383.94,1342.56,False,True,ridge_spline
TR-045004,2025-10-12,Dry Van,1620.9,3086.31,3099.87,False,True,ridge_spline
TR-045005,2025-10-12,Reefer,1103.4,2404.85,2378.06,False,True,ridge_spline
TR-045006,2025-10-12,Dry Van,423.7,986.83,966.41,False,True,ridge_spline
TR-045007,2025-10-12,Reefer,2015.4,4289.52,4390.15,False,True,ridge_spline
TR-045008,2025-10-12,Reefer,295.8,841.8,823.46,False,True,ridge_spline
TR-045009,2025-10-12,Dry Van,766.3,1618.21,1607.37,False,True,ridge_spline
TR-045010,2025-10-12,Dry Van,315.4,754.57,731.66,False,True,ridge_spline
TR-045011,2025-10-12,Dry Van,2007.3,3683.59,3716.82,False,True,ridge_spline
TR-045012,2025-10-12,Dry Van,471.7,1055.09,1041.49,False,True,ridge_spline
TR-045013,2025-10-12,Dry Van,1547.1,2762.18,2775.89,False,True,ridge_spline
TR-045014,2025-10-12,Reefer,863.8,2187.12,2110.31,False,True,ridge_spline
TR-045015,2025-10-12,Dry Van,1230.9,2335.28,2360.78,False,True,ridge_spline
TR-045016,2025-10-12,Dry Van,1244.3,2617.89,2561.83,False,True,ridge_spline
TR-045017,2025-10-12,Flatbed,839.3,1872.51,1865.22,False,True,ridge_spline
TR-045018,2025-10-12,Dry Van,1172.6,2281.0,2291.46,False,True,ridge_spline
TR-045019,2025-10-12,Dry Van,1553.7,3022.71,2948.85,False,True,ridge_spline
TR-045020,2025-10-12,Reefer,1091.3,2392.62,2442.74,False,True,ridge_spline
TR-045021,2025-10-12,Dry Van,828.4,1658.02,1692.39,False,True,ridge_spline
TR-045022,2025-10-12,Flatbed,2304.8,1384.9,4568.11,True,True,ridge_spline
TR-045023,2025-10-12,Flatbed,1670.1,3319.48,3345.08,False,True,ridge_spline
TR-045024,2025-10-12,Reefer,433.4,3362.18,1133.94,True,True,ridge_spline
TR-045025,2025-10-12,Dry Van,492.9,1067.05,1037.01,False,True,ridge_spline
TR-045026,2025-10-12,Reefer,1675.4,3341.53,3380.17,False,True,ridge_spline
TR-045027,2025-10-12,Reefer,1246.6,2778.71,2762.81,False,False,ridge_spline
TR-045028,2025-10-12,Dry Van,763.0,1565.85,1533.26,False,True,ridge_spline
TR-045029,2025-10-12,Dry Van,1349.9,2688.28,2634.34,False,True,ridge_spline
TR-045030,2025-10-12,Flatbed,563.3,1216.24,1186.0,False,True,ridge_spline
TR-045031,2025-10-12,Dry Van,1221.9,2555.23,2498.85,False,True,ridge_spline
TR-045032,2025-10-13,Dry Van,3062.2,5345.38,5254.98,False,True,ridge_spline
TR-045033,2025-10-13,Reefer,1029.6,2284.89,2292.2,False,True,ridge_spline
TR-045034,2025-10-13,Dry Van,204.2,514.9,509.71,False,True,ridge_spline
TR-045035,2025-10-13,Dry Van,1312.8,2543.97,2531.85,False,True,ridge_spline
TR-045036,2025-10-13,Flatbed,633.1,1451.04,1414.05,False,True,ridge_spline
TR-045037,2025-10-13,Reefer,556.7,1369.27,1349.42,False,True,ridge_spline
TR-045038,2025-10-13,Dry Van,1367.9,2571.86,2614.93,False,True,ridge_spline
TR-045039,2025-10-13,Dry Van,2180.1,3988.55,3884.88,False,True,ridge_spline
TR-045040,2025-10-13,Dry Van,268.3,638.18,627.08,False,True,ridge_spline
TR-045041,2025-10-13,Dry Van,1765.1,3640.18,3475.47,False,True,ridge_spline
TR-045042,2025-10-13,Flatbed,534.2,1355.62,1326.02,False,True,ridge_spline
TR-045043,2025-10-13,Flatbed,1878.1,3927.57,3803.33,False,True,ridge_spline
TR-045044,2025-10-13,Dry Van,2311.7,4503.52,4412.83,False,True,ridge_spline
TR-045045,2025-10-13,Flatbed,826.2,1849.17,1840.81,False,True,ridge_spline
TR-045046,2025-10-13,Flatbed,2471.3,4879.94,4894.38,False,True,ridge_spline
TR-045047,2025-10-13,Dry Van,1299.7,2605.57,2611.8,False,True,ridge_spline
TR-045048,2025-10-13,Reefer,1119.3,2474.28,2446.58,False,False,ridge_spline
TR-045049,2025-10-13,Dry Van,1401.3,2777.82,2680.21,False,True,ridge_spline
TR-045050,2025-10-13,Dry Van,2086.2,3819.0,3779.51,False,True,ridge_spline
TR-045051,2025-10-13,Reefer,1828.1,3824.2,3952.39,False,True,ridge_spline
TR-045052,2025-10-13,Reefer,2442.4,4974.03,4942.44,False,False,ridge_spline
TR-045053,2025-10-13,Reefer,229.4,700.87,704.41,False,False,ridge_spline
TR-045054,2025-10-13,Dry Van,1214.7,2315.28,2331.29,False,True,ridge_spline
TR-045055,2025-10-13,Dry Van,898.1,1829.25,1775.13,False,True,ridge_spline
TR-045056,2025-10-13,Dry Van,1602.4,3162.14,3062.33,False,True,ridge_spline
TR-045057,2025-10-13,Dry Van,496.9,1143.08,1105.59,False,True,ridge_spline
TR-045058,2025-10-13,Dry Van,199.9,519.54,517.94,False,True,ridge_spline
TR-045059,2025-10-13,Dry Van,1450.0,3007.71,2963.55,False,True,ridge_spline
TR-045060,2025-10-13,Reefer,420.9,183.77,1053.98,True,True,ridge_spline
TR-045061,2025-10-13,Reefer,220.1,627.77,621.76,False,False,ridge_spline
TR-045062,2025-10-13,Dry Van,741.5,1637.63,1594.03,False,True,ridge_spline
TR-045063,2025-10-13,Reefer,214.6,614.9,620.0,False,True,ridge_spline
TR-045064,2025-10-13,Dry Van,317.0,742.08,740.89,False,True,ridge_spline
TR-045065,2025-10-13,Dry Van,1932.6,3874.45,3789.63,False,True,ridge_spline
TR-045066,2025-10-13,Dry Van,2869.2,5162.77,5152.84,False,True,ridge_spline
TR-045067,2025-10-13,Dry Van,751.7,1471.76,1483.81,False,True,ridge_spline
TR-045068,2025-10-13,Dry Van,168.4,477.88,472.67,False,True,ridge_spline
TR-045069,2025-10-13,Flatbed,431.5,1067.9,1068.76,False,True,ridge_spline
TR-045070,2025-10-13,Dry Van,1600.5,3050.52,2999.3,False,True,ridge_spline
TR-045071,2025-10-13,Dry Van,1297.6,2695.24,2609.29,False,True,ridge_spline
TR-045072,2025-10-13,Dry Van,1161.0,2331.4,2276.79,False,True,ridge_spline
TR-045073,2025-10-13,Dry Van,321.9,778.13,761.85,False,True,ridge_spline
TR-045074,2025-10-13,Dry Van,1205.1,2334.39,2311.64,False,False,ridge_spline
TR-045075,2025-10-13,Dry Van,254.7,679.14,648.36,False,True,ridge_spline
TR-045076,2025-10-13,Flatbed,522.6,1291.98,1294.13,False,True,ridge_spline
TR-045077,2025-10-13,Dry Van,783.8,1628.59,1626.79,False,True,ridge_spline
TR-045078,2025-10-13,Reefer,2947.1,5863.45,5866.74,False,True,ridge_spline
TR-045079,2025-10-13,Dry Van,619.7,1337.68,1366.21,False,True,ridge_spline
TR-045080,2025-10-13,Flatbed,394.7,931.92,926.71,False,True,ridge_spline
TR-045081,2025-10-13,Reefer,1859.8,4140.0,4015.6,False,True,ridge_spline
TR-045082,2025-10-13,Reefer,1597.1,3580.57,3596.7,False,True,ridge_spline
TR-045083,2025-10-13,Dry Van,936.9,2047.91,1949.81,False,True,ridge_spline
TR-045084,2025-10-13,Dry Van,1183.2,2338.47,2359.53,False,True,ridge_spline
TR-045085,2025-10-13,Reefer,113.9,372.04,365.91,False,True,ridge_spline
TR-045086,2025-10-13,Flatbed,2183.1,4530.94,4419.5,False,True,ridge_spline
TR-045087,2025-10-13,Reefer,307.6,861.67,859.72,False,False,ridge_spline
TR-045088,2025-10-13,Flatbed,2440.7,4729.73,4728.85,False,True,ridge_spline
TR-045089,2025-10-13,Dry Van,2104.6,3758.58,3753.61,False,True,ridge_spline
TR-045090,2025-10-13,Reefer,1177.9,2652.84,2652.39,False,True,ridge_spline
TR-045091,2025-10-13,Dry Van,184.1,507.81,486.72,False,True,ridge_spline
TR-045092,2025-10-13,Reefer,2075.6,4601.77,4469.17,False,True,ridge_spline
TR-045093,2025-10-13,Dry Van,442.2,1045.18,1015.59,False,True,ridge_spline
TR-045094,2025-10-13,Reefer,1032.2,2337.81,2345.26,False,True,ridge_spline
TR-045095,2025-10-13,Dry Van,1758.3,3264.47,3195.13,False,True,ridge_spline
TR-045096,2025-10-13,Dry Van,1950.6,3551.29,3582.18,False,True,ridge_spline
TR-045097,2025-10-13,Dry Van,523.4,1176.17,1169.16,False,True,ridge_spline
TR-045098,2025-10-13,Dry Van,2173.4,3810.77,3857.25,False,True,ridge_spline
TR-045099,2025-10-13,Dry Van,475.1,1086.76,1068.87,False,True,ridge_spline
TR-045100,2025-10-13,Dry Van,706.5,1564.31,1531.14,False,True,ridge_spline
TR-045101,2025-10-13,Dry Van,2305.2,4398.08,4397.29,False,True,ridge_spline
TR-045102,2025-10-13,Dry Van,1364.1,2582.85,2554.23,False,True,ridge_spline
TR-045103,2025-10-13,Dry Van,830.3,1736.01,1700.52,False,True,ridge_spline
TR-045104,2025-10-13,Reefer,1704.1,3530.07,3521.89,False,True,ridge_spline
TR-045105,2025-10-13,Dry Van,937.9,1887.2,1822.22,False,True,ridge_spline
TR-045106,2025-10-13,Dry Van,1015.5,2038.66,2039.9,False,True,ridge_spline
TR-045107,2025-10-13,Dry Van,558.6,1147.88,1169.92,False,True,ridge_spline
TR-045108,2025-10-13,Reefer,1241.1,2699.37,2696.66,False,True,ridge_spline
TR-045109,2025-10-13,Reefer,2296.3,4629.26,4638.53,False,True,ridge_spline
TR-045110,2025-10-13,Flatbed,911.4,1925.69,2021.74,False,False,ridge_spline
TR-045111,2025-10-13,Dry Van,1327.6,2573.36,2544.02,False,True,ridge_spline
TR-045112,2025-10-13,Reefer,1038.1,2479.0,2447.15,False,True,ridge_spline
TR-045113,2025-10-13,Dry Van,589.9,1408.07,1375.96,False,True,ridge_spline
TR-045114,2025-10-13,Dry Van,3011.9,5515.8,5450.11,False,True,ridge_spline
TR-045115,2025-10-13,Reefer,2487.1,4991.89,5132.13,False,True,ridge_spline
TR-045116,2025-10-13,Dry Van,2690.8,4805.58,4705.65,False,True,ridge_spline
TR-045117,2025-10-13,Dry Van,1425.4,2895.96,2837.8,False,True,ridge_spline
TR-045118,2025-10-13,Reefer,602.2,1542.88,1489.0,False,True,ridge_spline
TR-045119,2025-10-13,Reefer,380.2,928.48,946.89,False,True,ridge_spline
TR-045120,2025-10-13,Dry Van,790.6,1624.97,1656.28,False,True,ridge_spline
TR-045121,2025-10-13,Reefer,769.0,1854.11,1834.49,False,True,ridge_spline
TR-045122,2025-10-13,Dry Van,1979.1,3627.39,3548.41,False,True,ridge_spline
TR-045123,2025-10-13,Flatbed,1482.9,2959.16,2967.11,False,True,ridge_spline
TR-045124,2025-10-13,Reefer,1057.2,2495.79,2487.51,False,True,ridge_spline
TR-045125,2025-10-13,Reefer,443.2,1162.83,1144.87,False,True,ridge_spline
TR-045126,2025-10-13,Flatbed,753.5,1607.11,1623.51,False,True,ridge_spline
TR-045127,2025-10-13,Dry Van,1806.8,3303.37,3269.56,False,True,ridge_spline
TR-045128,2025-10-13,Flatbed,467.5,1117.74,1108.56,False,True,ridge_spline
TR-045129,2025-10-13,Flatbed,1839.1,3823.1,3902.73,False,True,ridge_spline
TR-045130,2025-10-13,Reefer,483.9,1153.36,1151.06,False,False,ridge_spline
TR-045131,2025-10-13,Flatbed,3189.1,6251.85,6240.18,False,True,ridge_spline
TR-045132,2025-10-13,Dry Van,1521.5,3069.85,3056.04,False,True,ridge_spline
TR-045133,2025-10-13,Reefer,1188.3,2719.91,2595.4,False,True,ridge_spline
TR-045134,2025-10-13,Flatbed,360.1,944.34,936.24,False,True,ridge_spline
TR-045135,2025-10-13,Reefer,1358.6,3009.58,3028.07,False,True,ridge_spline
TR-045136,2025-10-13,Dry Van,953.5,2065.35,2050.91,False,True,ridge_spline
TR-045137,2025-10-13,Flatbed,818.2,1701.25,1730.07,False,True,ridge_spline
TR-045138,2025-10-13,Dry Van,239.7,589.41,584.89,False,True,ridge_spline
TR-045139,2025-10-13,Flatbed,1950.8,4187.86,4048.06,False,True,ridge_spline
TR-045140,2025-10-13,Dry Van,1841.1,3426.52,3381.58,False,True,ridge_spline
TR-045141,2025-10-13,Dry Van,416.4,1003.29,991.44,False,True,ridge_spline
TR-045142,2025-10-13,Dry Van,395.0,949.32,914.54,False,True,ridge_spline
TR-045143,2025-10-13,Dry Van,384.6,908.3,897.18,False,True,ridge_spline
TR-045144,2025-10-13,Dry Van,702.7,1653.52,1575.91,False,True,ridge_spline
TR-045145,2025-10-13,Dry Van,2181.6,3991.15,3892.21,False,True,ridge_spline
TR-045146,2025-10-13,Dry Van,502.3,1210.01,1198.95,False,True,ridge_spline
TR-045147,2025-10-13,Flatbed,1278.3,2705.75,2722.57,False,True,ridge_spline
TR-045148,2025-10-13,Flatbed,2057.2,4211.86,4297.32,False,True,ridge_spline
TR-045149,2025-10-13,Dry Van,1947.8,3885.41,3770.29,False,True,ridge_spline
TR-045150,2025-10-13,Dry Van,2729.1,4872.9,4801.62,False,True,ridge_spline
TR-045151,2025-10-13,Dry Van,804.1,1557.7,1525.92,False,True,ridge_spline
TR-045152,2025-10-13,Reefer,983.8,2345.5,2310.49,False,True,ridge_spline
TR-045153,2025-10-13,Reefer,788.7,1810.54,1811.39,False,True,ridge_spline
TR-045154,2025-10-13,Dry Van,1496.3,2950.89,2958.32,False,True,ridge_spline
TR-045155,2025-10-13,Dry Van,521.8,1109.09,1109.59,False,True,ridge_spline
TR-045156,2025-10-13,Dry Van,2648.2,5016.22,4868.22,False,True,ridge_spline
TR-045157,2025-10-13,Dry Van,302.1,718.33,723.51,False,True,ridge_spline
TR-045158,2025-10-13,Dry Van,1060.0,2128.49,2015.51,False,True,ridge_spline
TR-045159,2025-10-13,Flatbed,719.4,1654.44,1643.19,False,True,ridge_spline
TR-045160,2025-10-13,Reefer,1683.0,3596.69,3667.94,False,True,ridge_spline
TR-045161,2025-10-13,Dry Van,999.8,1892.28,1900.91,False,True,ridge_spline
TR-045162,2025-10-13,Dry Van,742.3,1498.67,1479.22,False,True,ridge_spline
TR-045163,2025-10-13,Dry Van,739.8,1447.88,1473.23,False,True,ridge_spline
TR-045164,2025-10-13,Dry Van,939.5,1947.82,1886.77,False,True,ridge_spline
TR-045165,2025-10-13,Dry Van,866.0,1811.29,1822.48,False,True,ridge_spline
TR-045166,2025-10-13,Dry Van,279.8,696.61,683.66,False,True,ridge_spline
TR-045167,2025-10-13,Flatbed,878.4,1829.6,1873.55,False,True,ridge_spline
TR-045168,2025-10-13,Dry Van,217.6,531.39,518.96,False,True,ridge_spline
TR-045169,2025-10-13,Dry Van,669.1,1498.22,1483.05,False,True,ridge_spline
TR-045170,2025-10-13,Dry Van,2297.0,4134.92,4087.79,False,True,ridge_spline
TR-045171,2025-10-13,Dry Van,1214.1,2469.17,2468.73,False,True,ridge_spline
TR-045172,2025-10-13,Reefer,449.2,1165.84,1141.66,False,True,ridge_spline
TR-045173,2025-10-13,Dry Van,1172.1,2342.66,2315.32,False,True,ridge_spline
TR-045174,2025-10-13,Dry Van,832.1,7004.3,1817.42,True,True,ridge_spline
TR-045175,2025-10-13,Reefer,590.4,1481.4,1485.51,False,True,ridge_spline
TR-045176,2025-10-13,Flatbed,839.3,1803.73,1789.78,False,True,ridge_spline
TR-045177,2025-10-13,Flatbed,720.9,1619.19,1626.09,False,True,ridge_spline
TR-045178,2025-10-13,Flatbed,682.2,1540.17,1547.67,False,True,ridge_spline
TR-045179,2025-10-13,Dry Van,858.0,1688.42,1636.51,False,True,ridge_spline
TR-045180,2025-10-13,Dry Van,1458.9,2903.7,2925.91,False,True,ridge_spline
TR-045181,2025-10-13,Dry Van,1199.0,2351.62,2389.51,False,True,ridge_spline
TR-045182,2025-10-13,Dry Van,95.5,275.01,276.49,False,True,ridge_spline
TR-045183,2025-10-13,Reefer,2818.8,5708.0,5685.07,False,True,ridge_spline
TR-045184,2025-10-13,Dry Van,138.6,388.7,381.71,False,True,ridge_spline
TR-045185,2025-10-13,Reefer,810.5,2101.26,2037.01,False,True,ridge_spline
TR-045186,2025-10-13,Dry Van,2091.2,3914.01,3831.82,False,True,ridge_spline
TR-045187,2025-10-13,Dry Van,476.7,1027.96,1035.63,False,True,ridge_spline
TR-045188,2025-10-13,Dry Van,802.7,1649.6,1620.09,False,True,ridge_spline
TR-045189,2025-10-13,Flatbed,450.5,1181.37,1160.61,False,True,ridge_spline
TR-045190,2025-10-14,Reefer,1200.7,2777.11,2719.14,False,True,ridge_spline
TR-045191,2025-10-14,Reefer,751.7,1786.77,1776.26,False,True,ridge_spline
TR-045192,2025-10-14,Dry Van,556.5,1211.92,1220.47,False,True,ridge_spline
TR-045193,2025-10-14,Dry Van,898.9,1880.41,1863.3,False,True,ridge_spline
TR-045194,2025-10-14,Reefer,1149.3,2469.79,2441.23,False,True,ridge_spline
TR-045195,2025-10-14,Dry Van,1257.7,2463.58,2407.35,False,True,ridge_spline
TR-045196,2025-10-14,Dry Van,395.5,839.33,843.95,False,True,ridge_spline
TR-045197,2025-10-14,Reefer,207.9,603.72,634.18,False,True,ridge_spline
TR-045198,2025-10-14,Reefer,1005.2,2240.31,2304.13,False,True,ridge_spline
TR-045199,2025-10-14,Reefer,2563.3,5388.1,5418.72,False,True,ridge_spline
TR-045200,2025-10-14,Dry Van,452.9,1046.59,1029.04,False,True,ridge_spline
TR-045201,2025-10-14,Dry Van,1498.1,3073.46,3045.71,False,True,ridge_spline
TR-045202,2025-10-14,Dry Van,671.9,1475.73,1457.23,False,True,ridge_spline
TR-045203,2025-10-14,Flatbed,1218.3,2723.01,2717.54,False,True,ridge_spline
TR-045204,2025-10-14,Dry Van,1359.3,2826.14,2753.85,False,True,ridge_spline
TR-045205,2025-10-14,Dry Van,1115.9,2164.07,2136.47,False,True,ridge_spline
TR-045206,2025-10-14,Dry Van,1446.5,2844.66,2795.45,False,True,ridge_spline
TR-045207,2025-10-14,Flatbed,2910.9,5648.65,5670.73,False,True,ridge_spline
TR-045208,2025-10-14,Dry Van,1598.5,2990.4,3006.38,False,True,ridge_spline
TR-045209,2025-10-14,Dry Van,431.7,924.87,938.63,False,True,ridge_spline
TR-045210,2025-10-14,Reefer,444.6,1277.01,1244.4,False,True,ridge_spline
TR-045211,2025-10-14,Dry Van,1805.5,3408.35,3391.28,False,True,ridge_spline
TR-045212,2025-10-14,Flatbed,523.1,1262.44,1265.37,False,True,ridge_spline
TR-045213,2025-10-14,Flatbed,856.1,2066.58,2033.53,False,True,ridge_spline
TR-045214,2025-10-14,Reefer,1957.0,4318.52,4240.52,False,True,ridge_spline
TR-045215,2025-10-14,Reefer,746.2,1743.83,1725.98,False,False,ridge_spline
TR-045216,2025-10-14,Dry Van,758.9,1511.26,1523.94,False,True,ridge_spline
TR-045217,2025-10-14,Dry Van,583.0,1343.75,1330.88,False,True,ridge_spline
TR-045218,2025-10-14,Dry Van,613.4,1285.24,1256.87,False,True,ridge_spline
TR-045219,2025-10-14,Reefer,1869.2,4291.19,4161.08,False,True,ridge_spline
TR-045220,2025-10-14,Reefer,1926.1,4115.08,4049.99,False,True,ridge_spline
TR-045221,2025-10-14,Dry Van,1732.1,3166.71,3165.53,False,True,ridge_spline
TR-045222,2025-10-14,Reefer,560.3,1432.87,1395.33,False,True,ridge_spline
TR-045223,2025-10-14,Flatbed,2698.0,5133.96,5203.42,False,True,ridge_spline
TR-045224,2025-10-14,Dry Van,1610.8,3217.94,3116.97,False,True,ridge_spline
TR-045225,2025-10-14,Reefer,2232.9,4875.19,4863.54,False,True,ridge_spline
TR-045226,2025-10-14,Reefer,1028.8,2435.4,2391.01,False,True,ridge_spline
TR-045227,2025-10-14,Dry Van,1611.3,3280.86,3242.68,False,True,ridge_spline
TR-045228,2025-10-14,Dry Van,842.2,1645.01,1631.81,False,True,ridge_spline
TR-045229,2025-10-14,Dry Van,882.3,1846.41,1778.75,False,True,ridge_spline
TR-045230,2025-10-14,Reefer,310.2,868.43,885.32,False,True,ridge_spline
TR-045231,2025-10-14,Flatbed,2022.1,4145.97,4114.75,False,True,ridge_spline
TR-045232,2025-10-14,Dry Van,129.6,342.29,339.77,False,True,ridge_spline
TR-045233,2025-10-14,Dry Van,429.3,944.78,927.85,False,True,ridge_spline
TR-045234,2025-10-14,Dry Van,165.5,432.81,420.21,False,True,ridge_spline
TR-045235,2025-10-14,Reefer,884.0,2100.38,2178.79,False,True,ridge_spline
TR-045236,2025-10-14,Reefer,805.9,1913.71,1951.99,False,True,ridge_spline
TR-045237,2025-10-14,Reefer,2141.8,4637.6,4438.08,False,True,ridge_spline
TR-045238,2025-10-14,Flatbed,1973.7,3959.08,3990.26,False,True,ridge_spline
TR-045239,2025-10-14,Flatbed,117.0,335.52,328.91,False,True,ridge_spline
TR-045240,2025-10-14,Dry Van,365.0,876.72,846.89,False,True,ridge_spline
TR-045241,2025-10-14,Dry Van,334.0,834.23,802.57,False,True,ridge_spline
TR-045242,2025-10-14,Dry Van,421.8,976.69,923.11,False,True,ridge_spline
TR-045243,2025-10-14,Dry Van,1224.7,2517.9,2471.24,False,True,ridge_spline
TR-045244,2025-10-14,Dry Van,1468.8,2900.96,2857.97,False,True,ridge_spline
TR-045245,2025-10-14,Flatbed,1066.4,2291.8,2272.49,False,True,ridge_spline
TR-045246,2025-10-14,Dry Van,510.7,1109.5,1109.32,False,True,ridge_spline
TR-045247,2025-10-14,Flatbed,584.1,1404.53,1393.55,False,False,ridge_spline
TR-045248,2025-10-14,Reefer,744.5,1778.9,1766.29,False,True,ridge_spline
TR-045249,2025-10-14,Dry Van,279.6,672.87,673.4,False,False,ridge_spline
TR-045250,2025-10-14,Dry Van,2435.3,4492.99,4393.83,False,True,ridge_spline
TR-045251,2025-10-14,Dry Van,2058.7,3691.68,3640.8,False,True,ridge_spline
TR-045252,2025-10-14,Reefer,1947.0,4106.78,4100.35,False,True,ridge_spline
TR-045253,2025-10-14,Flatbed,1126.2,2400.42,2377.57,False,True,ridge_spline
TR-045254,2025-10-14,Dry Van,1443.3,2829.54,2766.18,False,True,ridge_spline
TR-045255,2025-10-14,Dry Van,450.9,1016.38,1006.61,False,True,ridge_spline
TR-045256,2025-10-14,Dry Van,940.2,2068.54,1983.8,False,True,ridge_spline
TR-045257,2025-10-14,Dry Van,985.0,1985.13,1978.21,False,True,ridge_spline
TR-045258,2025-10-14,Dry Van,1566.2,1068.71,3043.73,True,True,ridge_spline
TR-045259,2025-10-14,Flatbed,1778.0,3810.51,3738.06,False,True,ridge_spline
TR-045260,2025-10-14,Reefer,1274.6,2759.01,2749.35,False,True,ridge_spline
TR-045261,2025-10-14,Dry Van,2638.3,4823.0,4677.12,False,True,ridge_spline
TR-045262,2025-10-14,Flatbed,1479.3,3276.21,3139.12,False,False,ridge_spline
TR-045263,2025-10-14,Dry Van,1273.3,2572.11,2555.52,False,True,ridge_spline
TR-045264,2025-10-14,Dry Van,814.7,1654.43,1646.44,False,True,ridge_spline
TR-045265,2025-10-14,Dry Van,963.9,1917.02,1966.35,False,True,ridge_spline
TR-045266,2025-10-14,Dry Van,531.8,1283.37,1259.97,False,True,ridge_spline
TR-045267,2025-10-14,Dry Van,924.0,1880.86,1848.81,False,True,ridge_spline
TR-045268,2025-10-14,Dry Van,529.6,1237.67,1181.42,False,True,ridge_spline
TR-045269,2025-10-14,Reefer,797.5,1905.9,1902.1,False,True,ridge_spline
TR-045270,2025-10-14,Flatbed,646.9,1394.17,1421.73,False,True,ridge_spline
TR-045271,2025-10-14,Dry Van,1905.1,3737.58,3744.71,False,True,ridge_spline
TR-045272,2025-10-14,Reefer,330.1,870.04,858.28,False,True,ridge_spline
TR-045273,2025-10-14,Dry Van,1951.0,3980.47,3842.74,False,True,ridge_spline
TR-045274,2025-10-14,Flatbed,1963.8,4071.09,4060.51,False,True,ridge_spline
TR-045275,2025-10-14,Reefer,821.2,1882.03,1863.9,False,True,ridge_spline
TR-045276,2025-10-14,Dry Van,553.9,1209.75,1221.5,False,True,ridge_spline
TR-045277,2025-10-14,Dry Van,308.2,767.46,752.98,False,True,ridge_spline
TR-045278,2025-10-14,Reefer,761.0,1889.66,1847.76,False,True,ridge_spline
TR-045279,2025-10-14,Reefer,2658.5,5580.26,5482.91,False,True,ridge_spline
TR-045280,2025-10-14,Dry Van,418.8,968.58,960.28,False,True,ridge_spline
TR-045281,2025-10-14,Dry Van,310.7,770.73,766.37,False,True,ridge_spline
TR-045282,2025-10-14,Dry Van,837.0,1672.5,1643.17,False,True,ridge_spline
TR-045283,2025-10-14,Flatbed,1648.6,3460.38,3466.72,False,True,ridge_spline
TR-045284,2025-10-14,Dry Van,2237.7,4118.79,4165.74,False,True,ridge_spline
TR-045285,2025-10-14,Dry Van,803.3,1817.69,1789.16,False,True,ridge_spline
TR-045286,2025-10-14,Dry Van,1590.7,9208.2,3117.4,True,True,ridge_spline
TR-045287,2025-10-14,Reefer,1552.1,3437.7,3394.78,False,True,ridge_spline
TR-045288,2025-10-14,Dry Van,1275.1,2495.56,2563.87,False,True,ridge_spline
TR-045289,2025-10-14,Dry Van,448.6,994.05,978.17,False,True,ridge_spline
TR-045290,2025-10-14,Dry Van,685.1,1550.66,1529.92,False,True,ridge_spline
TR-045291,2025-10-14,Reefer,1021.7,2390.2,2369.92,False,True,ridge_spline
TR-045292,2025-10-14,Reefer,1253.9,2761.78,2799.53,False,True,ridge_spline
TR-045293,2025-10-14,Dry Van,2155.1,4010.82,4030.37,False,True,ridge_spline
TR-045294,2025-10-14,Reefer,862.2,2036.02,1990.58,False,True,ridge_spline
TR-045295,2025-10-14,Dry Van,891.0,1705.04,1783.15,False,True,ridge_spline
TR-045296,2025-10-14,Dry Van,2400.5,4648.25,4568.03,False,True,ridge_spline
TR-045297,2025-10-14,Flatbed,307.6,796.77,791.25,False,True,ridge_spline
TR-045298,2025-10-14,Dry Van,2375.4,4085.68,4286.48,False,True,ridge_spline
TR-045299,2025-10-14,Flatbed,667.3,1438.66,1444.18,False,True,ridge_spline
TR-045300,2025-10-14,Dry Van,1122.5,2203.15,2181.37,False,True,ridge_spline
TR-045301,2025-10-14,Reefer,1956.2,4441.37,4350.08,False,True,ridge_spline
TR-045302,2025-10-14,Reefer,1146.3,2615.32,2531.3,False,True,ridge_spline
TR-045303,2025-10-14,Dry Van,796.6,1653.73,1633.93,False,True,ridge_spline
TR-045304,2025-10-14,Reefer,2045.1,4599.84,4471.74,False,True,ridge_spline
TR-045305,2025-10-14,Flatbed,1081.7,2241.93,2266.71,False,False,ridge_spline
TR-045306,2025-10-14,Dry Van,557.7,1162.93,1168.34,False,True,ridge_spline
TR-045307,2025-10-14,Flatbed,1837.8,3923.5,3814.11,False,True,ridge_spline
TR-045308,2025-10-14,Reefer,571.0,1356.86,1368.76,False,True,ridge_spline
TR-045309,2025-10-14,Dry Van,70.0,211.65,212.08,False,True,ridge_spline
TR-045310,2025-10-14,Dry Van,1017.7,2034.11,2082.59,False,True,ridge_spline
TR-045311,2025-10-14,Reefer,706.8,1752.33,1745.04,False,True,ridge_spline
TR-045312,2025-10-14,Flatbed,1488.0,3322.69,3276.3,False,True,ridge_spline
TR-045313,2025-10-14,Dry Van,1113.0,2466.99,2385.9,False,True,ridge_spline
TR-045314,2025-10-14,Dry Van,830.3,1718.44,1713.75,False,True,ridge_spline
TR-045315,2025-10-14,Flatbed,1045.7,2108.3,2159.18,False,True,ridge_spline
TR-045316,2025-10-14,Flatbed,2042.4,4190.59,4251.23,False,True,ridge_spline
TR-045317,2025-10-14,Dry Van,1295.7,2555.1,2530.58,False,False,ridge_spline
TR-045318,2025-10-14,Dry Van,2140.7,3988.15,3941.31,False,True,ridge_spline
TR-045319,2025-10-14,Reefer,1045.9,2282.3,2302.71,False,True,ridge_spline
TR-045320,2025-10-14,Dry Van,948.2,1864.02,1928.71,False,True,ridge_spline
TR-045321,2025-10-14,Dry Van,2281.8,4309.49,4241.21,False,True,ridge_spline
TR-045322,2025-10-14,Dry Van,906.4,1945.1,1884.78,False,True,ridge_spline
TR-045323,2025-10-14,Reefer,2671.5,5493.16,5486.85,False,True,ridge_spline
TR-045324,2025-10-14,Dry Van,910.2,1952.91,1925.38,False,True,ridge_spline
TR-045325,2025-10-14,Dry Van,1527.6,2834.36,2881.36,False,True,ridge_spline
TR-045326,2025-10-14,Flatbed,490.4,1281.05,1266.56,False,True,ridge_spline
TR-045327,2025-10-14,Reefer,288.5,788.0,808.79,False,True,ridge_spline
TR-045328,2025-10-14,Dry Van,950.2,1874.94,1828.73,False,True,ridge_spline
TR-045329,2025-10-14,Dry Van,995.8,2027.7,2013.48,False,True,ridge_spline
TR-045330,2025-10-14,Dry Van,1715.0,3071.43,3158.66,False,True,ridge_spline
TR-045331,2025-10-14,Flatbed,1593.9,3532.28,3439.45,False,True,ridge_spline
TR-045332,2025-10-14,Reefer,291.6,753.38,773.69,False,True,ridge_spline
TR-045333,2025-10-14,Dry Van,1614.3,3193.71,3232.79,False,True,ridge_spline
TR-045334,2025-10-14,Dry Van,1722.7,3520.42,3443.46,False,True,ridge_spline
TR-045335,2025-10-14,Dry Van,666.3,1464.04,1437.9,False,False,ridge_spline
TR-045336,2025-10-14,Reefer,2864.4,5606.16,5580.76,False,True,ridge_spline
TR-045337,2025-10-14,Reefer,3084.8,6049.66,6062.2,False,True,ridge_spline
TR-045338,2025-10-14,Dry Van,1492.6,3055.38,2984.88,False,True,ridge_spline
TR-045339,2025-10-14,Dry Van,427.2,913.33,915.0,False,True,ridge_spline
TR-045340,2025-10-14,Reefer,213.4,616.61,622.73,False,True,ridge_spline
TR-045341,2025-10-14,Flatbed,2761.9,5064.85,5135.56,False,True,ridge_spline
TR-045342,2025-10-14,Dry Van,520.8,1176.84,1130.19,False,True,ridge_spline
TR-045343,2025-10-14,Reefer,1344.2,3065.85,3070.57,False,False,ridge_spline
TR-045344,2025-10-14,Dry Van,1678.5,3328.78,3274.56,False,True,ridge_spline
TR-045345,2025-10-14,Dry Van,342.5,804.05,795.54,False,True,ridge_spline
TR-045346,2025-10-14,Dry Van,889.0,1987.31,1937.26,False,True,ridge_spline
TR-045347,2025-10-14,Dry Van,1285.7,2500.22,2507.16,False,True,ridge_spline
TR-045348,2025-10-14,Flatbed,1949.8,4179.65,3983.16,False,True,ridge_spline
TR-045349,2025-10-15,Dry Van,844.3,1914.6,1876.52,False,True,ridge_spline
TR-045350,2025-10-15,Flatbed,619.5,1450.77,1447.78,False,True,ridge_spline
TR-045351,2025-10-15,Dry Van,975.0,2136.84,2113.16,False,True,ridge_spline
TR-045352,2025-10-15,Dry Van,904.1,1822.83,1782.34,False,True,ridge_spline
TR-045353,2025-10-15,Dry Van,441.5,932.17,927.43,False,True,ridge_spline
TR-045354,2025-10-15,Dry Van,525.4,1251.37,1248.44,False,True,ridge_spline
TR-045355,2025-10-15,Dry Van,1247.0,2684.76,2605.7,False,True,ridge_spline
TR-045356,2025-10-15,Dry Van,487.7,1123.71,1132.22,False,True,ridge_spline
TR-045357,2025-10-15,Flatbed,333.8,881.42,874.47,False,True,ridge_spline
TR-045358,2025-10-15,Reefer,516.9,1355.77,1333.36,False,True,ridge_spline
TR-045359,2025-10-15,Dry Van,526.0,1204.07,1183.79,False,True,ridge_spline
TR-045360,2025-10-15,Dry Van,366.1,861.53,874.16,False,True,ridge_spline
TR-045361,2025-10-15,Flatbed,473.2,1178.27,1170.93,False,False,ridge_spline
TR-045362,2025-10-15,Reefer,324.0,961.45,941.03,False,True,ridge_spline
TR-045363,2025-10-15,Reefer,1412.1,3272.45,3316.76,False,True,ridge_spline
TR-045364,2025-10-15,Reefer,2731.0,5462.43,5642.44,False,True,ridge_spline
TR-045365,2025-10-15,Dry Van,2680.5,5007.73,5089.08,False,True,ridge_spline
TR-045366,2025-10-15,Flatbed,716.2,1699.95,1639.03,False,False,ridge_spline
TR-045367,2025-10-15,Dry Van,327.9,779.9,760.57,False,True,ridge_spline
TR-045368,2025-10-15,Reefer,1180.2,2716.26,2660.14,False,True,ridge_spline
TR-045369,2025-10-15,Dry Van,2506.4,4877.5,4802.41,False,True,ridge_spline
TR-045370,2025-10-15,Dry Van,2886.1,5287.91,5136.74,False,True,ridge_spline
TR-045371,2025-10-15,Flatbed,372.1,1009.32,990.48,False,True,ridge_spline
TR-045372,2025-10-15,Flatbed,1763.5,3554.36,3698.57,False,True,ridge_spline
TR-045373,2025-10-15,Reefer,1598.8,3644.6,3608.37,False,True,ridge_spline
TR-045374,2025-10-15,Reefer,2596.3,5404.21,5296.79,False,True,ridge_spline
TR-045375,2025-10-15,Dry Van,745.8,1655.51,1547.17,False,True,ridge_spline
TR-045376,2025-10-15,Dry Van,550.4,1309.36,1253.95,False,True,ridge_spline
TR-045377,2025-10-15,Dry Van,2294.0,4165.83,4062.6,False,True,ridge_spline
TR-045378,2025-10-15,Dry Van,2171.2,4006.28,3990.74,False,True,ridge_spline
TR-045379,2025-10-15,Dry Van,450.9,1061.61,1063.42,False,True,ridge_spline
TR-045380,2025-10-15,Flatbed,1984.4,4242.9,4259.81,False,True,ridge_spline
TR-045381,2025-10-15,Dry Van,940.5,1951.97,1913.89,False,True,ridge_spline
TR-045382,2025-10-15,Flatbed,119.6,348.2,344.35,False,True,ridge_spline
TR-045383,2025-10-15,Reefer,324.7,834.92,813.54,False,True,ridge_spline
TR-045384,2025-10-15,Dry Van,2336.4,4519.53,4356.09,False,True,ridge_spline
TR-045385,2025-10-15,Reefer,684.3,1659.11,1620.95,False,True,ridge_spline
TR-045386,2025-10-15,Dry Van,570.4,1214.48,1221.26,False,True,ridge_spline
TR-045387,2025-10-15,Reefer,1006.6,2442.56,2318.97,False,True,ridge_spline
TR-045388,2025-10-15,Dry Van,1519.0,2936.44,2917.99,False,True,ridge_spline
TR-045389,2025-10-15,Dry Van,402.2,864.31,867.03,False,True,ridge_spline
TR-045390,2025-10-15,Dry Van,1877.7,3734.02,3597.53,False,True,ridge_spline
TR-045391,2025-10-15,Dry Van,2038.4,3996.08,4015.31,False,True,ridge_spline
TR-045392,2025-10-15,Reefer,673.9,1501.44,1525.39,False,True,ridge_spline
TR-045393,2025-10-15,Dry Van,1845.6,3618.32,3645.37,False,True,ridge_spline
TR-045394,2025-10-15,Dry Van,232.1,600.5,600.16,False,True,ridge_spline
TR-045395,2025-10-15,Dry Van,1172.7,2508.4,2434.22,False,True,ridge_spline
TR-045396,2025-10-15,Reefer,1136.6,2661.47,2682.03,False,True,ridge_spline
TR-045397,2025-10-15,Reefer,692.7,1813.6,1766.1,False,True,ridge_spline
TR-045398,2025-10-15,Dry Van,434.5,1056.38,1020.68,False,True,ridge_spline
TR-045399,2025-10-15,Reefer,70.0,216.75,219.29,False,True,ridge_spline
TR-045400,2025-10-15,Dry Van,911.1,1788.8,1795.42,False,True,ridge_spline
TR-045401,2025-10-15,Dry Van,580.0,1232.16,1250.25,False,True,ridge_spline
TR-045402,2025-10-15,Dry Van,338.5,853.57,841.29,False,True,ridge_spline
TR-045403,2025-10-15,Dry Van,688.2,1564.33,1544.37,False,True,ridge_spline
TR-045404,2025-10-15,Reefer,537.2,1378.98,1328.23,False,True,ridge_spline
TR-045405,2025-10-15,Flatbed,2289.8,4506.19,4415.05,False,False,ridge_spline
TR-045406,2025-10-15,Flatbed,663.2,1653.47,1639.76,False,True,ridge_spline
TR-045407,2025-10-15,Dry Van,458.9,1038.39,1021.26,False,True,ridge_spline
TR-045408,2025-10-15,Flatbed,2094.4,4400.24,4433.95,False,True,ridge_spline
TR-045409,2025-10-15,Dry Van,883.5,1876.83,1842.99,False,True,ridge_spline
TR-045410,2025-10-15,Reefer,411.2,1089.43,1067.08,False,True,ridge_spline
TR-045411,2025-10-15,Flatbed,536.9,1332.19,1296.61,False,True,ridge_spline
TR-045412,2025-10-15,Dry Van,496.6,1053.6,1054.81,False,True,ridge_spline
TR-045413,2025-10-15,Dry Van,500.9,1152.67,1130.11,False,True,ridge_spline
TR-045414,2025-10-15,Reefer,3058.2,6475.22,6466.09,False,True,ridge_spline
TR-045415,2025-10-15,Flatbed,748.9,1605.1,1643.43,False,True,ridge_spline
TR-045416,2025-10-15,Dry Van,1572.5,3212.24,3197.27,False,True,ridge_spline
TR-045417,2025-10-15,Dry Van,158.6,436.33,440.04,False,True,ridge_spline
TR-045418,2025-10-15,Reefer,1248.0,2740.89,2737.26,False,True,ridge_spline
TR-045419,2025-10-15,Reefer,566.1,4350.23,1389.32,True,False,ridge_spline
TR-045420,2025-10-15,Dry Van,398.6,944.01,907.07,False,True,ridge_spline
TR-045421,2025-10-15,Flatbed,1685.1,3563.89,3522.63,False,True,ridge_spline
TR-045422,2025-10-15,Dry Van,599.1,1255.95,1232.25,False,True,ridge_spline
TR-045423,2025-10-15,Reefer,871.3,2041.12,2049.1,False,True,ridge_spline
TR-045424,2025-10-15,Reefer,521.2,1346.17,1316.4,False,True,ridge_spline
TR-045425,2025-10-15,Flatbed,1402.1,568.26,3093.1,True,True,ridge_spline
TR-045426,2025-10-15,Flatbed,1320.8,2903.57,2918.54,False,True,ridge_spline
TR-045427,2025-10-15,Dry Van,2289.1,4389.3,4283.7,False,True,ridge_spline
TR-045428,2025-10-15,Dry Van,1242.2,2617.61,2562.99,False,True,ridge_spline
TR-045429,2025-10-15,Dry Van,631.0,1498.27,1443.71,False,True,ridge_spline
TR-045430,2025-10-15,Dry Van,1463.8,2985.02,2915.5,False,False,ridge_spline
TR-045431,2025-10-15,Reefer,810.0,1930.62,1908.22,False,True,ridge_spline
TR-045432,2025-10-15,Dry Van,1224.5,2661.22,2580.76,False,True,ridge_spline
TR-045433,2025-10-15,Flatbed,926.4,2045.72,2032.51,False,True,ridge_spline
TR-045434,2025-10-15,Reefer,316.1,842.96,822.72,False,True,ridge_spline
TR-045435,2025-10-15,Dry Van,1038.7,2152.99,2147.43,False,True,ridge_spline
TR-045436,2025-10-15,Flatbed,755.9,1744.7,1776.71,False,False,ridge_spline
TR-045437,2025-10-15,Flatbed,891.0,2181.82,2130.86,False,True,ridge_spline
TR-045438,2025-10-15,Dry Van,896.8,1907.86,1868.62,False,True,ridge_spline
TR-045439,2025-10-15,Dry Van,1654.7,3295.14,3299.17,False,True,ridge_spline
TR-045440,2025-10-15,Reefer,559.3,1364.09,1329.82,False,True,ridge_spline
TR-045441,2025-10-15,Reefer,904.7,2087.79,2108.43,False,True,ridge_spline
TR-045442,2025-10-15,Reefer,630.7,1556.11,1556.18,False,True,ridge_spline
TR-045443,2025-10-15,Flatbed,798.2,1944.75,1947.86,False,True,ridge_spline
TR-045444,2025-10-15,Dry Van,661.9,1512.28,1507.64,False,True,ridge_spline
TR-045445,2025-10-15,Dry Van,2079.7,3926.13,3815.49,False,True,ridge_spline
TR-045446,2025-10-15,Dry Van,194.8,483.85,491.7,False,True,ridge_spline
TR-045447,2025-10-15,Reefer,467.6,1165.76,1155.0,False,True,ridge_spline
TR-045448,2025-10-15,Dry Van,704.4,1438.61,1444.36,False,True,ridge_spline
TR-045449,2025-10-15,Reefer,775.0,1692.84,1704.99,False,True,ridge_spline
TR-045450,2025-10-15,Dry Van,282.3,754.63,726.88,False,True,ridge_spline
TR-045451,2025-10-15,Dry Van,431.1,1004.61,985.09,False,True,ridge_spline
TR-045452,2025-10-15,Flatbed,912.0,2234.84,2134.29,False,False,ridge_spline
TR-045453,2025-10-15,Dry Van,1508.6,2952.3,2932.72,False,True,ridge_spline
TR-045454,2025-10-15,Dry Van,769.8,1533.52,1530.99,False,True,ridge_spline
TR-045455,2025-10-15,Flatbed,2729.6,5166.25,5155.35,False,True,ridge_spline
TR-045456,2025-10-15,Reefer,1424.0,3281.89,3266.85,False,True,ridge_spline
TR-045457,2025-10-15,Flatbed,527.0,1269.99,1292.97,False,True,ridge_spline
TR-045458,2025-10-15,Dry Van,2321.9,4306.25,4216.88,False,True,ridge_spline
TR-045459,2025-10-15,Dry Van,1244.3,2476.61,2425.64,False,True,ridge_spline
TR-045460,2025-10-15,Dry Van,2016.4,3778.62,3681.49,False,True,ridge_spline
TR-045461,2025-10-15,Flatbed,1611.3,3385.62,3330.39,False,True,ridge_spline
TR-045462,2025-10-15,Reefer,738.9,1681.07,1682.81,False,True,ridge_spline
TR-045463,2025-10-15,Dry Van,2235.8,4294.8,4199.92,False,True,ridge_spline
TR-045464,2025-10-15,Reefer,1033.8,2564.43,2498.79,False,True,ridge_spline
TR-045465,2025-10-15,Dry Van,200.7,501.67,495.75,False,True,ridge_spline
TR-045466,2025-10-15,Flatbed,948.3,2247.19,2171.26,False,True,ridge_spline
TR-045467,2025-10-15,Reefer,2046.4,4562.17,4454.7,False,False,ridge_spline
TR-045468,2025-10-15,Flatbed,1440.1,3238.99,3206.58,False,True,ridge_spline
TR-045469,2025-10-15,Dry Van,654.2,1493.13,1493.06,False,True,ridge_spline
TR-045470,2025-10-15,Dry Van,753.4,1602.83,1626.9,False,True,ridge_spline
TR-045471,2025-10-15,Dry Van,384.9,928.05,897.33,False,True,ridge_spline
TR-045472,2025-10-15,Dry Van,2077.4,3913.99,3962.06,False,True,ridge_spline
TR-045473,2025-10-15,Dry Van,1544.3,2990.47,2968.35,False,True,ridge_spline
TR-045474,2025-10-15,Reefer,996.1,2214.62,2223.19,False,True,ridge_spline
TR-045475,2025-10-15,Dry Van,626.6,1323.68,1333.47,False,True,ridge_spline
TR-045476,2025-10-15,Reefer,720.2,1844.13,1834.19,False,True,ridge_spline
TR-045477,2025-10-15,Dry Van,412.5,932.44,950.02,False,True,ridge_spline
TR-045478,2025-10-15,Dry Van,181.2,474.27,464.61,False,True,ridge_spline
TR-045479,2025-10-15,Dry Van,1063.2,2227.05,2185.76,False,True,ridge_spline
TR-045480,2025-10-15,Reefer,851.5,2089.72,2063.7,False,True,ridge_spline
TR-045481,2025-10-15,Dry Van,2900.2,5134.16,5081.82,False,True,ridge_spline
TR-045482,2025-10-15,Flatbed,983.6,2193.66,2220.0,False,True,ridge_spline
TR-045483,2025-10-15,Dry Van,361.6,794.02,801.79,False,True,ridge_spline
TR-045484,2025-10-15,Dry Van,153.8,1971.21,415.01,True,True,ridge_spline
TR-045485,2025-10-15,Reefer,1670.1,3702.06,3642.99,False,True,ridge_spline
TR-045486,2025-10-15,Dry Van,422.8,999.32,988.2,False,True,ridge_spline
TR-045487,2025-10-15,Dry Van,2051.9,4097.51,3938.42,False,True,ridge_spline
TR-045488,2025-10-15,Flatbed,2100.3,4235.68,4133.08,False,True,ridge_spline
TR-045489,2025-10-15,Dry Van,1353.0,2724.75,2696.65,False,True,ridge_spline
TR-045490,2025-10-15,Dry Van,1088.1,2087.54,2060.72,False,True,ridge_spline
TR-045491,2025-10-15,Flatbed,486.5,1258.93,1273.91,False,True,ridge_spline
TR-045492,2025-10-15,Dry Van,1186.3,2343.06,2365.7,False,True,ridge_spline
TR-045493,2025-10-15,Dry Van,2320.9,4341.53,4384.39,False,True,ridge_spline
TR-045494,2025-10-15,Flatbed,1554.1,3346.88,3302.86,False,True,ridge_spline
TR-045495,2025-10-15,Dry Van,504.1,1193.64,1195.21,False,True,ridge_spline
TR-045496,2025-10-16,Reefer,1203.0,2724.36,2679.02,False,True,ridge_spline
TR-045497,2025-10-16,Flatbed,1137.4,2533.06,2465.04,False,True,ridge_spline
TR-045498,2025-10-16,Flatbed,706.4,1699.44,1723.22,False,True,ridge_spline
TR-045499,2025-10-16,Reefer,2067.5,4527.85,4423.96,False,True,ridge_spline
TR-045500,2025-10-16,Dry Van,1366.9,2720.36,2730.26,False,True,ridge_spline
TR-045501,2025-10-16,Flatbed,1859.0,3737.89,3745.53,False,True,ridge_spline
TR-045502,2025-10-16,Dry Van,427.6,1006.55,1003.49,False,True,ridge_spline
TR-045503,2025-10-16,Flatbed,2874.0,5553.58,5620.95,False,True,ridge_spline
TR-045504,2025-10-16,Dry Van,457.7,1047.23,1029.29,False,True,ridge_spline
TR-045505,2025-10-16,Dry Van,1773.3,3512.86,3445.27,False,True,ridge_spline
TR-045506,2025-10-16,Dry Van,327.2,834.1,795.92,False,True,ridge_spline
TR-045507,2025-10-16,Dry Van,1452.3,2978.65,2949.01,False,True,ridge_spline
TR-045508,2025-10-16,Dry Van,2053.3,3902.46,3886.95,False,True,ridge_spline
TR-045509,2025-10-16,Dry Van,2367.0,4696.7,4543.89,False,True,ridge_spline
TR-045510,2025-10-16,Dry Van,299.4,757.49,726.3,False,True,ridge_spline
TR-045511,2025-10-16,Reefer,693.7,1651.0,1631.77,False,True,ridge_spline
TR-045512,2025-10-16,Dry Van,774.6,1655.06,1616.67,False,True,ridge_spline
TR-045513,2025-10-16,Reefer,310.2,871.81,870.32,False,True,ridge_spline
TR-045514,2025-10-16,Dry Van,655.6,1474.93,1485.69,False,True,ridge_spline
TR-045515,2025-10-16,Flatbed,852.4,1932.3,1973.81,False,True,ridge_spline
TR-045516,2025-10-16,Dry Van,333.0,781.07,791.14,False,True,ridge_spline
TR-045517,2025-10-16,Dry Van,419.5,902.18,903.09,False,True,ridge_spline
TR-045518,2025-10-16,Dry Van,188.1,522.2,503.94,False,True,ridge_spline
TR-045519,2025-10-16,Dry Van,2716.3,4781.19,4746.97,False,True,ridge_spline
TR-045520,2025-10-16,Flatbed,432.4,1034.64,1011.6,False,True,ridge_spline
TR-045521,2025-10-16,Flatbed,2146.2,4263.76,4368.52,False,True,ridge_spline
TR-045522,2025-10-16,Flatbed,365.9,904.52,913.88,False,True,ridge_spline
TR-045523,2025-10-16,Dry Van,667.8,1512.16,1440.78,False,True,ridge_spline
TR-045524,2025-10-16,Flatbed,1917.5,4033.83,4013.52,False,True,ridge_spline
TR-045525,2025-10-16,Dry Van,1073.5,2238.22,2266.89,False,True,ridge_spline
TR-045526,2025-10-16,Dry Van,1542.0,3178.27,3186.13,False,True,ridge_spline
TR-045527,2025-10-16,Dry Van,798.3,1768.37,1788.38,False,True,ridge_spline
TR-045528,2025-10-16,Reefer,2879.8,5890.2,5886.78,False,True,ridge_spline
TR-045529,2025-10-16,Flatbed,914.1,2132.59,2117.61,False,True,ridge_spline
TR-045530,2025-10-16,Dry Van,1004.3,1979.76,1978.0,False,True,ridge_spline
TR-045531,2025-10-16,Flatbed,524.5,1198.94,1195.13,False,True,ridge_spline
TR-045532,2025-10-16,Reefer,1301.7,3017.53,3065.95,False,True,ridge_spline
TR-045533,2025-10-16,Reefer,724.7,1736.07,1721.19,False,True,ridge_spline
TR-045534,2025-10-16,Dry Van,783.8,1646.4,1688.2,False,True,ridge_spline
TR-045535,2025-10-16,Dry Van,126.7,362.78,349.0,False,True,ridge_spline
TR-045536,2025-10-16,Dry Van,440.5,1030.67,1011.35,False,True,ridge_spline
TR-045537,2025-10-16,Reefer,774.0,1786.04,1779.38,False,True,ridge_spline
TR-045538,2025-10-16,Reefer,710.3,1759.89,1729.68,False,True,ridge_spline
TR-045539,2025-10-16,Reefer,600.9,1623.7,1559.9,False,True,ridge_spline
TR-045540,2025-10-16,Flatbed,652.0,1515.83,1466.09,False,True,ridge_spline
TR-045541,2025-10-16,Dry Van,1483.7,3051.79,2925.29,False,True,ridge_spline
TR-045542,2025-10-16,Dry Van,71.7,200.56,193.96,False,True,ridge_spline
TR-045543,2025-10-16,Dry Van,1131.1,2253.61,2272.48,False,True,ridge_spline
TR-045544,2025-10-16,Dry Van,347.0,869.02,865.16,False,True,ridge_spline
TR-045545,2025-10-16,Reefer,845.1,2114.08,2056.92,False,True,ridge_spline
TR-045546,2025-10-16,Dry Van,224.3,588.86,585.62,False,True,ridge_spline
TR-045547,2025-10-16,Dry Van,783.1,1695.48,1704.58,False,True,ridge_spline
TR-045548,2025-10-16,Dry Van,730.5,1501.55,1487.55,False,True,ridge_spline
TR-045549,2025-10-16,Flatbed,1332.8,2850.38,2875.21,False,True,ridge_spline
TR-045550,2025-10-16,Dry Van,1846.1,3389.94,3420.47,False,True,ridge_spline
TR-045551,2025-10-16,Dry Van,442.1,1049.3,1028.97,False,True,ridge_spline
TR-045552,2025-10-16,Flatbed,376.6,937.25,929.12,False,False,ridge_spline
TR-045553,2025-10-16,Reefer,2024.6,4304.74,4186.22,False,True,ridge_spline
TR-045554,2025-10-16,Flatbed,2289.8,4584.79,4532.96,False,True,ridge_spline
TR-045555,2025-10-16,Dry Van,2294.2,1687.37,4123.88,True,True,ridge_spline
TR-045556,2025-10-16,Reefer,301.7,867.44,857.5,False,False,ridge_spline
TR-045557,2025-10-16,Flatbed,1317.0,2794.83,2842.09,False,True,ridge_spline
TR-045558,2025-10-16,Reefer,255.1,718.12,711.32,False,True,ridge_spline
TR-045559,2025-10-16,Reefer,733.2,1702.69,1704.54,False,True,ridge_spline
TR-045560,2025-10-16,Dry Van,544.7,1235.7,1249.86,False,True,ridge_spline
TR-045561,2025-10-16,Dry Van,534.0,1069.53,1114.2,False,True,ridge_spline
TR-045562,2025-10-16,Reefer,1411.7,3294.55,3268.37,False,False,ridge_spline
TR-045563,2025-10-16,Dry Van,632.3,1301.45,1315.7,False,True,ridge_spline
TR-045564,2025-10-16,Dry Van,1329.8,2804.49,2679.76,False,True,ridge_spline
TR-045565,2025-10-16,Dry Van,300.2,775.09,754.16,False,True,ridge_spline
TR-045566,2025-10-16,Flatbed,877.7,2038.75,2023.55,False,True,ridge_spline
TR-045567,2025-10-16,Flatbed,926.8,2112.34,2104.39,False,True,ridge_spline
TR-045568,2025-10-16,Dry Van,341.6,844.26,840.57,False,True,ridge_spline
TR-045569,2025-10-16,Dry Van,2331.5,4419.63,4420.39,False,True,ridge_spline
TR-045570,2025-10-16,Dry Van,323.2,824.68,819.45,False,True,ridge_spline
TR-045571,2025-10-16,Dry Van,322.8,744.62,732.33,False,True,ridge_spline
TR-045572,2025-10-16,Dry Van,1963.6,4012.16,3872.19,False,True,ridge_spline
TR-045573,2025-10-16,Dry Van,124.5,346.4,341.32,False,True,ridge_spline
TR-045574,2025-10-16,Dry Van,888.7,1766.71,1813.32,False,True,ridge_spline
TR-045575,2025-10-16,Dry Van,2308.6,4234.65,4182.12,False,True,ridge_spline
TR-045576,2025-10-16,Dry Van,3162.5,5590.92,5574.63,False,True,ridge_spline
TR-045577,2025-10-16,Dry Van,1303.5,2634.88,2660.1,False,True,ridge_spline
TR-045578,2025-10-16,Dry Van,1120.9,2230.38,2271.52,False,True,ridge_spline
TR-045579,2025-10-16,Dry Van,1088.7,2199.79,2206.31,False,True,ridge_spline
TR-045580,2025-10-16,Dry Van,1149.1,2405.29,2362.73,False,True,ridge_spline
TR-045581,2025-10-16,Flatbed,652.5,1577.84,1557.04,False,True,ridge_spline
TR-045582,2025-10-16,Dry Van,850.4,1712.65,1748.8,False,True,ridge_spline
TR-045583,2025-10-16,Reefer,2203.7,4672.68,4665.15,False,True,ridge_spline
TR-045584,2025-10-16,Dry Van,1629.3,3402.06,3334.87,False,True,ridge_spline
TR-045585,2025-10-16,Flatbed,422.2,982.74,985.59,False,True,ridge_spline
TR-045586,2025-10-16,Dry Van,1983.2,3907.67,3803.04,False,True,ridge_spline
TR-045587,2025-10-16,Dry Van,1833.0,3578.71,3537.37,False,True,ridge_spline
TR-045588,2025-10-16,Dry Van,211.0,526.8,526.99,False,True,ridge_spline
TR-045589,2025-10-16,Dry Van,1090.9,2240.17,2262.36,False,True,ridge_spline
TR-045590,2025-10-16,Reefer,323.5,894.4,882.79,False,True,ridge_spline
TR-045591,2025-10-16,Reefer,568.3,1466.32,1430.34,False,True,ridge_spline
TR-045592,2025-10-16,Reefer,1270.1,2998.13,2970.97,False,True,ridge_spline
TR-045593,2025-10-16,Dry Van,1684.1,3282.86,3300.05,False,True,ridge_spline
TR-045594,2025-10-16,Reefer,665.2,1565.23,1559.87,False,True,ridge_spline
TR-045595,2025-10-16,Reefer,465.9,1293.67,1260.36,False,True,ridge_spline
TR-045596,2025-10-16,Dry Van,1097.6,2280.97,2263.69,False,True,ridge_spline
TR-045597,2025-10-16,Reefer,1789.2,4050.73,4041.39,False,True,ridge_spline
TR-045598,2025-10-16,Dry Van,900.8,1943.56,1909.81,False,True,ridge_spline
TR-045599,2025-10-16,Reefer,1108.4,2508.13,2529.67,False,True,ridge_spline
TR-045600,2025-10-16,Flatbed,1179.6,2645.34,2646.21,False,True,ridge_spline
TR-045601,2025-10-16,Dry Van,600.1,1373.58,1356.63,False,True,ridge_spline
TR-045602,2025-10-16,Dry Van,2107.1,4123.96,4122.19,False,False,ridge_spline
TR-045603,2025-10-16,Dry Van,1460.0,2908.31,2965.02,False,True,ridge_spline
TR-045604,2025-10-16,Dry Van,3081.7,5943.04,5767.8,False,True,ridge_spline
TR-045605,2025-10-16,Dry Van,657.1,1439.58,1388.74,False,True,ridge_spline
TR-045606,2025-10-16,Dry Van,1719.1,3399.37,3366.16,False,True,ridge_spline
TR-045607,2025-10-16,Dry Van,1797.3,3365.36,3337.51,False,True,ridge_spline
TR-045608,2025-10-16,Dry Van,932.3,1831.06,1822.16,False,True,ridge_spline
TR-045609,2025-10-16,Dry Van,1383.8,2872.8,2793.1,False,True,ridge_spline
TR-045610,2025-10-16,Flatbed,682.3,1702.65,1673.48,False,True,ridge_spline
TR-045611,2025-10-16,Reefer,3174.1,6537.96,6537.12,False,True,ridge_spline
TR-045612,2025-10-16,Dry Van,1145.4,2422.06,2351.51,False,True,ridge_spline
TR-045613,2025-10-16,Dry Van,2481.7,4957.77,4798.26,False,True,ridge_spline
TR-045614,2025-10-16,Dry Van,180.9,493.78,491.9,False,True,ridge_spline
TR-045615,2025-10-16,Dry Van,207.7,593.16,574.98,False,True,ridge_spline
TR-045616,2025-10-16,Dry Van,1476.4,3170.07,3099.04,False,True,ridge_spline
TR-045617,2025-10-16,Reefer,2959.4,5957.95,6020.8,False,True,ridge_spline
TR-045618,2025-10-16,Dry Van,926.6,1935.21,1929.7,False,True,ridge_spline
TR-045619,2025-10-16,Reefer,891.2,2060.21,2114.82,False,True,ridge_spline
TR-045620,2025-10-16,Dry Van,684.4,1420.06,1402.79,False,True,ridge_spline
TR-045621,2025-10-16,Flatbed,186.1,490.27,507.89,False,True,ridge_spline
TR-045622,2025-10-16,Dry Van,2119.9,4207.76,4039.28,False,True,ridge_spline
TR-045623,2025-10-16,Dry Van,385.3,866.23,869.85,False,True,ridge_spline
TR-045624,2025-10-16,Dry Van,1208.4,2427.7,2374.79,False,True,ridge_spline
TR-045625,2025-10-16,Flatbed,682.8,1659.56,1688.38,False,True,ridge_spline
TR-045626,2025-10-16,Reefer,1560.9,3476.97,3428.64,False,True,ridge_spline
TR-045627,2025-10-16,Dry Van,1456.2,2795.92,2822.99,False,True,ridge_spline
TR-045628,2025-10-16,Reefer,167.8,575.03,552.72,False,True,ridge_spline
TR-045629,2025-10-16,Reefer,1014.7,2501.49,2402.37,False,True,ridge_spline
TR-045630,2025-10-16,Dry Van,1175.3,2283.52,2264.49,False,True,ridge_spline
TR-045631,2025-10-16,Flatbed,745.3,1698.24,1702.27,False,True,ridge_spline
TR-045632,2025-10-16,Reefer,838.6,2002.19,1972.56,False,True,ridge_spline
TR-045633,2025-10-16,Flatbed,352.3,872.98,857.05,False,True,ridge_spline
TR-045634,2025-10-16,Dry Van,2128.5,4021.52,4005.55,False,True,ridge_spline
TR-045635,2025-10-16,Dry Van,925.7,1937.24,1954.1,False,True,ridge_spline
TR-045636,2025-10-16,Dry Van,2882.9,5322.9,5249.7,False,True,ridge_spline
TR-045637,2025-10-17,Dry Van,1491.1,2934.77,2885.85,False,True,ridge_spline
TR-045638,2025-10-17,Reefer,434.2,1157.63,1134.37,False,True,ridge_spline
TR-045639,2025-10-17,Reefer,816.1,1745.48,1791.05,False,True,ridge_spline
TR-045640,2025-10-17,Dry Van,438.7,1076.4,1041.88,False,True,ridge_spline
TR-045641,2025-10-17,Reefer,1433.0,3352.03,3208.45,False,True,ridge_spline
TR-045642,2025-10-17,Dry Van,274.4,648.83,644.6,False,False,ridge_spline
TR-045643,2025-10-17,Reefer,572.9,1447.57,1428.37,False,True,ridge_spline
TR-045644,2025-10-17,Dry Van,201.4,541.72,525.43,False,True,ridge_spline
TR-045645,2025-10-17,Reefer,2644.9,5577.71,5464.83,False,True,ridge_spline
TR-045646,2025-10-17,Dry Van,1535.9,2834.23,2840.78,False,True,ridge_spline
TR-045647,2025-10-17,Dry Van,1204.6,2376.9,2350.68,False,True,ridge_spline
TR-045648,2025-10-17,Dry Van,1278.7,2509.96,2472.94,False,True,ridge_spline
TR-045649,2025-10-17,Reefer,479.5,1269.3,1256.72,False,True,ridge_spline
TR-045650,2025-10-17,Dry Van,1130.8,2140.85,2161.67,False,True,ridge_spline
TR-045651,2025-10-17,Dry Van,984.2,2165.47,2108.06,False,True,ridge_spline
TR-045652,2025-10-17,Dry Van,1440.0,2842.26,2783.99,False,True,ridge_spline
TR-045653,2025-10-17,Reefer,1802.3,4069.8,4030.13,False,True,ridge_spline
TR-045654,2025-10-17,Dry Van,1212.0,2598.14,2528.96,False,True,ridge_spline
TR-045655,2025-10-17,Flatbed,946.9,2221.49,2196.65,False,True,ridge_spline
TR-045656,2025-10-17,Dry Van,467.7,963.31,963.32,False,True,ridge_spline
TR-045657,2025-10-17,Reefer,1210.5,2654.3,2641.32,False,True,ridge_spline
TR-045658,2025-10-17,Reefer,306.7,879.55,866.89,False,True,ridge_spline
TR-045659,2025-10-17,Flatbed,124.9,386.46,391.53,False,False,ridge_spline
TR-045660,2025-10-17,Dry Van,130.8,364.34,360.9,False,True,ridge_spline
TR-045661,2025-10-17,Dry Van,539.2,1237.58,1253.24,False,True,ridge_spline
TR-045662,2025-10-17,Dry Van,1309.8,2734.03,2706.95,False,True,ridge_spline
TR-045663,2025-10-17,Dry Van,772.0,1625.19,1613.38,False,True,ridge_spline
TR-045664,2025-10-17,Flatbed,2242.2,4336.71,4366.27,False,False,ridge_spline
TR-045665,2025-10-17,Flatbed,2764.2,5312.61,5237.08,False,True,ridge_spline
TR-045666,2025-10-17,Dry Van,74.7,202.77,200.11,False,True,ridge_spline
TR-045667,2025-10-17,Dry Van,454.1,999.21,994.33,False,True,ridge_spline
TR-045668,2025-10-17,Dry Van,2898.8,5050.06,5099.96,False,True,ridge_spline
TR-045669,2025-10-17,Dry Van,1446.0,2865.83,2820.29,False,True,ridge_spline
TR-045670,2025-10-17,Reefer,2794.8,5504.19,5406.92,False,True,ridge_spline
TR-045671,2025-10-17,Reefer,295.0,865.48,854.6,False,True,ridge_spline
TR-045672,2025-10-17,Reefer,879.6,2109.8,2115.09,False,True,ridge_spline
TR-045673,2025-10-17,Dry Van,1261.6,2696.52,2576.33,False,True,ridge_spline
TR-045674,2025-10-17,Dry Van,2280.8,4273.32,4159.28,False,True,ridge_spline
TR-045675,2025-10-17,Flatbed,1203.6,2457.47,2512.16,False,True,ridge_spline
TR-045676,2025-10-17,Dry Van,1456.3,3051.07,2997.85,False,True,ridge_spline
TR-045677,2025-10-17,Flatbed,2059.4,3982.98,4068.58,False,True,ridge_spline
TR-045678,2025-10-17,Dry Van,676.8,1498.32,1466.82,False,True,ridge_spline
TR-045679,2025-10-17,Dry Van,207.7,547.06,543.74,False,True,ridge_spline
TR-045680,2025-10-17,Reefer,926.6,2254.76,2215.89,False,True,ridge_spline
TR-045681,2025-10-17,Dry Van,1033.2,2056.91,2002.55,False,True,ridge_spline
TR-045682,2025-10-17,Dry Van,2223.7,4336.63,4295.96,False,True,ridge_spline
TR-045683,2025-10-17,Reefer,2040.2,4383.55,4398.23,False,True,ridge_spline
TR-045684,2025-10-17,Dry Van,1808.5,3472.23,3486.35,False,True,ridge_spline
TR-045685,2025-10-17,Dry Van,325.9,809.61,820.63,False,True,ridge_spline
TR-045686,2025-10-17,Dry Van,342.7,827.55,825.82,False,True,ridge_spline
TR-045687,2025-10-17,Dry Van,2311.9,4128.64,4111.37,False,True,ridge_spline
TR-045688,2025-10-17,Dry Van,176.7,464.57,454.89,False,True,ridge_spline
TR-045689,2025-10-17,Reefer,612.5,1598.45,1565.97,False,False,ridge_spline
TR-045690,2025-10-17,Reefer,985.6,2284.08,2280.46,False,True,ridge_spline
TR-045691,2025-10-17,Dry Van,1601.8,3177.81,3092.54,False,True,ridge_spline
TR-045692,2025-10-17,Dry Van,2399.1,4681.46,4631.0,False,True,ridge_spline
TR-045693,2025-10-17,Reefer,405.9,1113.75,1087.31,False,True,ridge_spline
TR-045694,2025-10-17,Dry Van,341.1,822.84,831.43,False,True,ridge_spline
TR-045695,2025-10-17,Dry Van,882.1,1929.6,1942.32,False,True,ridge_spline
TR-045696,2025-10-17,Reefer,1033.1,2504.83,2489.56,False,True,ridge_spline
TR-045697,2025-10-17,Reefer,377.4,1012.02,994.45,False,True,ridge_spline
TR-045698,2025-10-17,Flatbed,520.1,1308.89,1276.45,False,True,ridge_spline
TR-045699,2025-10-17,Dry Van,677.9,1386.72,1389.76,False,True,ridge_spline
TR-045700,2025-10-17,Dry Van,2250.7,4231.34,4127.67,False,True,ridge_spline
TR-045701,2025-10-17,Reefer,3308.4,6710.48,6540.73,False,False,ridge_spline
TR-045702,2025-10-17,Flatbed,748.7,1752.03,1696.69,False,True,ridge_spline
TR-045703,2025-10-17,Dry Van,1730.2,3486.21,3390.1,False,True,ridge_spline
TR-045704,2025-10-17,Flatbed,1072.2,2490.63,2448.26,False,True,ridge_spline
TR-045705,2025-10-17,Dry Van,267.6,680.72,669.7,False,True,ridge_spline
TR-045706,2025-10-17,Reefer,1737.2,3870.41,3827.29,False,True,ridge_spline
TR-045707,2025-10-17,Dry Van,623.8,1335.72,1296.13,False,True,ridge_spline
TR-045708,2025-10-17,Dry Van,2243.8,4001.14,4034.31,False,True,ridge_spline
TR-045709,2025-10-17,Dry Van,1029.4,1977.36,2005.29,False,True,ridge_spline
TR-045710,2025-10-17,Dry Van,1897.6,3725.37,3610.0,False,True,ridge_spline
TR-045711,2025-10-17,Dry Van,384.9,903.02,890.78,False,True,ridge_spline
TR-045712,2025-10-17,Dry Van,1455.7,2771.19,2746.49,False,True,ridge_spline
TR-045713,2025-10-17,Dry Van,1874.9,3449.99,3555.24,False,True,ridge_spline
TR-045714,2025-10-17,Dry Van,226.7,630.36,617.34,False,True,ridge_spline
TR-045715,2025-10-17,Flatbed,193.4,553.35,566.87,False,True,ridge_spline
TR-045716,2025-10-17,Dry Van,560.6,1231.89,1243.38,False,True,ridge_spline
TR-045717,2025-10-17,Flatbed,1072.1,2460.65,2455.28,False,True,ridge_spline
TR-045718,2025-10-17,Dry Van,2342.8,4374.08,4405.73,False,True,ridge_spline
TR-045719,2025-10-17,Reefer,601.4,1464.75,1468.37,False,True,ridge_spline
TR-045720,2025-10-17,Dry Van,540.7,1088.41,1084.37,False,True,ridge_spline
TR-045721,2025-10-17,Dry Van,1994.0,3828.5,3784.32,False,True,ridge_spline
TR-045722,2025-10-17,Flatbed,2089.6,4531.93,4407.71,False,True,ridge_spline
TR-045723,2025-10-17,Dry Van,1805.1,3694.07,3572.03,False,True,ridge_spline
TR-045724,2025-10-17,Dry Van,443.5,1079.1,1036.84,False,True,ridge_spline
TR-045725,2025-10-17,Reefer,904.4,2126.09,2091.82,False,True,ridge_spline
TR-045726,2025-10-17,Dry Van,585.2,1340.2,1318.4,False,True,ridge_spline
TR-045727,2025-10-17,Dry Van,1678.4,3342.36,3308.15,False,True,ridge_spline
TR-045728,2025-10-17,Flatbed,306.3,807.25,806.58,False,True,ridge_spline
TR-045729,2025-10-17,Dry Van,782.4,1711.02,1654.58,False,True,ridge_spline
TR-045730,2025-10-17,Dry Van,2176.4,4029.11,4051.54,False,True,ridge_spline
TR-045731,2025-10-17,Dry Van,845.8,1821.47,1752.15,False,True,ridge_spline
TR-045732,2025-10-17,Dry Van,1236.1,2502.01,2422.1,False,True,ridge_spline
TR-045733,2025-10-17,Reefer,3093.5,6390.2,6337.91,False,True,ridge_spline
TR-045734,2025-10-17,Reefer,1061.9,2466.55,2463.49,False,True,ridge_spline
TR-045735,2025-10-17,Dry Van,2670.8,4829.39,4804.62,False,True,ridge_spline
TR-045736,2025-10-17,Reefer,2451.0,5275.11,5124.28,False,True,ridge_spline
TR-045737,2025-10-17,Reefer,113.8,362.78,348.39,False,True,ridge_spline
TR-045738,2025-10-17,Reefer,2427.9,5336.8,5250.8,False,True,ridge_spline
TR-045739,2025-10-17,Reefer,468.7,1324.44,1260.51,False,True,ridge_spline
TR-045740,2025-10-17,Dry Van,1048.6,2204.45,2173.08,False,True,ridge_spline
TR-045741,2025-10-17,Dry Van,977.1,2015.32,1957.14,False,True,ridge_spline
TR-045742,2025-10-17,Flatbed,393.5,1034.75,1020.08,False,True,ridge_spline
TR-045743,2025-10-17,Dry Van,2014.8,3770.27,3837.05,False,True,ridge_spline
TR-045744,2025-10-17,Dry Van,2017.1,3934.36,3925.81,False,True,ridge_spline
TR-045745,2025-10-17,Dry Van,420.3,947.22,918.32,False,True,ridge_spline
TR-045746,2025-10-17,Flatbed,392.0,972.26,955.98,False,True,ridge_spline
TR-045747,2025-10-17,Dry Van,543.9,1170.45,1138.3,False,True,ridge_spline
TR-045748,2025-10-17,Dry Van,833.6,1779.6,1748.7,False,True,ridge_spline
TR-045749,2025-10-17,Dry Van,1962.3,3910.77,3853.64,False,True,ridge_spline
TR-045750,2025-10-17,Dry Van,1467.7,2935.66,2874.72,False,True,ridge_spline
TR-045751,2025-10-17,Dry Van,268.9,698.47,674.93,False,True,ridge_spline
TR-045752,2025-10-17,Dry Van,513.9,1033.08,1079.63,False,True,ridge_spline
TR-045753,2025-10-17,Dry Van,556.0,1237.01,1226.14,False,True,ridge_spline
TR-045754,2025-10-17,Dry Van,511.5,1137.75,1104.48,False,True,ridge_spline
TR-045755,2025-10-17,Reefer,2027.8,4525.16,4395.53,False,False,ridge_spline
TR-045756,2025-10-17,Dry Van,70.0,227.6,219.13,False,True,ridge_spline
TR-045757,2025-10-17,Flatbed,403.8,996.46,982.15,False,True,ridge_spline
TR-045758,2025-10-17,Flatbed,647.7,1476.89,1479.52,False,True,ridge_spline
TR-045759,2025-10-17,Reefer,817.7,1844.12,1806.92,False,True,ridge_spline
TR-045760,2025-10-17,Dry Van,1252.4,2537.26,2520.71,False,True,ridge_spline
TR-045761,2025-10-17,Dry Van,584.5,1209.72,1195.53,False,True,ridge_spline
TR-045762,2025-10-17,Dry Van,932.0,2009.57,2023.07,False,True,ridge_spline
TR-045763,2025-10-17,Flatbed,1680.8,3517.71,3468.21,False,True,ridge_spline
TR-045764,2025-10-17,Dry Van,2024.8,3777.92,3734.99,False,True,ridge_spline
TR-045765,2025-10-17,Dry Van,1003.0,1909.16,1923.49,False,True,ridge_spline
TR-045766,2025-10-17,Reefer,1089.8,2410.85,2405.48,False,True,ridge_spline
TR-045767,2025-10-17,Dry Van,2621.0,4640.16,4633.28,False,True,ridge_spline
TR-045768,2025-10-17,Reefer,1025.6,2209.46,2229.1,False,True,ridge_spline
TR-045769,2025-10-17,Dry Van,462.7,1045.45,1010.01,False,True,ridge_spline
TR-045770,2025-10-17,Dry Van,623.4,1320.24,1319.04,False,True,ridge_spline
TR-045771,2025-10-17,Reefer,550.1,1344.65,1338.3,False,False,ridge_spline
TR-045772,2025-10-17,Dry Van,924.5,1947.07,1874.59,False,True,ridge_spline
TR-045773,2025-10-17,Dry Van,2816.5,5009.39,5186.3,False,True,ridge_spline
TR-045774,2025-10-17,Dry Van,466.3,2389.43,1035.66,True,True,ridge_spline
TR-045775,2025-10-17,Dry Van,647.3,1500.92,1471.41,False,True,ridge_spline
TR-045776,2025-10-17,Dry Van,351.6,813.53,823.0,False,True,ridge_spline
TR-045777,2025-10-17,Reefer,506.8,1257.8,1234.24,False,True,ridge_spline
TR-045778,2025-10-17,Flatbed,752.9,1759.5,1757.25,False,True,ridge_spline
TR-045779,2025-10-17,Dry Van,692.4,1533.53,1506.22,False,True,ridge_spline
TR-045780,2025-10-17,Dry Van,70.0,210.54,211.89,False,False,ridge_spline
TR-045781,2025-10-17,Flatbed,603.0,1509.14,1500.27,False,False,ridge_spline
TR-045782,2025-10-17,Dry Van,496.3,1061.38,1039.68,False,True,ridge_spline
TR-045783,2025-10-17,Flatbed,1790.6,3602.47,3576.55,False,True,ridge_spline
TR-045784,2025-10-17,Flatbed,2236.6,4410.79,4422.71,False,True,ridge_spline
TR-045785,2025-10-17,Dry Van,623.5,1367.68,1351.5,False,True,ridge_spline
TR-045786,2025-10-17,Reefer,2693.9,5467.05,5414.57,False,False,ridge_spline
TR-045787,2025-10-17,Dry Van,2161.4,3826.18,3826.28,False,True,ridge_spline
TR-045788,2025-10-17,Reefer,495.2,1300.9,1318.21,False,False,ridge_spline
TR-045789,2025-10-17,Reefer,2016.7,4254.3,4158.29,False,True,ridge_spline
TR-045790,2025-10-17,Reefer,1171.5,2751.34,2725.12,False,True,ridge_spline
TR-045791,2025-10-17,Flatbed,1828.2,3973.88,3945.08,False,False,ridge_spline
TR-045792,2025-10-17,Flatbed,811.5,1761.45,1739.2,False,True,ridge_spline
TR-045793,2025-10-17,Flatbed,1018.0,2279.98,2228.11,False,True,ridge_spline
TR-045794,2025-10-17,Reefer,906.5,2139.64,2118.93,False,True,ridge_spline
TR-045795,2025-10-17,Reefer,1334.9,3055.6,3036.71,False,True,ridge_spline
TR-045796,2025-10-17,Flatbed,1305.7,2697.72,2749.03,False,True,ridge_spline
TR-045797,2025-10-17,Dry Van,759.6,1495.93,1479.52,False,True,ridge_spline
TR-045798,2025-10-17,Dry Van,1172.3,2362.74,2314.36,False,True,ridge_spline
TR-045799,2025-10-17,Dry Van,1398.2,2626.92,2592.93,False,True,ridge_spline
TR-045800,2025-10-17,Dry Van,1385.9,2855.35,2814.69,False,True,ridge_spline
TR-045801,2025-10-17,Reefer,1215.0,2661.21,2699.28,False,False,ridge_spline
TR-045802,2025-10-17,Dry Van,1969.5,3838.53,3747.07,False,True,ridge_spline
TR-045803,2025-10-17,Reefer,1388.4,3144.54,3165.49,False,True,ridge_spline
TR-045804,2025-10-17,Flatbed,505.8,1270.25,1257.08,False,True,ridge_spline
TR-045805,2025-10-17,Dry Van,2594.9,4970.65,4882.48,False,True,ridge_spline
TR-045806,2025-10-17,Dry Van,344.7,859.09,840.23,False,False,ridge_spline
TR-045807,2025-10-17,Dry Van,552.4,1274.46,1251.6,False,True,ridge_spline
TR-045808,2025-10-17,Flatbed,1015.7,2301.55,2296.03,False,False,ridge_spline
TR-045809,2025-10-17,Dry Van,550.3,1243.9,1227.68,False,True,ridge_spline
TR-045810,2025-10-17,Dry Van,605.8,1302.32,1279.85,False,True,ridge_spline
TR-045811,2025-10-17,Reefer,811.9,2040.75,2032.87,False,True,ridge_spline
TR-045812,2025-10-17,Dry Van,912.8,1921.54,1863.19,False,True,ridge_spline
TR-045813,2025-10-17,Dry Van,2239.7,4167.75,4202.88,False,True,ridge_spline
TR-045814,2025-10-17,Dry Van,446.0,1124.2,1085.31,False,True,ridge_spline
TR-045815,2025-10-17,Dry Van,998.3,2067.51,2131.67,False,True,ridge_spline
TR-045816,2025-10-17,Flatbed,377.9,932.49,919.12,False,True,ridge_spline
TR-045817,2025-10-17,Dry Van,2033.0,3953.94,3941.72,False,True,ridge_spline
TR-045818,2025-10-18,Reefer,2425.4,4999.35,5023.02,False,True,ridge_spline
TR-045819,2025-10-18,Dry Van,360.1,829.78,798.98,False,True,ridge_spline
TR-045820,2025-10-18,Dry Van,940.4,9522.01,1905.0,True,True,ridge_spline
TR-045821,2025-10-18,Reefer,524.6,1375.14,1378.51,False,False,ridge_spline
TR-045822,2025-10-18,Flatbed,474.0,1133.66,1097.29,False,False,ridge_spline
TR-045823,2025-10-18,Reefer,2359.9,4705.33,4652.48,False,True,ridge_spline
TR-045824,2025-10-18,Dry Van,426.5,958.53,915.03,False,True,ridge_spline
TR-045825,2025-10-18,Flatbed,679.1,1543.23,1498.96,False,True,ridge_spline
TR-045826,2025-10-18,Dry Van,2325.3,4131.85,4154.98,False,True,ridge_spline
TR-045827,2025-10-18,Dry Van,743.7,1552.35,1545.71,False,True,ridge_spline
TR-045828,2025-10-18,Dry Van,898.7,1810.99,1772.88,False,True,ridge_spline
TR-045829,2025-10-18,Reefer,1679.7,3685.75,3589.95,False,True,ridge_spline
TR-045830,2025-10-18,Flatbed,912.8,1859.19,1880.69,False,True,ridge_spline
TR-045831,2025-10-18,Dry Van,440.7,989.63,984.26,False,True,ridge_spline
TR-045832,2025-10-18,Dry Van,123.7,349.49,334.24,False,True,ridge_spline
TR-045833,2025-10-18,Dry Van,217.2,574.16,563.17,False,True,ridge_spline
TR-045834,2025-10-18,Reefer,1478.5,700.21,3133.25,True,True,ridge_spline
TR-045835,2025-10-18,Dry Van,693.9,1631.71,1505.56,False,True,ridge_spline
TR-045836,2025-10-18,Flatbed,1124.7,2362.92,2348.46,False,True,ridge_spline
TR-045837,2025-10-18,Dry Van,1503.4,2972.51,2978.03,False,True,ridge_spline
TR-045838,2025-10-18,Dry Van,1267.9,2699.51,2603.76,False,True,ridge_spline
TR-045839,2025-10-18,Flatbed,752.7,1862.45,1823.55,False,True,ridge_spline
TR-045840,2025-10-18,Dry Van,1721.3,3476.91,3379.75,False,True,ridge_spline
TR-045841,2025-10-18,Reefer,847.0,1989.36,1963.17,False,True,ridge_spline
TR-045842,2025-10-18,Reefer,1629.1,3523.42,3585.36,False,True,ridge_spline
TR-045843,2025-10-18,Dry Van,2796.1,5068.46,4999.33,False,True,ridge_spline
TR-045844,2025-10-18,Dry Van,1688.5,3163.53,3220.8,False,True,ridge_spline
TR-045845,2025-10-18,Dry Van,436.9,988.77,1000.27,False,True,ridge_spline
TR-045846,2025-10-18,Flatbed,759.9,1695.2,1653.53,False,True,ridge_spline
TR-045847,2025-10-18,Dry Van,1525.2,3057.31,2930.75,False,True,ridge_spline
TR-045848,2025-10-18,Reefer,2786.4,5815.43,5742.22,False,True,ridge_spline
TR-045849,2025-10-18,Flatbed,246.8,606.41,622.51,False,True,ridge_spline
TR-045850,2025-10-18,Reefer,2337.9,5044.57,5067.67,False,True,ridge_spline
TR-045851,2025-10-18,Reefer,1928.0,3991.46,4037.41,False,True,ridge_spline
TR-045852,2025-10-18,Flatbed,1416.0,3036.3,3069.56,False,False,ridge_spline
TR-045853,2025-10-18,Flatbed,786.5,1812.84,1766.92,False,True,ridge_spline
TR-045854,2025-10-18,Dry Van,975.4,2071.63,2028.06,False,True,ridge_spline
TR-045855,2025-10-18,Dry Van,2515.3,4768.65,4669.55,False,True,ridge_spline
TR-045856,2025-10-18,Reefer,345.7,932.39,945.34,False,True,ridge_spline
TR-045857,2025-10-18,Flatbed,410.3,1012.6,1036.99,False,True,ridge_spline
TR-045858,2025-10-18,Dry Van,1316.2,2550.35,2568.9,False,True,ridge_spline
TR-045859,2025-10-18,Reefer,900.2,2116.33,2079.45,False,False,ridge_spline
TR-045860,2025-10-18,Reefer,892.4,1990.99,2043.03,False,True,ridge_spline
TR-045861,2025-10-18,Dry Van,2832.7,5111.47,5138.57,False,True,ridge_spline
TR-045862,2025-10-18,Flatbed,2156.6,4486.54,4183.63,False,True,ridge_spline
TR-045863,2025-10-18,Dry Van,1975.9,3787.48,3620.25,False,True,ridge_spline
TR-045864,2025-10-18,Dry Van,520.9,1244.28,1206.92,False,True,ridge_spline
TR-045865,2025-10-18,Dry Van,537.6,1140.72,1151.91,False,True,ridge_spline
TR-045866,2025-10-18,Dry Van,899.2,1743.16,1769.41,False,True,ridge_spline
TR-045867,2025-10-18,Dry Van,1748.3,3491.03,3462.25,False,True,ridge_spline
TR-045868,2025-10-18,Reefer,367.5,1006.04,979.59,False,True,ridge_spline
TR-045869,2025-10-18,Dry Van,520.6,1170.58,1155.83,False,True,ridge_spline
TR-045870,2025-10-18,Dry Van,2709.0,4885.38,4876.65,False,True,ridge_spline
TR-045871,2025-10-18,Dry Van,661.2,1386.64,1416.48,False,True,ridge_spline
TR-045872,2025-10-18,Reefer,483.5,1225.41,1197.27,False,True,ridge_spline
TR-045873,2025-10-18,Dry Van,862.5,1781.79,1771.21,False,True,ridge_spline
TR-045874,2025-10-18,Flatbed,1254.9,2723.7,2680.98,False,True,ridge_spline
TR-045875,2025-10-18,Reefer,1524.8,3299.18,3323.92,False,True,ridge_spline
TR-045876,2025-10-18,Reefer,269.5,786.48,771.95,False,True,ridge_spline
TR-045877,2025-10-18,Reefer,545.3,1410.96,1423.25,False,True,ridge_spline
TR-045878,2025-10-18,Flatbed,564.7,1219.83,1190.73,False,True,ridge_spline
TR-045879,2025-10-18,Reefer,1266.9,2913.25,2831.95,False,False,ridge_spline
TR-045880,2025-10-18,Dry Van,714.4,1561.35,1480.0,False,True,ridge_spline
TR-045881,2025-10-18,Dry Van,2086.2,3892.16,3771.19,False,True,ridge_spline
TR-045882,2025-10-18,Dry Van,682.7,1400.28,1390.7,False,True,ridge_spline
TR-045883,2025-10-18,Dry Van,678.7,1461.81,1393.31,False,True,ridge_spline
TR-045884,2025-10-18,Dry Van,1623.1,3182.56,3164.05,False,True,ridge_spline
TR-045885,2025-10-18,Dry Van,1058.8,2144.76,2118.76,False,True,ridge_spline
TR-045886,2025-10-18,Dry Van,260.9,650.01,627.75,False,True,ridge_spline
TR-045887,2025-10-18,Flatbed,408.9,968.51,962.35,False,True,ridge_spline
TR-045888,2025-10-18,Reefer,668.9,1647.1,1597.8,False,True,ridge_spline
TR-045889,2025-10-18,Dry Van,1348.5,2729.1,2628.89,False,True,ridge_spline
TR-045890,2025-10-18,Reefer,2037.5,4494.77,4397.62,False,True,ridge_spline
TR-045891,2025-10-18,Dry Van,733.5,1634.18,1598.53,False,True,ridge_spline
TR-045892,2025-10-18,Reefer,764.9,1963.55,1921.82,False,True,ridge_spline
TR-045893,2025-10-18,Dry Van,1688.6,3401.76,3376.18,False,True,ridge_spline
TR-045894,2025-10-18,Dry Van,1862.5,3600.17,3543.95,False,True,ridge_spline
TR-045895,2025-10-18,Reefer,855.3,2059.94,1996.02,False,True,ridge_spline
TR-045896,2025-10-18,Dry Van,793.1,1499.02,1551.43,False,True,ridge_spline
TR-045897,2025-10-18,Flatbed,467.3,1106.0,1100.98,False,True,ridge_spline
TR-045898,2025-10-18,Reefer,620.0,1415.97,1411.09,False,True,ridge_spline
TR-045899,2025-10-18,Flatbed,1560.8,3079.84,3123.35,False,True,ridge_spline
TR-045900,2025-10-18,Dry Van,724.5,1455.53,1424.1,False,True,ridge_spline
TR-045901,2025-10-18,Flatbed,958.7,2133.85,2155.05,False,True,ridge_spline
TR-045902,2025-10-18,Dry Van,1879.1,3664.1,3616.91,False,True,ridge_spline
TR-045903,2025-10-18,Reefer,1019.1,2356.83,2326.9,False,True,ridge_spline
TR-045904,2025-10-18,Flatbed,907.1,2087.83,2059.6,False,True,ridge_spline
TR-045905,2025-10-18,Flatbed,744.4,1627.5,1594.48,False,True,ridge_spline
TR-045906,2025-10-18,Reefer,2007.6,4440.83,4385.41,False,True,ridge_spline
TR-045907,2025-10-18,Flatbed,2534.5,5015.77,4981.74,False,True,ridge_spline
TR-045908,2025-10-18,Reefer,1869.2,4003.05,4036.79,False,True,ridge_spline
TR-045909,2025-10-18,Dry Van,583.0,1290.15,1294.54,False,True,ridge_spline
TR-045910,2025-10-18,Flatbed,2612.2,5205.32,5036.34,False,True,ridge_spline
TR-045911,2025-10-18,Reefer,421.2,1126.1,1101.72,False,True,ridge_spline
TR-045912,2025-10-18,Flatbed,487.7,1183.6,1185.56,False,True,ridge_spline
TR-045913,2025-10-18,Dry Van,959.8,2001.86,2040.53,False,True,ridge_spline
TR-045914,2025-10-18,Reefer,1973.3,4242.61,4158.77,False,True,ridge_spline
TR-045915,2025-10-18,Dry Van,882.0,1766.47,1690.71,False,True,ridge_spline
TR-045916,2025-10-18,Reefer,2435.0,4890.94,4886.73,False,False,ridge_spline
TR-045917,2025-10-18,Dry Van,142.2,404.69,390.54,False,True,ridge_spline
TR-045918,2025-10-18,Dry Van,2115.6,4181.96,4068.94,False,True,ridge_spline
TR-045919,2025-10-18,Dry Van,1348.8,2687.53,2656.1,False,True,ridge_spline
TR-045920,2025-10-18,Dry Van,1146.8,2449.64,2315.22,False,False,ridge_spline
TR-045921,2025-10-18,Dry Van,2152.4,3835.85,3807.59,False,True,ridge_spline
TR-045922,2025-10-18,Reefer,1580.0,3331.57,3246.35,False,True,ridge_spline
TR-045923,2025-10-18,Dry Van,2031.2,3840.4,3852.56,False,True,ridge_spline
TR-045924,2025-10-18,Dry Van,1161.6,2397.45,2407.61,False,True,ridge_spline
TR-045925,2025-10-18,Dry Van,887.7,1849.8,1760.95,False,True,ridge_spline
TR-045926,2025-10-18,Dry Van,812.6,1833.94,1799.08,False,True,ridge_spline
TR-045927,2025-10-18,Dry Van,623.0,1415.02,1363.63,False,True,ridge_spline
TR-045928,2025-10-18,Dry Van,749.0,1653.6,1644.01,False,True,ridge_spline
TR-045929,2025-10-18,Flatbed,991.8,2269.87,2263.02,False,True,ridge_spline
TR-045930,2025-10-18,Dry Van,1183.8,2343.36,2351.22,False,True,ridge_spline
TR-045931,2025-10-18,Dry Van,500.6,1155.88,1150.0,False,True,ridge_spline
TR-045932,2025-10-18,Reefer,1151.0,2734.13,2655.51,False,True,ridge_spline
TR-045933,2025-10-18,Reefer,180.2,542.83,527.0,False,True,ridge_spline
TR-045934,2025-10-18,Flatbed,1527.7,3338.28,3328.72,False,True,ridge_spline
TR-045935,2025-10-18,Reefer,1121.8,2496.0,2489.47,False,True,ridge_spline
TR-045936,2025-10-18,Reefer,1300.2,2966.05,2925.22,False,True,ridge_spline
TR-045937,2025-10-18,Flatbed,2908.1,5663.94,5673.71,False,True,ridge_spline
TR-045938,2025-10-18,Flatbed,1964.6,3967.69,3955.86,False,True,ridge_spline
TR-045939,2025-10-18,Reefer,946.7,2107.87,2114.61,False,True,ridge_spline
TR-045940,2025-10-18,Dry Van,333.9,753.48,753.91,False,False,ridge_spline
TR-045941,2025-10-18,Dry Van,380.8,876.11,869.16,False,True,ridge_spline
TR-045942,2025-10-18,Reefer,360.5,959.64,943.44,False,True,ridge_spline
TR-045943,2025-10-18,Dry Van,1091.4,2122.57,2087.54,False,True,ridge_spline
TR-045944,2025-10-18,Reefer,2218.6,4530.44,4614.06,False,True,ridge_spline
TR-045945,2025-10-18,Dry Van,1716.4,3356.21,3391.65,False,True,ridge_spline
TR-045946,2025-10-18,Dry Van,722.2,1551.53,1522.07,False,True,ridge_spline
TR-045947,2025-10-18,Dry Van,1688.7,3348.56,3269.58,False,True,ridge_spline
TR-045948,2025-10-18,Reefer,797.4,1845.61,1826.74,False,True,ridge_spline
TR-045949,2025-10-18,Dry Van,975.1,2135.27,2098.28,False,True,ridge_spline
TR-045950,2025-10-18,Reefer,646.9,1619.21,1637.4,False,True,ridge_spline
TR-045951,2025-10-18,Dry Van,1797.5,3564.95,3473.88,False,True,ridge_spline
TR-045952,2025-10-18,Reefer,819.0,2072.92,2067.68,False,True,ridge_spline
TR-045953,2025-10-18,Dry Van,199.3,514.26,500.94,False,True,ridge_spline
TR-045954,2025-10-18,Flatbed,637.5,1466.63,1463.17,False,True,ridge_spline
TR-045955,2025-10-18,Flatbed,1978.6,4032.78,3973.78,False,True,ridge_spline
TR-045956,2025-10-18,Dry Van,270.1,651.51,631.37,False,True,ridge_spline
TR-045957,2025-10-18,Dry Van,1114.8,2273.63,2210.0,False,True,ridge_spline
TR-045958,2025-10-18,Dry Van,1031.8,2089.43,2067.52,False,True,ridge_spline
TR-045959,2025-10-18,Dry Van,2534.1,4496.35,4377.9,False,True,ridge_spline
TR-045960,2025-10-18,Dry Van,888.8,1880.12,1863.11,False,True,ridge_spline
TR-045961,2025-10-18,Dry Van,485.6,1120.66,1104.94,False,True,ridge_spline
TR-045962,2025-10-18,Reefer,1175.9,2688.36,2610.9,False,True,ridge_spline
TR-045963,2025-10-18,Reefer,1128.3,2534.73,2488.67,False,False,ridge_spline
TR-045964,2025-10-18,Dry Van,668.5,1341.22,1345.54,False,True,ridge_spline
TR-045965,2025-10-18,Dry Van,1530.0,2975.08,2995.7,False,True,ridge_spline
TR-045966,2025-10-18,Dry Van,430.9,991.62,997.26,False,True,ridge_spline
TR-045967,2025-10-18,Dry Van,1138.5,2298.17,2300.92,False,True,ridge_spline
TR-045968,2025-10-18,Dry Van,252.0,593.11,583.54,False,True,ridge_spline
TR-045969,2025-10-18,Reefer,663.4,1711.11,1682.74,False,True,ridge_spline
TR-045970,2025-10-18,Reefer,186.9,529.66,516.35,False,True,ridge_spline
TR-045971,2025-10-18,Dry Van,364.2,879.77,857.18,False,True,ridge_spline
TR-045972,2025-10-18,Dry Van,328.1,767.1,756.8,False,True,ridge_spline
TR-045973,2025-10-18,Dry Van,1267.3,2530.36,2481.13,False,True,ridge_spline
TR-045974,2025-10-18,Dry Van,1820.5,3559.92,3453.82,False,True,ridge_spline
TR-045975,2025-10-18,Flatbed,1115.5,2350.04,2348.58,False,True,ridge_spline
TR-045976,2025-10-18,Dry Van,637.1,1394.61,1399.39,False,True,ridge_spline
TR-045977,2025-10-18,Dry Van,1404.6,2791.89,2811.75,False,True,ridge_spline
TR-045978,2025-10-18,Reefer,75.1,232.99,233.71,False,True,ridge_spline
TR-045979,2025-10-18,Dry Van,935.5,1938.75,1910.05,False,True,ridge_spline
TR-045980,2025-10-18,Dry Van,654.9,1434.58,1437.69,False,True,ridge_spline
TR-045981,2025-10-18,Dry Van,1860.0,3447.98,3393.21,False,True,ridge_spline
TR-045982,2025-10-18,Dry Van,1689.0,3196.73,3186.61,False,True,ridge_spline
TR-045983,2025-10-18,Dry Van,379.2,831.63,803.63,False,True,ridge_spline
TR-045984,2025-10-18,Flatbed,544.8,1194.13,1221.16,False,False,ridge_spline
TR-045985,2025-10-19,Dry Van,1443.5,2972.9,2899.78,False,True,ridge_spline
TR-045986,2025-10-19,Flatbed,1766.5,3692.68,3651.04,False,True,ridge_spline
TR-045987,2025-10-19,Dry Van,253.1,577.78,577.37,False,True,ridge_spline
TR-045988,2025-10-19,Flatbed,832.2,5308.55,1791.39,True,True,ridge_spline
TR-045989,2025-10-19,Reefer,813.5,1946.12,1905.3,False,False,ridge_spline
TR-045990,2025-10-19,Reefer,645.9,1497.97,1522.92,False,True,ridge_spline
TR-045991,2025-10-19,Dry Van,2176.5,4009.74,3950.49,False,True,ridge_spline
TR-045992,2025-10-19,Dry Van,243.8,203.4,591.27,True,True,ridge_spline
TR-045993,2025-10-19,Reefer,1822.1,3823.32,3780.47,False,True,ridge_spline
TR-045994,2025-10-19,Dry Van,678.2,1448.26,1422.89,False,True,ridge_spline
TR-045995,2025-10-19,Dry Van,554.8,1275.97,1197.69,False,True,ridge_spline
TR-045996,2025-10-19,Dry Van,1989.5,3808.34,3741.36,False,True,ridge_spline
TR-045997,2025-10-19,Dry Van,436.5,1009.93,1005.02,False,True,ridge_spline
TR-045998,2025-10-19,Dry Van,1092.3,2297.59,2276.99,False,True,ridge_spline
TR-045999,2025-10-19,Dry Van,599.9,1380.6,1350.53,False,True,ridge_spline
TR-046000,2025-10-19,Reefer,429.9,1216.79,1181.79,False,True,ridge_spline
TR-046001,2025-10-19,Reefer,1293.2,2834.77,2769.26,False,True,ridge_spline
TR-046002,2025-10-19,Dry Van,892.0,1837.35,1810.31,False,True,ridge_spline
TR-046003,2025-10-19,Reefer,1280.6,2738.58,2774.87,False,True,ridge_spline
TR-046004,2025-10-19,Reefer,2253.0,4711.99,4729.41,False,True,ridge_spline
TR-046005,2025-10-19,Dry Van,467.3,1046.58,994.5,False,True,ridge_spline
TR-046006,2025-10-19,Dry Van,558.9,1310.53,1258.86,False,True,ridge_spline
TR-046007,2025-10-19,Dry Van,1033.7,2036.13,2035.52,False,True,ridge_spline
TR-046008,2025-10-19,Dry Van,786.0,1668.7,1617.81,False,True,ridge_spline
TR-046009,2025-10-19,Dry Van,818.5,1690.83,1749.48,False,True,ridge_spline
TR-046010,2025-10-19,Reefer,1627.7,3493.39,3498.36,False,True,ridge_spline
TR-046011,2025-10-19,Dry Van,871.5,1820.83,1780.84,False,True,ridge_spline
TR-046012,2025-10-19,Dry Van,2228.1,4232.87,4184.37,False,True,ridge_spline
TR-046013,2025-10-19,Reefer,318.5,808.29,805.96,False,True,ridge_spline
TR-046014,2025-10-19,Dry Van,2567.4,4654.64,4611.94,False,True,ridge_spline
TR-046015,2025-10-19,Reefer,1051.5,2316.06,2369.34,False,False,ridge_spline
TR-046016,2025-10-19,Reefer,435.9,1117.41,1126.47,False,True,ridge_spline
TR-046017,2025-10-19,Reefer,674.0,1566.31,1552.89,False,True,ridge_spline
TR-046018,2025-10-19,Reefer,827.0,1961.67,1946.56,False,True,ridge_spline
TR-046019,2025-10-19,Reefer,1212.1,2755.15,2691.69,False,True,ridge_spline
TR-046020,2025-10-19,Dry Van,264.6,624.02,625.29,False,True,ridge_spline
TR-046021,2025-10-19,Dry Van,819.0,1671.31,1639.75,False,True,ridge_spline
TR-046022,2025-10-19,Dry Van,498.9,1104.74,1088.02,False,True,ridge_spline
TR-046023,2025-10-19,Flatbed,813.0,1790.74,1779.1,False,True,ridge_spline
TR-046024,2025-10-19,Dry Van,1401.9,2793.65,2720.25,False,True,ridge_spline
TR-046025,2025-10-19,Dry Van,733.8,1581.9,1562.78,False,True,ridge_spline
TR-046026,2025-10-19,Dry Van,2018.9,3786.01,3802.34,False,True,ridge_spline
TR-046027,2025-10-19,Dry Van,2118.5,3922.14,3932.5,False,True,ridge_spline
TR-046028,2025-10-19,Dry Van,388.7,865.79,838.37,False,True,ridge_spline
TR-046029,2025-10-19,Dry Van,1710.0,3232.85,3185.48,False,True,ridge_spline
TR-046030,2025-10-19,Dry Van,1086.7,2073.63,2049.72,False,True,ridge_spline
TR-046031,2025-10-19,Dry Van,148.1,418.53,409.57,False,True,ridge_spline
TR-046032,2025-10-19,Dry Van,1266.4,2477.44,2444.91,False,True,ridge_spline
TR-046033,2025-10-19,Flatbed,301.5,814.05,806.27,False,True,ridge_spline
TR-046034,2025-10-19,Flatbed,1582.8,3458.16,3387.02,False,True,ridge_spline
TR-046035,2025-10-19,Flatbed,826.4,1931.36,1839.69,False,True,ridge_spline
TR-046036,2025-10-19,Dry Van,1999.2,3959.29,3838.31,False,True,ridge_spline
TR-046037,2025-10-19,Reefer,367.2,938.56,942.67,False,False,ridge_spline
TR-046038,2025-10-19,Reefer,2403.9,5088.62,5014.75,False,True,ridge_spline
TR-046039,2025-10-19,Dry Van,392.8,869.11,860.6,False,True,ridge_spline
TR-046040,2025-10-19,Reefer,2717.9,5387.61,5506.87,False,True,ridge_spline
TR-046041,2025-10-19,Flatbed,1240.2,2733.64,2686.9,False,True,ridge_spline
TR-046042,2025-10-19,Flatbed,1152.4,2519.16,2549.25,False,True,ridge_spline
TR-046043,2025-10-19,Flatbed,1245.1,2553.28,2591.92,False,True,ridge_spline
TR-046044,2025-10-19,Dry Van,3067.3,5467.46,5347.21,False,True,ridge_spline
TR-046045,2025-10-19,Dry Van,1684.7,3192.96,3096.59,False,True,ridge_spline
TR-046046,2025-10-19,Reefer,1780.2,3736.86,3698.48,False,True,ridge_spline
TR-046047,2025-10-19,Dry Van,652.1,1365.36,1332.1,False,True,ridge_spline
TR-046048,2025-10-19,Flatbed,792.6,1714.72,1675.69,False,True,ridge_spline
TR-046049,2025-10-19,Flatbed,423.7,1071.09,1071.78,False,True,ridge_spline
TR-046050,2025-10-19,Dry Van,448.3,1093.07,1061.65,False,True,ridge_spline
TR-046051,2025-10-19,Dry Van,464.3,1103.5,1047.7,False,True,ridge_spline
TR-046052,2025-10-19,Dry Van,1730.4,3489.16,3446.54,False,True,ridge_spline
TR-046053,2025-10-19,Dry Van,555.2,1184.35,1162.14,False,True,ridge_spline
TR-046054,2025-10-19,Dry Van,285.3,664.86,671.04,False,True,ridge_spline
TR-046055,2025-10-19,Reefer,1804.1,3849.6,3922.3,False,True,ridge_spline
TR-046056,2025-10-19,Flatbed,527.7,1221.83,1196.63,False,True,ridge_spline
TR-046057,2025-10-19,Dry Van,588.2,1200.2,1198.6,False,True,ridge_spline
TR-046058,2025-10-19,Flatbed,656.4,1477.99,1470.76,False,False,ridge_spline
TR-046059,2025-10-19,Dry Van,779.7,1532.71,1511.02,False,True,ridge_spline
TR-046060,2025-10-19,Dry Van,70.0,209.86,204.97,False,True,ridge_spline
TR-046061,2025-10-19,Dry Van,775.8,1643.8,1627.61,False,True,ridge_spline
TR-046062,2025-10-19,Flatbed,1218.1,2579.5,2605.77,False,True,ridge_spline
TR-046063,2025-10-19,Reefer,273.9,166.3,745.35,True,True,ridge_spline
TR-046064,2025-10-19,Dry Van,1240.7,2537.25,2483.8,False,True,ridge_spline
TR-046065,2025-10-19,Dry Van,990.6,1975.87,1910.55,False,True,ridge_spline
TR-046066,2025-10-19,Dry Van,1235.7,2517.98,2486.83,False,True,ridge_spline
TR-046067,2025-10-19,Dry Van,626.7,1375.57,1338.29,False,True,ridge_spline
TR-046068,2025-10-19,Flatbed,965.9,2025.27,2019.53,False,True,ridge_spline
TR-046069,2025-10-19,Dry Van,1721.2,3283.73,3184.08,False,True,ridge_spline
TR-046070,2025-10-19,Reefer,797.2,1952.05,1958.96,False,True,ridge_spline
TR-046071,2025-10-19,Reefer,989.4,2152.52,2134.09,False,True,ridge_spline
TR-046072,2025-10-19,Reefer,1678.9,3506.58,3538.11,False,True,ridge_spline
TR-046073,2025-10-19,Dry Van,917.8,1834.32,1866.43,False,True,ridge_spline
TR-046074,2025-10-19,Flatbed,614.5,1386.17,1359.49,False,True,ridge_spline
TR-046075,2025-10-19,Flatbed,3218.4,6311.76,6295.4,False,True,ridge_spline
TR-046076,2025-10-19,Dry Van,1663.8,3193.54,3190.95,False,True,ridge_spline
TR-046077,2025-10-19,Dry Van,1035.9,2138.43,2073.04,False,True,ridge_spline
TR-046078,2025-10-19,Dry Van,684.6,1502.48,1505.94,False,True,ridge_spline
TR-046079,2025-10-19,Reefer,359.9,914.91,918.86,False,True,ridge_spline
TR-046080,2025-10-19,Flatbed,890.4,1903.41,1894.12,False,False,ridge_spline
TR-046081,2025-10-19,Dry Van,1547.4,3032.86,2951.82,False,True,ridge_spline
TR-046082,2025-10-19,Reefer,1807.8,3811.86,3746.38,False,True,ridge_spline
TR-046083,2025-10-19,Dry Van,1037.9,1914.61,1935.68,False,True,ridge_spline
TR-046084,2025-10-19,Flatbed,2693.8,5434.56,5280.9,False,True,ridge_spline
TR-046085,2025-10-19,Reefer,1547.5,3428.65,3358.29,False,False,ridge_spline
TR-046086,2025-10-19,Flatbed,1215.2,2580.89,2581.43,False,True,ridge_spline
TR-046087,2025-10-19,Dry Van,170.3,429.61,421.76,False,True,ridge_spline
TR-046088,2025-10-19,Dry Van,1440.5,2916.04,2835.87,False,True,ridge_spline
TR-046089,2025-10-19,Reefer,827.8,1955.92,1919.38,False,True,ridge_spline
TR-046090,2025-10-19,Dry Van,191.3,506.13,476.83,False,True,ridge_spline
TR-046091,2025-10-19,Dry Van,834.3,1823.82,1750.35,False,True,ridge_spline
TR-046092,2025-10-19,Flatbed,427.2,1013.06,1007.31,False,True,ridge_spline
TR-046093,2025-10-19,Dry Van,1744.3,3521.99,3376.88,False,True,ridge_spline
TR-046094,2025-10-19,Reefer,1386.6,3087.82,3076.05,False,True,ridge_spline
TR-046095,2025-10-19,Dry Van,1536.9,3197.41,3048.7,False,True,ridge_spline
TR-046096,2025-10-19,Dry Van,1063.5,2038.75,2018.23,False,True,ridge_spline
TR-046097,2025-10-19,Reefer,697.3,1784.15,1765.89,False,True,ridge_spline
TR-046098,2025-10-19,Reefer,1034.1,2309.56,2250.7,False,True,ridge_spline
TR-046099,2025-10-19,Dry Van,1488.6,2927.76,2844.65,False,True,ridge_spline
TR-046100,2025-10-19,Dry Van,707.7,1478.71,1466.69,False,True,ridge_spline
TR-046101,2025-10-19,Flatbed,1275.5,2838.14,2685.07,False,True,ridge_spline
TR-046102,2025-10-19,Dry Van,458.2,1052.13,1009.49,False,True,ridge_spline
TR-046103,2025-10-19,Dry Van,616.1,1314.12,1232.47,False,True,ridge_spline
TR-046104,2025-10-19,Dry Van,2321.9,4264.23,4239.8,False,True,ridge_spline
TR-046105,2025-10-19,Reefer,1739.0,3861.12,3795.09,False,False,ridge_spline
TR-046106,2025-10-19,Dry Van,341.1,813.92,809.78,False,True,ridge_spline
TR-046107,2025-10-19,Flatbed,2560.2,4785.48,4744.63,False,True,ridge_spline
TR-046108,2025-10-19,Flatbed,294.5,743.51,745.45,False,True,ridge_spline
TR-046109,2025-10-19,Dry Van,846.7,1722.44,1686.17,False,True,ridge_spline
TR-046110,2025-10-19,Reefer,2742.9,5409.7,5389.1,False,True,ridge_spline
TR-046111,2025-10-19,Dry Van,497.7,1180.89,1160.28,False,True,ridge_spline
TR-046112,2025-10-19,Flatbed,330.3,850.95,844.2,False,True,ridge_spline
TR-046113,2025-10-19,Dry Van,625.1,1457.78,1412.71,False,True,ridge_spline
TR-046114,2025-10-19,Dry Van,395.3,934.94,923.11,False,True,ridge_spline
TR-046115,2025-10-19,Reefer,1049.7,2563.17,2497.19,False,True,ridge_spline
TR-046116,2025-10-19,Dry Van,479.2,1103.2,1101.65,False,True,ridge_spline
TR-046117,2025-10-19,Dry Van,2173.1,3858.33,3866.46,False,True,ridge_spline
TR-046118,2025-10-19,Flatbed,300.9,811.8,811.37,False,True,ridge_spline
TR-046119,2025-10-19,Reefer,237.9,694.21,695.81,False,True,ridge_spline
TR-046120,2025-10-19,Dry Van,2298.9,4276.51,4237.25,False,True,ridge_spline
TR-046121,2025-10-19,Dry Van,622.7,1329.1,1323.26,False,True,ridge_spline
TR-046122,2025-10-19,Reefer,787.3,1824.99,1855.16,False,True,ridge_spline
TR-046123,2025-10-19,Dry Van,1266.4,2615.77,2619.39,False,True,ridge_spline
TR-046124,2025-10-19,Flatbed,815.1,1894.04,1914.91,False,True,ridge_spline
TR-046125,2025-10-19,Reefer,2242.1,4763.57,4828.97,False,True,ridge_spline
TR-046126,2025-10-19,Reefer,1340.0,3106.0,3040.18,False,True,ridge_spline
TR-046127,2025-10-19,Flatbed,1065.5,2282.79,2251.89,False,True,ridge_spline
TR-046128,2025-10-19,Dry Van,804.4,1703.71,1658.43,False,True,ridge_spline
TR-046129,2025-10-19,Dry Van,936.6,1827.34,1850.68,False,True,ridge_spline
TR-046130,2025-10-19,Dry Van,2396.2,4196.79,4245.9,False,True,ridge_spline
TR-046131,2025-10-19,Reefer,519.5,1285.74,1284.83,False,True,ridge_spline
TR-046132,2025-10-19,Reefer,2303.1,4933.39,4827.53,False,True,ridge_spline
TR-046133,2025-10-19,Reefer,762.4,1785.49,1742.16,False,True,ridge_spline
TR-046134,2025-10-20,Reefer,1082.7,2564.55,2585.54,False,True,ridge_spline
TR-046135,2025-10-20,Dry Van,966.1,2035.32,1971.43,False,True,ridge_spline
TR-046136,2025-10-20,Reefer,671.0,1579.19,1571.87,False,True,ridge_spline
TR-046137,2025-10-20,Dry Van,1164.5,2395.54,2320.79,False,True,ridge_spline
TR-046138,2025-10-20,Flatbed,427.9,1045.84,1007.81,False,True,ridge_spline
TR-046139,2025-10-20,Dry Van,686.5,1404.54,1365.07,False,True,ridge_spline
TR-046140,2025-10-20,Dry Van,848.8,1697.02,1672.71,False,True,ridge_spline
TR-046141,2025-10-20,Dry Van,567.3,1219.35,1190.45,False,True,ridge_spline
TR-046142,2025-10-20,Reefer,939.7,752.15,2238.67,True,True,ridge_spline
TR-046143,2025-10-20,Dry Van,418.0,1006.1,974.05,False,True,ridge_spline
TR-046144,2025-10-20,Flatbed,1420.7,3102.66,3091.85,False,True,ridge_spline
TR-046145,2025-10-20,Reefer,958.5,2242.82,2235.18,False,True,ridge_spline
TR-046146,2025-10-20,Dry Van,999.5,2031.75,2029.4,False,True,ridge_spline
TR-046147,2025-10-20,Dry Van,1461.4,2920.58,2872.85,False,True,ridge_spline
TR-046148,2025-10-20,Dry Van,683.9,1431.46,1449.28,False,True,ridge_spline
TR-046149,2025-10-20,Dry Van,1124.5,2304.5,2213.68,False,True,ridge_spline
TR-046150,2025-10-20,Reefer,221.0,642.59,647.94,False,True,ridge_spline
TR-046151,2025-10-20,Dry Van,999.9,2082.87,2001.42,False,True,ridge_spline
TR-046152,2025-10-20,Reefer,2029.8,4400.83,4301.88,False,True,ridge_spline
TR-046153,2025-10-20,Reefer,751.2,1768.13,1731.42,False,True,ridge_spline
TR-046154,2025-10-20,Flatbed,912.4,2004.74,2031.53,False,True,ridge_spline
TR-046155,2025-10-20,Dry Van,1017.4,2072.48,2039.03,False,True,ridge_spline
TR-046156,2025-10-20,Flatbed,741.0,1697.36,1700.66,False,True,ridge_spline
TR-046157,2025-10-20,Dry Van,709.1,1501.82,1511.88,False,True,ridge_spline
TR-046158,2025-10-20,Reefer,1371.3,2901.18,3035.0,False,True,ridge_spline
TR-046159,2025-10-20,Flatbed,791.3,1745.83,1760.05,False,True,ridge_spline
TR-046160,2025-10-20,Dry Van,755.2,1685.45,1628.65,False,True,ridge_spline
TR-046161,2025-10-20,Reefer,1252.3,2878.12,2822.48,False,True,ridge_spline
TR-046162,2025-10-20,Dry Van,530.0,1168.91,1133.7,False,True,ridge_spline
TR-046163,2025-10-20,Dry Van,124.3,332.78,315.62,False,True,ridge_spline
TR-046164,2025-10-20,Reefer,813.7,1992.45,2009.48,False,True,ridge_spline
TR-046165,2025-10-20,Dry Van,1084.6,2112.63,2061.56,False,True,ridge_spline
TR-046166,2025-10-20,Flatbed,330.6,855.72,847.68,False,False,ridge_spline
TR-046167,2025-10-20,Dry Van,1001.9,2086.28,2028.84,False,True,ridge_spline
TR-046168,2025-10-20,Flatbed,817.5,1866.42,1875.73,False,True,ridge_spline
TR-046169,2025-10-20,Dry Van,783.6,1611.06,1578.63,False,True,ridge_spline
TR-046170,2025-10-20,Dry Van,666.4,1445.43,1416.02,False,True,ridge_spline
TR-046171,2025-10-20,Reefer,202.2,639.17,618.38,False,True,ridge_spline
TR-046172,2025-10-20,Flatbed,1702.2,3505.44,3568.79,False,True,ridge_spline
TR-046173,2025-10-20,Flatbed,2011.2,4057.31,3937.57,False,False,ridge_spline
TR-046174,2025-10-20,Dry Van,2490.9,880.13,4389.45,True,True,ridge_spline
TR-046175,2025-10-20,Flatbed,1936.8,3739.53,3680.86,False,True,ridge_spline
TR-046176,2025-10-20,Reefer,1311.4,2821.23,2837.23,False,True,ridge_spline
TR-046177,2025-10-20,Flatbed,929.9,1805.43,1880.96,False,True,ridge_spline
TR-046178,2025-10-20,Reefer,1506.5,3140.88,3139.58,False,True,ridge_spline
TR-046179,2025-10-20,Dry Van,1589.7,643.58,3091.29,True,True,ridge_spline
TR-046180,2025-10-20,Flatbed,308.4,863.53,840.33,False,True,ridge_spline
TR-046181,2025-10-20,Dry Van,378.0,870.15,837.01,False,True,ridge_spline
TR-046182,2025-10-20,Flatbed,547.5,1308.78,1298.62,False,True,ridge_spline
TR-046183,2025-10-20,Dry Van,1464.9,2957.72,2961.52,False,True,ridge_spline
TR-046184,2025-10-20,Dry Van,639.7,1330.65,1308.99,False,True,ridge_spline
TR-046185,2025-10-20,Dry Van,1651.1,3113.18,3118.77,False,True,ridge_spline
TR-046186,2025-10-20,Dry Van,279.4,670.27,641.23,False,True,ridge_spline
TR-046187,2025-10-20,Dry Van,946.5,1839.62,1834.71,False,True,ridge_spline
TR-046188,2025-10-20,Reefer,1032.5,2320.32,2313.18,False,True,ridge_spline
TR-046189,2025-10-20,Flatbed,1791.2,3781.31,3764.46,False,True,ridge_spline
TR-046190,2025-10-20,Dry Van,1760.3,3502.7,3410.61,False,True,ridge_spline
TR-046191,2025-10-20,Dry Van,1052.7,2120.92,2069.97,False,True,ridge_spline
TR-046192,2025-10-20,Reefer,1679.7,3533.69,3517.92,False,True,ridge_spline
TR-046193,2025-10-20,Dry Van,687.7,1466.97,1440.76,False,True,ridge_spline
TR-046194,2025-10-20,Dry Van,1476.0,2790.85,2789.77,False,True,ridge_spline
TR-046195,2025-10-20,Dry Van,1034.3,2088.92,2040.67,False,True,ridge_spline
TR-046196,2025-10-20,Reefer,458.9,1246.26,1217.62,False,True,ridge_spline
TR-046197,2025-10-20,Flatbed,1515.6,3141.33,3181.3,False,True,ridge_spline
TR-046198,2025-10-20,Reefer,621.8,1529.35,1505.32,False,True,ridge_spline
TR-046199,2025-10-20,Dry Van,2296.7,4278.23,4124.25,False,True,ridge_spline
TR-046200,2025-10-20,Dry Van,837.8,1631.08,1628.47,False,True,ridge_spline
TR-046201,2025-10-20,Reefer,923.8,2174.48,2121.59,False,True,ridge_spline
TR-046202,2025-10-20,Flatbed,2278.3,4503.27,4437.44,False,True,ridge_spline
TR-046203,2025-10-20,Dry Van,1990.6,3701.77,3661.35,False,True,ridge_spline
TR-046204,2025-10-20,Reefer,2823.9,5496.55,5426.47,False,True,ridge_spline
TR-046205,2025-10-20,Dry Van,464.2,1028.64,988.09,False,True,ridge_spline
TR-046206,2025-10-20,Dry Van,2215.9,4063.51,3984.91,False,True,ridge_spline
TR-046207,2025-10-20,Flatbed,1099.9,2347.37,2365.32,False,True,ridge_spline
TR-046208,2025-10-20,Dry Van,2324.2,4332.59,4182.39,False,True,ridge_spline
TR-046209,2025-10-20,Dry Van,1731.2,3252.55,3281.82,False,True,ridge_spline
TR-046210,2025-10-20,Dry Van,407.6,908.37,900.86,False,True,ridge_spline
TR-046211,2025-10-20,Flatbed,375.8,970.39,927.54,False,True,ridge_spline
TR-046212,2025-10-20,Dry Van,735.4,1558.89,1552.07,False,True,ridge_spline
TR-046213,2025-10-20,Flatbed,454.9,1149.12,1136.83,False,True,ridge_spline
TR-046214,2025-10-20,Flatbed,2023.4,17893.17,4154.67,True,True,ridge_spline
TR-046215,2025-10-20,Reefer,1078.4,2487.72,2460.47,False,True,ridge_spline
TR-046216,2025-10-20,Reefer,1469.0,3335.74,3359.97,False,True,ridge_spline
TR-046217,2025-10-20,Dry Van,631.7,1412.73,1384.82,False,True,ridge_spline
TR-046218,2025-10-20,Flatbed,1300.5,2712.93,2776.18,False,False,ridge_spline
TR-046219,2025-10-20,Flatbed,2987.6,6093.6,5957.82,False,True,ridge_spline
TR-046220,2025-10-20,Reefer,816.4,1868.59,1879.61,False,True,ridge_spline
TR-046221,2025-10-20,Dry Van,522.1,1202.95,1190.23,False,True,ridge_spline
TR-046222,2025-10-20,Dry Van,828.0,1604.74,1622.44,False,True,ridge_spline
TR-046223,2025-10-20,Reefer,274.0,793.55,771.63,False,True,ridge_spline
TR-046224,2025-10-20,Reefer,1348.4,3115.6,3080.55,False,True,ridge_spline
TR-046225,2025-10-20,Flatbed,438.0,997.17,1018.53,False,True,ridge_spline
TR-046226,2025-10-20,Dry Van,753.5,1617.98,1608.33,False,True,ridge_spline
TR-046227,2025-10-20,Dry Van,179.2,463.0,459.76,False,True,ridge_spline
TR-046228,2025-10-20,Reefer,257.6,701.71,700.76,False,True,ridge_spline
TR-046229,2025-10-20,Reefer,2688.6,5490.26,5442.7,False,True,ridge_spline
TR-046230,2025-10-20,Reefer,3163.4,6302.46,6419.64,False,True,ridge_spline
TR-046231,2025-10-20,Dry Van,559.5,1213.94,1188.83,False,True,ridge_spline
TR-046232,2025-10-20,Dry Van,617.5,1349.39,1309.06,False,True,ridge_spline
TR-046233,2025-10-20,Reefer,355.9,951.71,939.25,False,True,ridge_spline
TR-046234,2025-10-20,Dry Van,542.1,1143.94,1144.82,False,True,ridge_spline
TR-046235,2025-10-20,Dry Van,1539.4,2796.13,2861.68,False,True,ridge_spline
TR-046236,2025-10-20,Flatbed,1021.9,2108.65,2159.59,False,True,ridge_spline
TR-046237,2025-10-20,Dry Van,1448.9,2942.78,2903.58,False,True,ridge_spline
TR-046238,2025-10-20,Reefer,2876.1,5652.74,5583.98,False,True,ridge_spline
TR-046239,2025-10-20,Dry Van,540.4,1153.25,1124.41,False,True,ridge_spline
TR-046240,2025-10-20,Flatbed,1201.7,2403.82,2442.59,False,True,ridge_spline
TR-046241,2025-10-20,Dry Van,564.0,1205.46,1202.01,False,True,ridge_spline
TR-046242,2025-10-20,Reefer,529.1,1314.3,1270.16,False,True,ridge_spline
TR-046243,2025-10-20,Dry Van,760.5,1570.88,1553.64,False,True,ridge_spline
TR-046244,2025-10-20,Reefer,559.8,1391.18,1377.93,False,True,ridge_spline
TR-046245,2025-10-20,Dry Van,1761.1,3513.88,3443.53,False,True,ridge_spline
TR-046246,2025-10-20,Dry Van,838.2,1768.2,1724.81,False,True,ridge_spline
TR-046247,2025-10-20,Reefer,470.1,1140.79,1151.65,False,True,ridge_spline
TR-046248,2025-10-20,Flatbed,1674.4,3582.0,3550.35,False,True,ridge_spline
TR-046249,2025-10-20,Flatbed,2260.5,4426.12,4480.04,False,True,ridge_spline
TR-046250,2025-10-20,Reefer,335.2,846.98,839.91,False,True,ridge_spline
TR-046251,2025-10-20,Dry Van,1743.3,3262.37,3208.48,False,True,ridge_spline
TR-046252,2025-10-20,Reefer,1962.8,4354.23,4277.77,False,True,ridge_spline
TR-046253,2025-10-20,Dry Van,2501.2,4758.16,4604.55,False,True,ridge_spline
TR-046254,2025-10-20,Flatbed,630.0,1497.92,1466.01,False,False,ridge_spline
TR-046255,2025-10-20,Dry Van,1538.4,2976.78,2980.56,False,True,ridge_spline
TR-046256,2025-10-20,Flatbed,2151.1,4264.03,4198.93,False,False,ridge_spline
TR-046257,2025-10-20,Dry Van,71.6,205.02,205.82,False,True,ridge_spline
TR-046258,2025-10-20,Reefer,2661.8,5651.99,5529.04,False,True,ridge_spline
TR-046259,2025-10-20,Flatbed,2618.3,5131.79,5038.51,False,True,ridge_spline
TR-046260,2025-10-20,Dry Van,829.2,352.82,1667.35,True,True,ridge_spline
TR-046261,2025-10-20,Dry Van,1544.3,3052.75,2960.82,False,True,ridge_spline
TR-046262,2025-10-20,Reefer,1046.4,2457.69,2458.78,False,True,ridge_spline
TR-046263,2025-10-20,Flatbed,626.7,1367.22,1373.19,False,True,ridge_spline
TR-046264,2025-10-20,Dry Van,327.9,778.67,748.26,False,True,ridge_spline
TR-046265,2025-10-20,Dry Van,547.8,1166.08,1215.13,False,True,ridge_spline
TR-046266,2025-10-20,Reefer,832.9,1893.57,1903.61,False,True,ridge_spline
TR-046267,2025-10-20,Reefer,1945.4,3891.99,3944.38,False,True,ridge_spline
TR-046268,2025-10-20,Dry Van,739.3,1579.23,1562.8,False,True,ridge_spline
TR-046269,2025-10-20,Dry Van,1414.7,2759.83,2661.65,False,True,ridge_spline
TR-046270,2025-10-20,Reefer,439.3,1146.7,1126.12,False,True,ridge_spline
TR-046271,2025-10-20,Flatbed,632.4,1488.97,1481.53,False,True,ridge_spline
TR-046272,2025-10-20,Flatbed,2890.4,5647.19,5621.59,False,True,ridge_spline
TR-046273,2025-10-20,Dry Van,1679.4,3202.7,3231.2,False,True,ridge_spline
TR-046274,2025-10-20,Dry Van,343.1,822.46,836.54,False,True,ridge_spline
TR-046275,2025-10-20,Reefer,1764.4,3652.13,3642.79,False,True,ridge_spline
TR-046276,2025-10-20,Dry Van,1045.8,2099.75,2070.34,False,True,ridge_spline
TR-046277,2025-10-20,Dry Van,1972.3,3852.49,3782.11,False,True,ridge_spline
TR-046278,2025-10-20,Reefer,2233.7,4740.97,4630.45,False,True,ridge_spline
TR-046279,2025-10-20,Dry Van,710.3,1435.86,1451.94,False,True,ridge_spline
TR-046280,2025-10-20,Reefer,1775.4,3776.77,3755.87,False,True,ridge_spline
TR-046281,2025-10-20,Dry Van,517.7,1114.5,1077.55,False,True,ridge_spline
TR-046282,2025-10-20,Dry Van,935.6,1885.05,1849.69,False,True,ridge_spline
TR-046283,2025-10-20,Dry Van,530.0,1108.88,1093.85,False,True,ridge_spline
TR-046284,2025-10-20,Flatbed,74.8,236.51,230.09,False,True,ridge_spline
TR-046285,2025-10-20,Reefer,1190.0,2782.84,2756.91,False,True,ridge_spline
TR-046286,2025-10-20,Flatbed,338.8,906.58,865.84,False,False,ridge_spline
TR-046287,2025-10-20,Dry Van,1370.1,2757.06,2625.25,False,True,ridge_spline
TR-046288,2025-10-20,Dry Van,453.6,1024.01,1011.11,False,True,ridge_spline
TR-046289,2025-10-20,Dry Van,1314.7,2577.82,2548.0,False,True,ridge_spline
TR-046290,2025-10-20,Reefer,1039.6,2378.1,2404.63,False,True,ridge_spline
TR-046291,2025-10-20,Dry Van,1867.2,3382.5,3352.12,False,True,ridge_spline
TR-046292,2025-10-20,Dry Van,847.3,1836.09,1774.36,False,True,ridge_spline
TR-046293,2025-10-20,Flatbed,1997.9,4000.03,3963.44,False,True,ridge_spline
TR-046294,2025-10-20,Dry Van,344.1,809.92,802.43,False,True,ridge_spline
TR-046295,2025-10-20,Reefer,517.6,1291.54,1285.88,False,True,ridge_spline
TR-046296,2025-10-20,Flatbed,1275.8,2571.24,2540.9,False,True,ridge_spline
TR-046297,2025-10-20,Reefer,304.8,861.44,834.33,False,True,ridge_spline
TR-046298,2025-10-20,Flatbed,1721.5,3261.52,3335.37,False,True,ridge_spline
TR-046299,2025-10-20,Dry Van,1826.5,3466.18,3504.62,False,True,ridge_spline
TR-046300,2025-10-20,Reefer,941.6,2155.31,2196.58,False,True,ridge_spline
TR-046301,2025-10-20,Reefer,2815.7,5782.14,5627.72,False,True,ridge_spline
TR-046302,2025-10-20,Reefer,2340.2,4846.66,4826.8,False,False,ridge_spline
TR-046303,2025-10-20,Reefer,1238.9,2839.88,2799.1,False,True,ridge_spline
TR-046304,2025-10-20,Dry Van,459.6,1014.97,1013.33,False,True,ridge_spline
TR-046305,2025-10-20,Dry Van,1056.9,2054.25,2094.15,False,True,ridge_spline
TR-046306,2025-10-20,Reefer,1543.2,3441.52,3467.37,False,True,ridge_spline
TR-046307,2025-10-20,Reefer,1049.0,2326.16,2289.14,False,True,ridge_spline
TR-046308,2025-10-20,Reefer,1174.6,2543.87,2571.37,False,True,ridge_spline
TR-046309,2025-10-20,Dry Van,78.6,217.22,217.77,False,False,ridge_spline
TR-046310,2025-10-21,Reefer,2350.2,4765.0,4655.08,False,True,ridge_spline
TR-046311,2025-10-21,Dry Van,1685.1,3339.97,3309.66,False,True,ridge_spline
TR-046312,2025-10-21,Dry Van,465.5,993.99,975.31,False,True,ridge_spline
TR-046313,2025-10-21,Dry Van,2892.2,5297.75,5156.53,False,True,ridge_spline
TR-046314,2025-10-21,Dry Van,774.5,1519.48,1529.16,False,True,ridge_spline
TR-046315,2025-10-21,Dry Van,760.0,1564.5,1564.4,False,True,ridge_spline
TR-046316,2025-10-21,Dry Van,1646.2,3197.15,3200.5,False,True,ridge_spline
TR-046317,2025-10-21,Flatbed,325.3,856.63,828.61,False,True,ridge_spline
TR-046318,2025-10-21,Dry Van,253.9,661.49,642.63,False,True,ridge_spline
TR-046319,2025-10-21,Reefer,3005.0,5920.98,6045.61,False,True,ridge_spline
TR-046320,2025-10-21,Dry Van,865.5,1842.89,1766.51,False,True,ridge_spline
TR-046321,2025-10-21,Reefer,2130.7,4230.45,4344.32,False,True,ridge_spline
TR-046322,2025-10-21,Reefer,261.2,679.64,680.63,False,True,ridge_spline
TR-046323,2025-10-21,Reefer,574.5,1350.69,1326.75,False,True,ridge_spline
TR-046324,2025-10-21,Dry Van,1008.4,2179.9,2139.61,False,True,ridge_spline
TR-046325,2025-10-21,Dry Van,251.9,650.05,631.26,False,True,ridge_spline
TR-046326,2025-10-21,Dry Van,555.9,1164.1,1144.62,False,True,ridge_spline
TR-046327,2025-10-21,Dry Van,396.3,894.69,886.52,False,True,ridge_spline
TR-046328,2025-10-21,Reefer,443.3,1093.01,1091.45,False,True,ridge_spline
TR-046329,2025-10-21,Dry Van,399.6,924.22,915.56,False,True,ridge_spline
TR-046330,2025-10-21,Flatbed,340.1,882.1,894.38,False,False,ridge_spline
TR-046331,2025-10-21,Reefer,481.8,1330.32,1322.09,False,True,ridge_spline
TR-046332,2025-10-21,Flatbed,888.3,2065.63,2043.34,False,True,ridge_spline
TR-046333,2025-10-21,Flatbed,399.5,960.84,946.27,False,True,ridge_spline
TR-046334,2025-10-21,Dry Van,1168.2,2291.87,2316.74,False,True,ridge_spline
TR-046335,2025-10-21,Reefer,1404.8,3093.85,3053.31,False,True,ridge_spline
TR-046336,2025-10-21,Flatbed,596.1,1412.82,1375.56,False,True,ridge_spline
TR-046337,2025-10-21,Flatbed,428.0,1023.6,1018.31,False,False,ridge_spline
TR-046338,2025-10-21,Dry Van,103.9,279.98,280.97,False,True,ridge_spline
TR-046339,2025-10-21,Dry Van,2248.6,4390.62,4310.93,False,True,ridge_spline
TR-046340,2025-10-21,Dry Van,1205.3,2552.75,2462.5,False,True,ridge_spline
TR-046341,2025-10-21,Dry Van,1085.7,2199.41,2157.04,False,True,ridge_spline
TR-046342,2025-10-21,Dry Van,1457.5,2786.26,2736.39,False,True,ridge_spline
TR-046343,2025-10-21,Dry Van,1468.4,2759.26,2783.35,False,True,ridge_spline
TR-046344,2025-10-21,Dry Van,612.2,1399.28,1367.15,False,True,ridge_spline
TR-046345,2025-10-21,Reefer,2792.1,5735.76,5714.05,False,True,ridge_spline
TR-046346,2025-10-21,Dry Van,1440.9,2905.85,2885.65,False,True,ridge_spline
TR-046347,2025-10-21,Dry Van,355.3,873.69,864.84,False,True,ridge_spline
TR-046348,2025-10-21,Flatbed,1118.1,2606.58,2508.83,False,False,ridge_spline
TR-046349,2025-10-21,Flatbed,594.7,1449.76,1460.58,False,True,ridge_spline
TR-046350,2025-10-21,Reefer,749.7,1768.41,1732.13,False,True,ridge_spline
TR-046351,2025-10-21,Flatbed,265.5,691.16,685.2,False,True,ridge_spline
TR-046352,2025-10-21,Dry Van,3024.9,5460.56,5421.46,False,True,ridge_spline
TR-046353,2025-10-21,Flatbed,204.1,560.6,546.69,False,True,ridge_spline
TR-046354,2025-10-21,Reefer,1572.4,3315.73,3459.47,False,True,ridge_spline
TR-046355,2025-10-21,Flatbed,1103.7,2407.3,2422.89,False,True,ridge_spline
TR-046356,2025-10-21,Dry Van,1377.3,2650.84,2591.54,False,True,ridge_spline
TR-046357,2025-10-21,Dry Van,696.4,1512.06,1481.24,False,True,ridge_spline
TR-046358,2025-10-21,Flatbed,604.7,1388.84,1333.17,False,True,ridge_spline
TR-046359,2025-10-21,Dry Van,1055.8,2063.13,2013.64,False,True,ridge_spline
TR-046360,2025-10-21,Flatbed,1682.5,3377.12,3434.4,False,True,ridge_spline
TR-046361,2025-10-21,Dry Van,1320.4,2542.36,2516.48,False,True,ridge_spline
TR-046362,2025-10-21,Dry Van,3075.3,5786.64,5642.94,False,True,ridge_spline
TR-046363,2025-10-21,Dry Van,1988.2,4013.23,3943.78,False,True,ridge_spline
TR-046364,2025-10-21,Flatbed,480.8,1182.77,1171.39,False,True,ridge_spline
TR-046365,2025-10-21,Dry Van,1091.9,2264.85,2223.38,False,True,ridge_spline
TR-046366,2025-10-21,Reefer,1141.0,2624.82,2608.38,False,True,ridge_spline
TR-046367,2025-10-21,Dry Van,2251.9,14403.14,4323.4,True,True,ridge_spline
TR-046368,2025-10-21,Dry Van,1891.3,3615.45,3593.7,False,True,ridge_spline
TR-046369,2025-10-21,Dry Van,1289.1,2619.84,2587.63,False,True,ridge_spline
TR-046370,2025-10-21,Flatbed,462.3,1068.05,1054.37,False,True,ridge_spline
TR-046371,2025-10-21,Dry Van,1827.4,3466.53,3434.02,False,True,ridge_spline
TR-046372,2025-10-21,Dry Van,702.1,1505.31,1486.67,False,True,ridge_spline
TR-046373,2025-10-21,Dry Van,716.6,1579.25,1535.17,False,True,ridge_spline
TR-046374,2025-10-21,Reefer,1986.2,4247.13,4238.96,False,True,ridge_spline
TR-046375,2025-10-21,Flatbed,1079.9,2177.46,2192.63,False,True,ridge_spline
TR-046376,2025-10-21,Dry Van,416.7,913.89,899.82,False,True,ridge_spline
TR-046377,2025-10-21,Flatbed,993.8,2220.12,2265.75,False,True,ridge_spline
TR-046378,2025-10-21,Reefer,885.0,2065.94,2057.83,False,True,ridge_spline
TR-046379,2025-10-21,Flatbed,1507.0,3139.19,3090.7,False,True,ridge_spline
TR-046380,2025-10-21,Dry Van,115.6,350.21,337.05,False,True,ridge_spline
TR-046381,2025-10-21,Dry Van,886.6,1969.61,1928.73,False,True,ridge_spline
TR-046382,2025-10-21,Flatbed,720.5,1734.62,1726.78,False,False,ridge_spline
TR-046383,2025-10-21,Dry Van,1694.8,3348.55,3268.73,False,True,ridge_spline
TR-046384,2025-10-21,Dry Van,510.2,1207.14,1158.21,False,True,ridge_spline
TR-046385,2025-10-21,Dry Van,1127.1,2235.95,2230.88,False,True,ridge_spline
TR-046386,2025-10-21,Reefer,1273.3,2726.46,2647.14,False,True,ridge_spline
TR-046387,2025-10-21,Flatbed,522.3,1165.49,1173.71,False,True,ridge_spline
TR-046388,2025-10-21,Dry Van,1140.6,2383.0,2319.85,False,True,ridge_spline
TR-046389,2025-10-21,Dry Van,286.7,642.65,648.13,False,True,ridge_spline
TR-046390,2025-10-21,Dry Van,1555.1,3106.83,3036.39,False,True,ridge_spline
TR-046391,2025-10-21,Dry Van,319.0,793.99,760.16,False,True,ridge_spline
TR-046392,2025-10-21,Dry Van,1271.2,2652.98,2575.41,False,True,ridge_spline
TR-046393,2025-10-21,Reefer,126.6,395.97,397.92,False,True,ridge_spline
TR-046394,2025-10-21,Flatbed,2034.6,4351.68,4308.87,False,True,ridge_spline
TR-046395,2025-10-21,Dry Van,2766.2,4900.65,4831.82,False,True,ridge_spline
TR-046396,2025-10-21,Dry Van,343.2,806.79,786.57,False,True,ridge_spline
TR-046397,2025-10-21,Dry Van,1003.4,1983.68,1935.22,False,True,ridge_spline
TR-046398,2025-10-21,Dry Van,534.1,1251.21,1220.65,False,True,ridge_spline
TR-046399,2025-10-21,Flatbed,984.1,2168.35,2172.53,False,True,ridge_spline
TR-046400,2025-10-21,Dry Van,276.6,123.32,681.28,True,True,ridge_spline
TR-046401,2025-10-21,Dry Van,541.3,1202.82,1187.27,False,True,ridge_spline
TR-046402,2025-10-21,Dry Van,1274.9,2559.32,2512.83,False,True,ridge_spline
TR-046403,2025-10-21,Reefer,1903.5,4021.92,3971.13,False,True,ridge_spline
TR-046404,2025-10-21,Dry Van,1373.7,2681.19,2678.58,False,True,ridge_spline
TR-046405,2025-10-21,Flatbed,531.5,1214.87,1192.53,False,True,ridge_spline
TR-046406,2025-10-21,Dry Van,329.2,802.46,809.89,False,True,ridge_spline
TR-046407,2025-10-21,Dry Van,1089.3,2216.38,2195.06,False,True,ridge_spline
TR-046408,2025-10-21,Reefer,1258.7,2832.47,2796.76,False,True,ridge_spline
TR-046409,2025-10-21,Dry Van,673.8,1331.75,1325.54,False,True,ridge_spline
TR-046410,2025-10-21,Flatbed,2263.4,4764.41,4519.69,False,True,ridge_spline
TR-046411,2025-10-21,Reefer,1204.5,2618.04,2635.9,False,True,ridge_spline
TR-046412,2025-10-21,Dry Van,833.7,1687.86,1644.99,False,True,ridge_spline
TR-046413,2025-10-21,Dry Van,2058.6,4184.37,4009.04,False,True,ridge_spline
TR-046414,2025-10-21,Dry Van,906.8,2011.67,1974.78,False,True,ridge_spline
TR-046415,2025-10-21,Reefer,2407.5,4893.47,4813.16,False,False,ridge_spline
TR-046416,2025-10-21,Dry Van,1363.3,2747.92,2668.09,False,True,ridge_spline
TR-046417,2025-10-21,Dry Van,1686.0,3304.22,3262.25,False,True,ridge_spline
TR-046418,2025-10-21,Flatbed,753.6,1742.78,1723.39,False,True,ridge_spline
TR-046419,2025-10-21,Dry Van,2299.5,4480.53,4341.44,False,True,ridge_spline
TR-046420,2025-10-21,Dry Van,2436.8,4119.27,4140.92,False,True,ridge_spline
TR-046421,2025-10-21,Dry Van,710.3,1618.05,1605.37,False,True,ridge_spline
TR-046422,2025-10-21,Dry Van,2346.2,4173.85,4170.1,False,True,ridge_spline
TR-046423,2025-10-21,Reefer,791.7,1981.96,1928.59,False,True,ridge_spline
TR-046424,2025-10-21,Dry Van,2489.1,4446.89,4423.7,False,True,ridge_spline
TR-046425,2025-10-21,Dry Van,475.9,1085.97,1078.22,False,True,ridge_spline
TR-046426,2025-10-21,Dry Van,417.8,2970.76,969.02,True,True,ridge_spline
TR-046427,2025-10-21,Dry Van,406.8,900.96,886.96,False,True,ridge_spline
TR-046428,2025-10-21,Flatbed,325.4,886.73,853.71,False,True,ridge_spline
TR-046429,2025-10-21,Dry Van,1933.4,3790.58,3787.01,False,True,ridge_spline
TR-046430,2025-10-21,Reefer,634.8,1548.2,1547.48,False,True,ridge_spline
TR-046431,2025-10-21,Dry Van,1059.5,2085.41,2071.06,False,True,ridge_spline
TR-046432,2025-10-21,Reefer,758.4,1793.53,1801.99,False,True,ridge_spline
TR-046433,2025-10-21,Reefer,604.0,1428.25,1419.61,False,True,ridge_spline
TR-046434,2025-10-21,Flatbed,1057.1,2269.47,2172.01,False,False,ridge_spline
TR-046435,2025-10-21,Dry Van,2130.0,3921.97,3865.14,False,True,ridge_spline
TR-046436,2025-10-21,Dry Van,200.0,521.48,521.96,False,True,ridge_spline
TR-046437,2025-10-21,Flatbed,397.6,1046.26,1064.31,False,False,ridge_spline
TR-046438,2025-10-21,Flatbed,658.2,1497.97,1504.33,False,True,ridge_spline
TR-046439,2025-10-21,Dry Van,440.6,971.46,959.84,False,True,ridge_spline
TR-046440,2025-10-21,Dry Van,2041.5,3965.03,3873.34,False,True,ridge_spline
TR-046441,2025-10-21,Dry Van,689.7,1476.03,1461.82,False,True,ridge_spline
TR-046442,2025-10-21,Flatbed,1548.0,3213.37,3184.11,False,True,ridge_spline
TR-046443,2025-10-21,Flatbed,872.9,1882.4,1837.08,False,False,ridge_spline
TR-046444,2025-10-21,Reefer,996.8,2276.2,2214.69,False,True,ridge_spline
TR-046445,2025-10-21,Dry Van,1555.5,3191.38,3126.06,False,True,ridge_spline
TR-046446,2025-10-21,Dry Van,1194.8,2435.41,2432.19,False,True,ridge_spline
TR-046447,2025-10-21,Dry Van,503.2,1046.13,1053.51,False,True,ridge_spline
TR-046448,2025-10-21,Flatbed,1021.4,2198.38,2210.17,False,True,ridge_spline
TR-046449,2025-10-21,Reefer,2874.3,5545.41,5569.8,False,True,ridge_spline
TR-046450,2025-10-21,Reefer,2135.1,4186.26,4447.13,False,True,ridge_spline
TR-046451,2025-10-21,Reefer,419.3,978.93,1014.09,False,True,ridge_spline
TR-046452,2025-10-21,Dry Van,282.5,693.04,670.83,False,True,ridge_spline
TR-046453,2025-10-21,Dry Van,536.3,1110.26,1097.62,False,True,ridge_spline
TR-046454,2025-10-21,Dry Van,2380.3,4600.85,4442.23,False,True,ridge_spline
TR-046455,2025-10-21,Reefer,1663.3,3850.44,3806.03,False,True,ridge_spline
TR-046456,2025-10-21,Reefer,1704.3,3724.61,3613.87,False,True,ridge_spline
TR-046457,2025-10-21,Dry Van,997.5,1986.47,1995.17,False,True,ridge_spline
TR-046458,2025-10-21,Dry Van,999.4,2088.18,2084.08,False,True,ridge_spline
TR-046459,2025-10-21,Dry Van,814.0,1708.45,1639.3,False,True,ridge_spline
TR-046460,2025-10-21,Dry Van,218.0,530.1,525.15,False,True,ridge_spline
TR-046461,2025-10-21,Dry Van,3096.8,5947.51,5749.1,False,True,ridge_spline
TR-046462,2025-10-21,Reefer,1622.3,3570.86,3653.68,False,True,ridge_spline
TR-046463,2025-10-21,Flatbed,568.6,1307.4,1326.64,False,False,ridge_spline
TR-046464,2025-10-21,Dry Van,991.0,1953.16,1942.74,False,True,ridge_spline
TR-046465,2025-10-22,Flatbed,745.2,1663.21,1678.29,False,True,ridge_spline
TR-046466,2025-10-22,Dry Van,2864.2,5004.7,5002.68,False,True,ridge_spline
TR-046467,2025-10-22,Dry Van,1700.2,3356.83,3223.07,False,True,ridge_spline
TR-046468,2025-10-22,Dry Van,833.1,1721.07,1733.34,False,True,ridge_spline
TR-046469,2025-10-22,Dry Van,458.5,1102.33,1069.29,False,True,ridge_spline
TR-046470,2025-10-22,Flatbed,1301.6,3000.82,2936.84,False,True,ridge_spline
TR-046471,2025-10-22,Reefer,1553.8,3408.71,3401.34,False,True,ridge_spline
TR-046472,2025-10-22,Dry Van,102.4,301.74,303.5,False,True,ridge_spline
TR-046473,2025-10-22,Flatbed,1491.3,3371.82,3260.11,False,True,ridge_spline
TR-046474,2025-10-22,Dry Van,91.6,258.37,259.37,False,True,ridge_spline
TR-046475,2025-10-22,Dry Van,525.8,1236.06,1197.42,False,True,ridge_spline
TR-046476,2025-10-22,Reefer,2228.1,4921.06,4839.2,False,True,ridge_spline
TR-046477,2025-10-22,Dry Van,2314.9,4096.07,4095.15,False,True,ridge_spline
TR-046478,2025-10-22,Reefer,3049.9,6303.7,6149.64,False,True,ridge_spline
TR-046479,2025-10-22,Reefer,859.1,1930.36,1971.61,False,True,ridge_spline
TR-046480,2025-10-22,Reefer,2018.7,3892.0,3952.11,False,True,ridge_spline
TR-046481,2025-10-22,Dry Van,296.2,712.44,715.59,False,True,ridge_spline
TR-046482,2025-10-22,Reefer,2139.9,4318.34,4365.43,False,True,ridge_spline
TR-046483,2025-10-22,Flatbed,1046.6,2411.85,2331.84,False,True,ridge_spline
TR-046484,2025-10-22,Flatbed,838.8,1988.26,1986.71,False,False,ridge_spline
TR-046485,2025-10-22,Reefer,1257.8,2760.03,2797.34,False,True,ridge_spline
TR-046486,2025-10-22,Flatbed,1187.3,2644.84,2637.6,False,False,ridge_spline
TR-046487,2025-10-22,Flatbed,418.4,1058.45,1042.88,False,True,ridge_spline
TR-046488,2025-10-22,Dry Van,1985.8,3678.77,3560.63,False,True,ridge_spline
TR-046489,2025-10-22,Dry Van,2105.9,3868.49,3839.06,False,True,ridge_spline
TR-046490,2025-10-22,Flatbed,532.0,1309.84,1318.87,False,True,ridge_spline
TR-046491,2025-10-22,Dry Van,330.2,775.99,790.35,False,True,ridge_spline
TR-046492,2025-10-22,Reefer,912.5,2155.11,2144.61,False,False,ridge_spline
TR-046493,2025-10-22,Flatbed,1025.6,2146.27,2185.8,False,True,ridge_spline
TR-046494,2025-10-22,Flatbed,1661.1,3629.61,3537.25,False,True,ridge_spline
TR-046495,2025-10-22,Dry Van,756.3,1742.47,1701.18,False,True,ridge_spline
TR-046496,2025-10-22,Reefer,2161.3,4523.99,4526.33,False,True,ridge_spline
TR-046497,2025-10-22,Reefer,2051.7,4220.16,4243.65,False,True,ridge_spline
TR-046498,2025-10-22,Dry Van,231.1,664.29,638.57,False,True,ridge_spline
TR-046499,2025-10-22,Reefer,507.2,1347.83,1297.1,False,True,ridge_spline
TR-046500,2025-10-22,Dry Van,2958.2,5551.03,5426.8,False,True,ridge_spline
TR-046501,2025-10-22,Dry Van,811.1,1691.2,1686.96,False,True,ridge_spline
TR-046502,2025-10-22,Dry Van,504.1,1144.41,1114.64,False,True,ridge_spline
TR-046503,2025-10-22,Flatbed,132.8,407.52,402.89,False,False,ridge_spline
TR-046504,2025-10-22,Dry Van,696.5,1455.6,1438.98,False,True,ridge_spline
TR-046505,2025-10-22,Dry Van,1015.6,2043.47,2052.35,False,True,ridge_spline
TR-046506,2025-10-22,Reefer,2460.4,4995.47,4949.4,False,True,ridge_spline
TR-046507,2025-10-22,Dry Van,446.5,1049.62,1033.81,False,True,ridge_spline
TR-046508,2025-10-22,Flatbed,1136.5,2624.53,2567.12,False,True,ridge_spline
TR-046509,2025-10-22,Flatbed,987.9,2138.6,2213.1,False,False,ridge_spline
TR-046510,2025-10-22,Dry Van,983.1,2022.03,2033.95,False,True,ridge_spline
TR-046511,2025-10-22,Dry Van,305.9,780.71,757.52,False,True,ridge_spline
TR-046512,2025-10-22,Dry Van,601.4,1385.85,1404.19,False,True,ridge_spline
TR-046513,2025-10-22,Reefer,412.3,1025.05,1047.66,False,True,ridge_spline
TR-046514,2025-10-22,Dry Van,2444.4,4544.18,4543.86,False,True,ridge_spline
TR-046515,2025-10-22,Dry Van,1471.7,2853.82,2751.03,False,True,ridge_spline
TR-046516,2025-10-22,Reefer,1325.5,2863.43,2823.75,False,True,ridge_spline
TR-046517,2025-10-22,Reefer,1684.3,14784.38,3608.66,True,False,ridge_spline
TR-046518,2025-10-22,Dry Van,451.0,1045.82,1022.73,False,True,ridge_spline
TR-046519,2025-10-22,Reefer,3059.5,6452.47,6481.38,False,True,ridge_spline
TR-046520,2025-10-22,Dry Van,755.0,1636.03,1611.23,False,True,ridge_spline
TR-046521,2025-10-22,Flatbed,1105.1,2357.26,2394.39,False,True,ridge_spline
TR-046522,2025-10-22,Flatbed,582.4,1354.85,1365.81,False,True,ridge_spline
TR-046523,2025-10-22,Flatbed,908.1,2044.87,2044.37,False,True,ridge_spline
TR-046524,2025-10-22,Dry Van,695.0,1441.9,1413.51,False,True,ridge_spline
TR-046525,2025-10-22,Reefer,2324.6,4770.79,4861.72,False,True,ridge_spline
TR-046526,2025-10-22,Reefer,512.2,1328.25,1316.08,False,True,ridge_spline
TR-046527,2025-10-22,Reefer,1826.3,3980.59,3997.57,False,True,ridge_spline
TR-046528,2025-10-22,Dry Van,391.8,871.19,866.22,False,True,ridge_spline
TR-046529,2025-10-22,Dry Van,2219.9,4028.2,4018.78,False,True,ridge_spline
TR-046530,2025-10-22,Reefer,1016.8,2551.19,2447.23,False,True,ridge_spline
TR-046531,2025-10-22,Reefer,1211.0,2642.91,2632.0,False,True,ridge_spline
TR-046532,2025-10-22,Dry Van,1018.1,2143.64,2090.71,False,True,ridge_spline
TR-046533,2025-10-22,Dry Van,1694.9,3494.61,3424.29,False,True,ridge_spline
TR-046534,2025-10-22,Flatbed,192.8,542.56,537.63,False,True,ridge_spline
TR-046535,2025-10-22,Flatbed,1110.1,2533.72,2562.44,False,True,ridge_spline
TR-046536,2025-10-22,Dry Van,2873.2,5232.81,5175.53,False,True,ridge_spline
TR-046537,2025-10-22,Reefer,505.4,1309.66,1318.79,False,True,ridge_spline
TR-046538,2025-10-22,Flatbed,2417.8,5006.3,4953.7,False,True,ridge_spline
TR-046539,2025-10-22,Dry Van,826.8,1748.43,1709.57,False,True,ridge_spline
TR-046540,2025-10-22,Reefer,793.2,1983.25,1991.61,False,True,ridge_spline
TR-046541,2025-10-22,Flatbed,2772.4,5723.31,5613.64,False,False,ridge_spline
TR-046542,2025-10-22,Flatbed,727.5,1560.71,1589.36,False,True,ridge_spline
TR-046543,2025-10-22,Dry Van,1146.0,2335.15,2351.52,False,True,ridge_spline
TR-046544,2025-10-22,Dry Van,463.9,1011.88,990.6,False,True,ridge_spline
TR-046545,2025-10-22,Flatbed,537.7,1238.84,1274.34,False,False,ridge_spline
TR-046546,2025-10-22,Dry Van,2402.2,4584.52,4657.83,False,True,ridge_spline
TR-046547,2025-10-22,Dry Van,1435.8,2942.45,2920.38,False,True,ridge_spline
TR-046548,2025-10-22,Dry Van,772.9,1604.29,1534.52,False,True,ridge_spline
TR-046549,2025-10-22,Dry Van,1990.6,3721.16,3758.77,False,True,ridge_spline
TR-046550,2025-10-22,Flatbed,500.0,1185.29,1146.86,False,True,ridge_spline
TR-046551,2025-10-22,Flatbed,778.3,1726.53,1697.7,False,True,ridge_spline
TR-046552,2025-10-22,Dry Van,1161.5,2301.62,2349.08,False,True,ridge_spline
TR-046553,2025-10-22,Reefer,706.0,1660.06,1667.84,False,True,ridge_spline
TR-046554,2025-10-22,Dry Van,522.9,1141.94,1147.68,False,True,ridge_spline
TR-046555,2025-10-22,Dry Van,487.9,1060.19,1036.95,False,True,ridge_spline
TR-046556,2025-10-22,Dry Van,2037.3,3839.75,3860.66,False,True,ridge_spline
TR-046557,2025-10-22,Flatbed,663.7,1530.79,1580.64,False,True,ridge_spline
TR-046558,2025-10-22,Reefer,1745.0,3652.95,3773.64,False,True,ridge_spline
TR-046559,2025-10-22,Dry Van,1343.3,2699.39,2764.2,False,True,ridge_spline
TR-046560,2025-10-22,Reefer,1376.3,3332.52,3240.86,False,True,ridge_spline
TR-046561,2025-10-22,Dry Van,326.9,780.38,766.26,False,True,ridge_spline
TR-046562,2025-10-22,Flatbed,1705.9,3557.23,3525.24,False,False,ridge_spline
TR-046563,2025-10-22,Reefer,2833.0,5851.62,5755.32,False,True,ridge_spline
TR-046564,2025-10-22,Dry Van,274.0,651.91,644.22,False,True,ridge_spline
TR-046565,2025-10-22,Flatbed,1124.0,2381.33,2293.81,False,True,ridge_spline
TR-046566,2025-10-22,Reefer,1355.9,3104.16,3126.44,False,True,ridge_spline
TR-046567,2025-10-22,Flatbed,1266.8,2614.42,2695.53,False,True,ridge_spline
TR-046568,2025-10-22,Dry Van,593.1,1229.26,1235.97,False,True,ridge_spline
TR-046569,2025-10-22,Dry Van,475.0,1144.34,1111.28,False,True,ridge_spline
TR-046570,2025-10-22,Reefer,603.1,1590.58,1571.02,False,True,ridge_spline
TR-046571,2025-10-22,Reefer,2204.7,4717.8,4815.76,False,False,ridge_spline
TR-046572,2025-10-22,Reefer,2934.5,6053.36,6047.25,False,True,ridge_spline
TR-046573,2025-10-22,Reefer,656.3,1631.66,1591.21,False,True,ridge_spline
TR-046574,2025-10-22,Reefer,1363.5,2989.44,2972.26,False,True,ridge_spline
TR-046575,2025-10-22,Dry Van,948.6,1851.21,1882.17,False,True,ridge_spline
TR-046576,2025-10-22,Reefer,2451.3,5316.93,5299.56,False,True,ridge_spline
TR-046577,2025-10-22,Dry Van,2646.8,4696.47,4606.15,False,True,ridge_spline
TR-046578,2025-10-22,Dry Van,2232.0,4048.34,4089.63,False,True,ridge_spline
TR-046579,2025-10-22,Dry Van,352.3,807.53,788.13,False,True,ridge_spline
TR-046580,2025-10-22,Dry Van,759.3,1628.52,1588.83,False,True,ridge_spline
TR-046581,2025-10-22,Dry Van,1868.2,3859.48,3738.28,False,True,ridge_spline
TR-046582,2025-10-22,Dry Van,1505.8,2912.89,2888.41,False,True,ridge_spline
TR-046583,2025-10-22,Reefer,645.1,4892.72,1545.19,True,True,ridge_spline
TR-046584,2025-10-22,Dry Van,2250.8,4314.84,4310.13,False,True,ridge_spline
TR-046585,2025-10-22,Dry Van,582.0,1322.8,1333.34,False,True,ridge_spline
TR-046586,2025-10-22,Reefer,184.5,612.12,595.0,False,True,ridge_spline
TR-046587,2025-10-22,Dry Van,2019.5,3585.07,3608.72,False,True,ridge_spline
TR-046588,2025-10-22,Dry Van,956.4,1959.85,1903.83,False,True,ridge_spline
TR-046589,2025-10-22,Reefer,902.8,2105.22,2026.56,False,True,ridge_spline
TR-046590,2025-10-22,Flatbed,277.2,726.82,718.43,False,True,ridge_spline
TR-046591,2025-10-22,Dry Van,470.7,1132.13,1145.45,False,True,ridge_spline
TR-046592,2025-10-22,Dry Van,1216.6,2583.27,2528.71,False,True,ridge_spline
TR-046593,2025-10-22,Flatbed,349.7,873.47,878.02,False,False,ridge_spline
TR-046594,2025-10-22,Flatbed,131.1,394.73,393.56,False,True,ridge_spline
TR-046595,2025-10-22,Dry Van,581.4,1211.67,1191.03,False,True,ridge_spline
TR-046596,2025-10-22,Dry Van,596.7,1225.8,1249.88,False,True,ridge_spline
TR-046597,2025-10-22,Flatbed,692.2,1670.77,1642.92,False,False,ridge_spline
TR-046598,2025-10-22,Dry Van,684.5,1376.74,1366.7,False,True,ridge_spline
TR-046599,2025-10-22,Flatbed,180.6,513.66,511.58,False,False,ridge_spline
TR-046600,2025-10-22,Reefer,626.1,1525.01,1477.89,False,True,ridge_spline
TR-046601,2025-10-22,Dry Van,1015.4,2052.74,2028.96,False,True,ridge_spline
TR-046602,2025-10-22,Flatbed,794.5,1720.26,1702.5,False,True,ridge_spline
TR-046603,2025-10-22,Dry Van,1154.7,2343.8,2335.78,False,True,ridge_spline
TR-046604,2025-10-22,Flatbed,795.8,1926.44,1926.21,False,False,ridge_spline
TR-046605,2025-10-22,Dry Van,956.6,2037.74,2040.61,False,True,ridge_spline
TR-046606,2025-10-22,Dry Van,1556.2,2916.59,2929.1,False,True,ridge_spline
TR-046607,2025-10-22,Reefer,820.1,2022.85,2020.73,False,True,ridge_spline
TR-046608,2025-10-22,Reefer,2797.6,5664.3,5631.74,False,True,ridge_spline
TR-046609,2025-10-22,Reefer,789.1,1881.48,1909.21,False,False,ridge_spline
TR-046610,2025-10-22,Dry Van,543.5,1164.69,1148.01,False,True,ridge_spline
TR-046611,2025-10-22,Reefer,290.9,804.22,804.62,False,True,ridge_spline
TR-046612,2025-10-23,Reefer,825.9,1942.88,1987.78,False,True,ridge_spline
TR-046613,2025-10-23,Dry Van,176.7,474.38,461.66,False,True,ridge_spline
TR-046614,2025-10-23,Flatbed,1038.6,7151.41,2175.25,True,True,ridge_spline
TR-046615,2025-10-23,Flatbed,2824.2,5187.81,5467.05,False,False,ridge_spline
TR-046616,2025-10-23,Dry Van,531.6,1237.21,1210.85,False,True,ridge_spline
TR-046617,2025-10-23,Dry Van,2116.9,4052.55,3970.17,False,True,ridge_spline
TR-046618,2025-10-23,Dry Van,917.0,1794.23,1798.29,False,True,ridge_spline
TR-046619,2025-10-23,Flatbed,2310.1,4903.84,4788.66,False,False,ridge_spline
TR-046620,2025-10-23,Flatbed,1149.9,2588.61,2612.39,False,True,ridge_spline
TR-046621,2025-10-23,Flatbed,409.6,1006.81,1038.0,False,True,ridge_spline
TR-046622,2025-10-23,Reefer,908.9,2132.94,2099.18,False,True,ridge_spline
TR-046623,2025-10-23,Reefer,1130.0,2449.96,2370.86,False,True,ridge_spline
TR-046624,2025-10-23,Dry Van,689.6,1644.47,1607.9,False,True,ridge_spline
TR-046625,2025-10-23,Dry Van,2299.0,4481.13,4405.96,False,True,ridge_spline
TR-046626,2025-10-23,Dry Van,1991.7,4032.37,3947.29,False,True,ridge_spline
TR-046627,2025-10-23,Dry Van,2139.9,4170.26,4143.78,False,True,ridge_spline
TR-046628,2025-10-23,Dry Van,467.8,1009.38,997.34,False,True,ridge_spline
TR-046629,2025-10-23,Dry Van,2256.4,4048.53,4020.74,False,True,ridge_spline
TR-046630,2025-10-23,Dry Van,843.5,1971.47,1897.1,False,True,ridge_spline
TR-046631,2025-10-23,Reefer,396.1,1011.13,1021.37,False,True,ridge_spline
TR-046632,2025-10-23,Reefer,909.9,2157.52,2124.24,False,True,ridge_spline
TR-046633,2025-10-23,Dry Van,1845.8,3353.42,3376.54,False,True,ridge_spline
TR-046634,2025-10-23,Reefer,1000.9,2241.31,2207.53,False,True,ridge_spline
TR-046635,2025-10-23,Reefer,835.2,1890.04,1889.41,False,True,ridge_spline
TR-046636,2025-10-23,Reefer,428.9,1191.43,1160.97,False,True,ridge_spline
TR-046637,2025-10-23,Dry Van,150.9,380.11,381.54,False,True,ridge_spline
TR-046638,2025-10-23,Reefer,465.4,1158.68,1167.47,False,False,ridge_spline
TR-046639,2025-10-23,Dry Van,897.3,1884.25,1846.39,False,True,ridge_spline
TR-046640,2025-10-23,Dry Van,1006.0,2046.68,2030.32,False,True,ridge_spline
TR-046641,2025-10-23,Dry Van,2637.6,5011.38,4857.26,False,True,ridge_spline
TR-046642,2025-10-23,Reefer,2343.7,5139.92,5279.24,False,False,ridge_spline
TR-046643,2025-10-23,Reefer,523.3,1342.34,1332.47,False,True,ridge_spline
TR-046644,2025-10-23,Reefer,2416.0,5367.21,5164.42,False,False,ridge_spline
TR-046645,2025-10-23,Dry Van,2474.7,4407.32,4419.22,False,True,ridge_spline
TR-046646,2025-10-23,Dry Van,398.6,910.72,917.38,False,True,ridge_spline
TR-046647,2025-10-23,Reefer,748.4,1780.1,1814.77,False,True,ridge_spline
TR-046648,2025-10-23,Flatbed,381.7,1003.47,993.88,False,True,ridge_spline
TR-046649,2025-10-23,Dry Van,847.2,1667.28,1671.3,False,True,ridge_spline
TR-046650,2025-10-23,Dry Van,498.1,1159.83,1114.1,False,True,ridge_spline
TR-046651,2025-10-23,Dry Van,2517.9,4641.2,4600.42,False,True,ridge_spline
TR-046652,2025-10-23,Flatbed,994.2,2204.92,2189.12,False,True,ridge_spline
TR-046653,2025-10-23,Dry Van,529.6,1142.58,1150.63,False,True,ridge_spline
TR-046654,2025-10-23,Dry Van,1550.1,3071.49,3130.63,False,True,ridge_spline
TR-046655,2025-10-23,Dry Van,134.5,363.25,355.16,False,True,ridge_spline
TR-046656,2025-10-23,Dry Van,485.6,1041.25,1038.74,False,True,ridge_spline
TR-046657,2025-10-23,Dry Van,70.0,206.33,203.61,False,True,ridge_spline
TR-046658,2025-10-23,Flatbed,713.8,1676.94,1701.74,False,True,ridge_spline
TR-046659,2025-10-23,Dry Van,813.3,1745.14,1748.09,False,True,ridge_spline
TR-046660,2025-10-23,Dry Van,415.3,859.39,872.0,False,True,ridge_spline
TR-046661,2025-10-23,Reefer,864.1,2021.14,1993.58,False,True,ridge_spline
TR-046662,2025-10-23,Flatbed,638.0,1470.99,1427.64,False,True,ridge_spline
TR-046663,2025-10-23,Dry Van,484.5,1089.06,1085.77,False,True,ridge_spline
TR-046664,2025-10-23,Flatbed,1285.7,2824.36,2785.73,False,True,ridge_spline
TR-046665,2025-10-23,Reefer,499.8,1336.62,1319.88,False,True,ridge_spline
TR-046666,2025-10-23,Flatbed,1202.1,2595.2,2565.89,False,True,ridge_spline
TR-046667,2025-10-23,Reefer,1735.6,3908.33,3852.7,False,True,ridge_spline
TR-046668,2025-10-23,Dry Van,1643.6,9305.14,3098.59,True,True,ridge_spline
TR-046669,2025-10-23,Dry Van,1109.2,2133.09,2143.52,False,True,ridge_spline
TR-046670,2025-10-23,Flatbed,913.5,2152.1,2097.17,False,True,ridge_spline
TR-046671,2025-10-23,Dry Van,2021.2,849.97,3890.41,True,True,ridge_spline
TR-046672,2025-10-23,Reefer,1292.7,2949.86,2946.6,False,True,ridge_spline
TR-046673,2025-10-23,Reefer,366.6,969.41,922.03,False,True,ridge_spline
TR-046674,2025-10-23,Reefer,100.5,321.41,314.92,False,True,ridge_spline
TR-046675,2025-10-23,Dry Van,2161.9,4139.61,4069.9,False,True,ridge_spline
TR-046676,2025-10-23,Dry Van,1591.9,3197.79,3118.88,False,True,ridge_spline
TR-046677,2025-10-23,Dry Van,745.4,1596.29,1565.28,False,True,ridge_spline
TR-046678,2025-10-23,Reefer,958.0,2167.17,2211.83,False,True,ridge_spline
TR-046679,2025-10-23,Flatbed,560.2,1306.45,1322.28,False,True,ridge_spline
TR-046680,2025-10-23,Dry Van,506.5,1080.08,1040.19,False,True,ridge_spline
TR-046681,2025-10-23,Flatbed,755.3,1786.5,1770.96,False,True,ridge_spline
TR-046682,2025-10-23,Reefer,1999.9,4514.59,4432.39,False,True,ridge_spline
TR-046683,2025-10-23,Dry Van,833.7,1693.15,1697.57,False,True,ridge_spline
TR-046684,2025-10-23,Flatbed,588.2,1431.47,1437.8,False,True,ridge_spline
TR-046685,2025-10-23,Dry Van,688.7,1443.55,1409.22,False,True,ridge_spline
TR-046686,2025-10-23,Dry Van,197.2,546.54,525.15,False,True,ridge_spline
TR-046687,2025-10-23,Reefer,580.2,1462.18,1420.32,False,True,ridge_spline
TR-046688,2025-10-23,Dry Van,633.4,1377.08,1353.31,False,True,ridge_spline
TR-046689,2025-10-23,Flatbed,2732.4,5099.7,5080.15,False,True,ridge_spline
TR-046690,2025-10-23,Dry Van,2513.6,4880.25,4670.49,False,True,ridge_spline
TR-046691,2025-10-23,Reefer,1480.5,3442.11,3393.91,False,True,ridge_spline
TR-046692,2025-10-23,Dry Van,1664.5,3305.45,3193.01,False,True,ridge_spline
TR-046693,2025-10-23,Dry Van,1148.2,2266.92,2220.13,False,True,ridge_spline
TR-046694,2025-10-23,Flatbed,1184.5,2714.72,2731.5,False,True,ridge_spline
TR-046695,2025-10-23,Dry Van,532.0,1242.06,1218.8,False,True,ridge_spline
TR-046696,2025-10-23,Dry Van,837.5,1845.46,1840.28,False,True,ridge_spline
TR-046697,2025-10-23,Reefer,1092.5,2500.44,2456.56,False,False,ridge_spline
TR-046698,2025-10-23,Dry Van,160.0,413.84,421.81,False,True,ridge_spline
TR-046699,2025-10-23,Reefer,665.5,1587.93,1579.46,False,True,ridge_spline
TR-046700,2025-10-23,Flatbed,491.9,1253.74,1236.59,False,True,ridge_spline
TR-046701,2025-10-23,Flatbed,1629.8,3568.3,3489.78,False,True,ridge_spline
TR-046702,2025-10-23,Dry Van,1508.0,3088.52,3040.77,False,True,ridge_spline
TR-046703,2025-10-23,Dry Van,517.2,1125.09,1103.61,False,True,ridge_spline
TR-046704,2025-10-23,Dry Van,887.0,2035.6,1978.76,False,True,ridge_spline
TR-046705,2025-10-23,Dry Van,542.3,1169.61,1142.04,False,True,ridge_spline
TR-046706,2025-10-23,Dry Van,2027.0,3717.95,3709.07,False,True,ridge_spline
TR-046707,2025-10-23,Dry Van,2004.4,3829.0,3752.48,False,True,ridge_spline
TR-046708,2025-10-23,Dry Van,451.2,1075.14,1063.85,False,True,ridge_spline
TR-046709,2025-10-23,Dry Van,2120.3,4018.27,4087.31,False,True,ridge_spline
TR-046710,2025-10-23,Dry Van,622.1,1428.98,1361.12,False,True,ridge_spline
TR-046711,2025-10-23,Dry Van,2168.0,4100.18,4033.76,False,True,ridge_spline
TR-046712,2025-10-23,Reefer,1209.1,2780.68,2751.15,False,True,ridge_spline
TR-046713,2025-10-23,Dry Van,677.2,1518.72,1474.94,False,True,ridge_spline
TR-046714,2025-10-23,Reefer,948.2,2200.86,2183.84,False,True,ridge_spline
TR-046715,2025-10-23,Dry Van,1038.4,2308.44,2247.01,False,True,ridge_spline
TR-046716,2025-10-23,Flatbed,410.9,1109.65,1088.82,False,True,ridge_spline
TR-046717,2025-10-23,Dry Van,2845.4,5354.03,5269.34,False,True,ridge_spline
TR-046718,2025-10-23,Dry Van,439.1,972.57,967.85,False,True,ridge_spline
TR-046719,2025-10-23,Dry Van,277.5,722.84,704.98,False,True,ridge_spline
TR-046720,2025-10-23,Flatbed,616.7,572.98,1389.1,True,False,ridge_spline
TR-046721,2025-10-23,Flatbed,348.2,921.11,933.37,False,True,ridge_spline
TR-046722,2025-10-23,Dry Van,2100.1,4135.5,4065.03,False,True,ridge_spline
TR-046723,2025-10-23,Dry Van,2980.2,5618.27,5390.7,False,True,ridge_spline
TR-046724,2025-10-23,Dry Van,230.8,612.01,580.51,False,True,ridge_spline
TR-046725,2025-10-23,Flatbed,599.8,1371.1,1368.91,False,True,ridge_spline
TR-046726,2025-10-23,Dry Van,509.1,1230.04,1227.83,False,True,ridge_spline
TR-046727,2025-10-23,Flatbed,661.5,1563.23,1556.39,False,True,ridge_spline
TR-046728,2025-10-23,Dry Van,2436.5,4268.73,4273.78,False,True,ridge_spline
TR-046729,2025-10-23,Reefer,955.2,2114.63,2168.24,False,False,ridge_spline
TR-046730,2025-10-23,Dry Van,447.5,990.67,988.52,False,True,ridge_spline
TR-046731,2025-10-23,Dry Van,479.3,4635.85,1114.61,True,True,ridge_spline
TR-046732,2025-10-23,Dry Van,1190.0,2393.29,2372.62,False,True,ridge_spline
TR-046733,2025-10-23,Flatbed,2310.6,4605.7,4467.13,False,True,ridge_spline
TR-046734,2025-10-23,Reefer,2415.1,4970.7,4858.23,False,True,ridge_spline
TR-046735,2025-10-23,Dry Van,586.3,1245.2,1216.11,False,True,ridge_spline
TR-046736,2025-10-23,Flatbed,2367.8,4815.53,4803.53,False,True,ridge_spline
TR-046737,2025-10-23,Dry Van,790.3,1624.97,1644.24,False,True,ridge_spline
TR-046738,2025-10-23,Dry Van,2799.4,5035.02,5015.55,False,True,ridge_spline
TR-046739,2025-10-23,Dry Van,940.3,1853.8,1899.65,False,True,ridge_spline
TR-046740,2025-10-23,Dry Van,2003.5,3895.0,3867.08,False,True,ridge_spline
TR-046741,2025-10-23,Flatbed,2451.1,5150.17,5121.24,False,True,ridge_spline
TR-046742,2025-10-23,Flatbed,500.4,1112.23,1108.94,False,True,ridge_spline
TR-046743,2025-10-23,Dry Van,275.2,654.13,649.03,False,True,ridge_spline
TR-046744,2025-10-23,Dry Van,219.1,583.45,564.25,False,True,ridge_spline
TR-046745,2025-10-23,Reefer,695.5,1596.84,1616.47,False,True,ridge_spline
TR-046746,2025-10-23,Reefer,1681.0,3731.56,3653.33,False,True,ridge_spline
TR-046747,2025-10-23,Dry Van,364.3,863.63,868.89,False,True,ridge_spline
TR-046748,2025-10-23,Dry Van,2049.1,3944.99,3836.66,False,True,ridge_spline
TR-046749,2025-10-23,Dry Van,1113.4,2142.57,2142.07,False,True,ridge_spline
TR-046750,2025-10-23,Dry Van,383.7,924.83,911.62,False,True,ridge_spline
TR-046751,2025-10-23,Reefer,929.1,2187.86,2180.88,False,True,ridge_spline
TR-046752,2025-10-23,Dry Van,2433.2,4645.48,4548.0,False,True,ridge_spline
TR-046753,2025-10-23,Dry Van,687.4,1480.07,1448.25,False,True,ridge_spline
TR-046754,2025-10-23,Dry Van,785.0,1706.94,1702.72,False,True,ridge_spline
TR-046755,2025-10-23,Dry Van,1876.2,3748.08,3773.16,False,True,ridge_spline
TR-046756,2025-10-23,Dry Van,866.3,1852.24,1814.34,False,True,ridge_spline
TR-046757,2025-10-23,Dry Van,1235.4,2619.79,2626.79,False,True,ridge_spline
TR-046758,2025-10-23,Reefer,374.3,939.94,947.19,False,True,ridge_spline
TR-046759,2025-10-23,Dry Van,434.4,1062.75,1050.64,False,True,ridge_spline
TR-046760,2025-10-23,Dry Van,465.8,1153.14,1127.15,False,True,ridge_spline
TR-046761,2025-10-23,Flatbed,1771.3,3789.36,3793.31,False,True,ridge_spline
TR-046762,2025-10-23,Reefer,185.8,596.86,582.03,False,True,ridge_spline
TR-046763,2025-10-23,Dry Van,1490.2,3084.04,3002.27,False,True,ridge_spline
TR-046764,2025-10-23,Dry Van,508.3,1255.82,1199.83,False,True,ridge_spline
TR-046765,2025-10-23,Flatbed,693.2,1761.27,1722.59,False,True,ridge_spline
TR-046766,2025-10-23,Reefer,916.9,2288.92,2256.57,False,True,ridge_spline
TR-046767,2025-10-23,Dry Van,1066.2,2211.88,2235.75,False,True,ridge_spline
TR-046768,2025-10-24,Dry Van,1451.4,3003.33,3005.13,False,True,ridge_spline
TR-046769,2025-10-24,Flatbed,1612.3,3553.74,3428.77,False,True,ridge_spline
TR-046770,2025-10-24,Dry Van,1054.4,2133.6,2163.64,False,True,ridge_spline
TR-046771,2025-10-24,Dry Van,1087.7,2137.08,2121.93,False,True,ridge_spline
TR-046772,2025-10-24,Dry Van,376.5,882.15,875.77,False,True,ridge_spline
TR-046773,2025-10-24,Dry Van,207.0,568.79,562.63,False,True,ridge_spline
TR-046774,2025-10-24,Flatbed,2586.1,5267.14,5034.26,False,True,ridge_spline
TR-046775,2025-10-24,Flatbed,2632.8,5090.24,5260.07,False,True,ridge_spline
TR-046776,2025-10-24,Dry Van,345.9,842.01,839.5,False,True,ridge_spline
TR-046777,2025-10-24,Dry Van,615.8,1398.76,1365.28,False,True,ridge_spline
TR-046778,2025-10-24,Dry Van,1001.8,537.57,2078.29,True,True,ridge_spline
TR-046779,2025-10-24,Dry Van,1832.4,3574.44,3623.28,False,True,ridge_spline
TR-046780,2025-10-24,Reefer,818.5,1894.78,1911.57,False,True,ridge_spline
TR-046781,2025-10-24,Dry Van,435.1,1015.18,1018.03,False,True,ridge_spline
TR-046782,2025-10-24,Reefer,836.0,2059.56,2062.81,False,True,ridge_spline
TR-046783,2025-10-24,Dry Van,201.7,526.96,533.14,False,True,ridge_spline
TR-046784,2025-10-24,Reefer,726.1,1841.3,1762.94,False,True,ridge_spline
TR-046785,2025-10-24,Dry Van,572.4,1316.74,1329.75,False,True,ridge_spline
TR-046786,2025-10-24,Reefer,721.5,1620.85,1611.57,False,True,ridge_spline
TR-046787,2025-10-24,Reefer,654.4,1602.69,1620.21,False,True,ridge_spline
TR-046788,2025-10-24,Dry Van,725.4,1542.94,1519.88,False,True,ridge_spline
TR-046789,2025-10-24,Dry Van,444.8,1030.9,1031.78,False,True,ridge_spline
TR-046790,2025-10-24,Dry Van,334.9,848.27,838.98,False,True,ridge_spline
TR-046791,2025-10-24,Reefer,859.7,1942.11,1982.85,False,False,ridge_spline
TR-046792,2025-10-24,Dry Van,449.4,1080.16,1055.7,False,True,ridge_spline
TR-046793,2025-10-24,Dry Van,201.1,539.01,533.31,False,True,ridge_spline
TR-046794,2025-10-24,Dry Van,732.2,1612.83,1566.53,False,True,ridge_spline
TR-046795,2025-10-24,Dry Van,580.7,1313.54,1271.56,False,True,ridge_spline
TR-046796,2025-10-24,Dry Van,1148.2,2270.13,2305.24,False,True,ridge_spline
TR-046797,2025-10-24,Dry Van,3071.2,5919.08,5682.73,False,True,ridge_spline
TR-046798,2025-10-24,Flatbed,611.9,1522.89,1450.88,False,True,ridge_spline
TR-046799,2025-10-24,Dry Van,2097.2,4063.42,4075.89,False,True,ridge_spline
TR-046800,2025-10-24,Reefer,811.1,2003.53,1968.03,False,True,ridge_spline
TR-046801,2025-10-24,Dry Van,1204.1,2485.6,2462.79,False,True,ridge_spline
TR-046802,2025-10-24,Dry Van,2800.4,4817.06,4741.69,False,True,ridge_spline
TR-046803,2025-10-24,Reefer,2776.7,5560.64,5507.82,False,True,ridge_spline
TR-046804,2025-10-24,Dry Van,341.2,786.95,778.73,False,False,ridge_spline
TR-046805,2025-10-24,Dry Van,334.7,831.97,846.27,False,True,ridge_spline
TR-046806,2025-10-24,Dry Van,1158.2,2488.38,2397.02,False,True,ridge_spline
TR-046807,2025-10-24,Reefer,1579.0,3544.56,3417.65,False,True,ridge_spline
TR-046808,2025-10-24,Dry Van,744.7,1578.16,1565.84,False,True,ridge_spline
TR-046809,2025-10-24,Reefer,2946.0,6105.86,5767.79,False,True,ridge_spline
TR-046810,2025-10-24,Dry Van,2235.7,4422.7,4220.12,False,True,ridge_spline
TR-046811,2025-10-24,Reefer,820.2,2020.54,1913.52,False,True,ridge_spline
TR-046812,2025-10-24,Reefer,2713.3,5842.97,5665.0,False,False,ridge_spline
TR-046813,2025-10-24,Dry Van,1455.9,2829.31,2877.41,False,True,ridge_spline
TR-046814,2025-10-24,Dry Van,1994.1,4112.14,4031.6,False,True,ridge_spline
TR-046815,2025-10-24,Dry Van,1650.7,3326.87,3305.68,False,True,ridge_spline
TR-046816,2025-10-24,Flatbed,1143.1,2364.43,2333.7,False,True,ridge_spline
TR-046817,2025-10-24,Reefer,132.4,410.84,409.49,False,True,ridge_spline
TR-046818,2025-10-24,Dry Van,567.9,1273.33,1218.1,False,True,ridge_spline
TR-046819,2025-10-24,Reefer,1019.9,2496.4,2355.92,False,True,ridge_spline
TR-046820,2025-10-24,Dry Van,977.6,1930.19,1933.42,False,True,ridge_spline
TR-046821,2025-10-24,Dry Van,1166.0,2322.58,2345.63,False,True,ridge_spline
TR-046822,2025-10-24,Reefer,1295.4,2919.45,2934.74,False,True,ridge_spline
TR-046823,2025-10-24,Reefer,405.6,1032.25,1007.15,False,True,ridge_spline
TR-046824,2025-10-24,Dry Van,331.8,781.04,767.09,False,True,ridge_spline
TR-046825,2025-10-24,Dry Van,387.9,856.78,844.64,False,True,ridge_spline
TR-046826,2025-10-24,Flatbed,976.0,2152.48,2173.57,False,True,ridge_spline
TR-046827,2025-10-24,Reefer,371.7,914.61,901.59,False,True,ridge_spline
TR-046828,2025-10-24,Dry Van,1717.1,3218.52,3250.1,False,True,ridge_spline
TR-046829,2025-10-24,Dry Van,481.2,1056.33,1066.62,False,True,ridge_spline
TR-046830,2025-10-24,Dry Van,94.1,247.16,248.29,False,True,ridge_spline
TR-046831,2025-10-24,Reefer,445.6,1241.29,1225.48,False,True,ridge_spline
TR-046832,2025-10-24,Dry Van,1666.9,3273.81,3274.68,False,True,ridge_spline
TR-046833,2025-10-24,Dry Van,1057.7,2064.72,2026.98,False,True,ridge_spline
TR-046834,2025-10-24,Dry Van,623.0,1351.0,1354.87,False,True,ridge_spline
TR-046835,2025-10-24,Dry Van,1169.9,2366.54,2385.7,False,True,ridge_spline
TR-046836,2025-10-24,Dry Van,721.5,1549.05,1530.54,False,True,ridge_spline
TR-046837,2025-10-24,Dry Van,901.2,1963.48,1934.86,False,True,ridge_spline
TR-046838,2025-10-24,Reefer,981.1,2183.37,2185.25,False,True,ridge_spline
TR-046839,2025-10-24,Dry Van,2328.4,4612.68,4342.79,False,True,ridge_spline
TR-046840,2025-10-24,Reefer,446.8,1146.4,1138.17,False,True,ridge_spline
TR-046841,2025-10-24,Dry Van,2873.6,5041.36,5052.66,False,True,ridge_spline
TR-046842,2025-10-24,Dry Van,2481.8,4460.36,4510.87,False,True,ridge_spline
TR-046843,2025-10-24,Flatbed,875.0,2027.34,1991.82,False,True,ridge_spline
TR-046844,2025-10-24,Reefer,347.0,906.44,885.99,False,True,ridge_spline
TR-046845,2025-10-24,Reefer,2333.7,5016.76,5091.74,False,True,ridge_spline
TR-046846,2025-10-24,Reefer,1801.3,3947.41,3937.23,False,True,ridge_spline
TR-046847,2025-10-24,Reefer,105.2,347.45,339.78,False,True,ridge_spline
TR-046848,2025-10-24,Dry Van,722.9,1544.49,1495.41,False,True,ridge_spline
TR-046849,2025-10-24,Reefer,1295.1,2957.02,2853.64,False,True,ridge_spline
TR-046850,2025-10-24,Dry Van,1021.1,2004.06,1956.95,False,True,ridge_spline
TR-046851,2025-10-24,Dry Van,2770.4,5197.41,5130.69,False,True,ridge_spline
TR-046852,2025-10-24,Dry Van,484.7,1037.31,1011.71,False,True,ridge_spline
TR-046853,2025-10-24,Dry Van,2573.2,4484.15,4504.93,False,True,ridge_spline
TR-046854,2025-10-24,Dry Van,1093.0,2182.45,2215.74,False,True,ridge_spline
TR-046855,2025-10-24,Flatbed,810.9,1961.82,1937.81,False,False,ridge_spline
TR-046856,2025-10-24,Dry Van,792.9,1764.57,1781.74,False,True,ridge_spline
TR-046857,2025-10-24,Dry Van,2091.6,3778.16,3744.3,False,True,ridge_spline
TR-046858,2025-10-24,Reefer,2048.7,4545.43,4546.73,False,True,ridge_spline
TR-046859,2025-10-24,Dry Van,1429.4,2828.93,2837.73,False,True,ridge_spline
TR-046860,2025-10-24,Dry Van,1186.7,2500.76,2436.65,False,True,ridge_spline
TR-046861,2025-10-24,Dry Van,1831.3,3571.42,3534.83,False,True,ridge_spline
TR-046862,2025-10-24,Flatbed,472.6,1177.33,1189.85,False,True,ridge_spline
TR-046863,2025-10-24,Flatbed,874.8,2040.47,1989.53,False,True,ridge_spline
TR-046864,2025-10-24,Dry Van,973.0,2075.72,2057.75,False,True,ridge_spline
TR-046865,2025-10-24,Reefer,1554.5,3351.21,3382.1,False,True,ridge_spline
TR-046866,2025-10-24,Dry Van,1746.4,3446.99,3504.9,False,True,ridge_spline
TR-046867,2025-10-24,Dry Van,444.2,1019.9,1028.37,False,True,ridge_spline
TR-046868,2025-10-24,Flatbed,271.9,691.24,693.71,False,True,ridge_spline
TR-046869,2025-10-24,Dry Van,293.7,721.17,714.5,False,True,ridge_spline
TR-046870,2025-10-24,Flatbed,2060.1,4280.56,4288.89,False,True,ridge_spline
TR-046871,2025-10-24,Dry Van,2184.0,4269.87,4201.56,False,True,ridge_spline
TR-046872,2025-10-24,Reefer,428.0,1132.72,1113.37,False,True,ridge_spline
TR-046873,2025-10-24,Reefer,1127.2,2543.19,2443.3,False,True,ridge_spline
TR-046874,2025-10-24,Dry Van,2709.4,5106.94,4911.44,False,True,ridge_spline
TR-046875,2025-10-24,Flatbed,440.5,1206.29,1192.72,False,True,ridge_spline
TR-046876,2025-10-24,Dry Van,238.1,611.2,611.86,False,True,ridge_spline
TR-046877,2025-10-24,Flatbed,751.4,1821.59,1810.54,False,True,ridge_spline
TR-046878,2025-10-24,Reefer,547.1,1352.69,1276.8,False,True,ridge_spline
TR-046879,2025-10-24,Dry Van,918.9,1817.19,1858.07,False,True,ridge_spline
TR-046880,2025-10-24,Dry Van,1189.4,2391.6,2391.98,False,True,ridge_spline
TR-046881,2025-10-24,Dry Van,747.3,1508.97,1493.72,False,True,ridge_spline
TR-046882,2025-10-24,Reefer,1230.5,2706.87,2701.98,False,True,ridge_spline
TR-046883,2025-10-24,Dry Van,930.8,1930.36,1901.9,False,True,ridge_spline
TR-046884,2025-10-24,Dry Van,366.9,877.06,862.3,False,True,ridge_spline
TR-046885,2025-10-24,Dry Van,863.1,1760.68,1764.87,False,True,ridge_spline
TR-046886,2025-10-24,Dry Van,767.1,1657.13,1632.18,False,True,ridge_spline
TR-046887,2025-10-24,Dry Van,1829.7,3536.49,3586.48,False,True,ridge_spline
TR-046888,2025-10-24,Dry Van,848.8,1843.39,1770.62,False,True,ridge_spline
TR-046889,2025-10-24,Reefer,1176.1,2850.6,2752.11,False,False,ridge_spline
TR-046890,2025-10-24,Dry Van,914.2,1834.67,1784.95,False,True,ridge_spline
TR-046891,2025-10-24,Dry Van,1340.7,2720.09,2660.35,False,True,ridge_spline
TR-046892,2025-10-24,Flatbed,2109.7,4049.7,4122.99,False,True,ridge_spline
TR-046893,2025-10-25,Flatbed,992.6,2168.46,2139.67,False,True,ridge_spline
TR-046894,2025-10-25,Dry Van,335.1,824.89,817.77,False,True,ridge_spline
TR-046895,2025-10-25,Dry Van,1935.0,3542.49,3498.33,False,True,ridge_spline
TR-046896,2025-10-25,Flatbed,1164.2,2423.51,2411.88,False,True,ridge_spline
TR-046897,2025-10-25,Dry Van,421.8,1054.99,1044.59,False,True,ridge_spline
TR-046898,2025-10-25,Flatbed,588.4,1499.88,1456.48,False,True,ridge_spline
TR-046899,2025-10-25,Dry Van,817.9,1700.4,1655.24,False,True,ridge_spline
TR-046900,2025-10-25,Dry Van,140.3,394.21,380.27,False,True,ridge_spline
TR-046901,2025-10-25,Dry Van,628.7,1338.77,1306.88,False,True,ridge_spline
TR-046902,2025-10-25,Dry Van,180.4,519.46,505.65,False,True,ridge_spline
TR-046903,2025-10-25,Flatbed,196.8,506.74,504.45,False,True,ridge_spline
TR-046904,2025-10-25,Dry Van,2817.6,5194.25,5202.44,False,True,ridge_spline
TR-046905,2025-10-25,Dry Van,1752.8,3421.33,3405.38,False,True,ridge_spline
TR-046906,2025-10-25,Reefer,1042.0,2192.85,2240.02,False,True,ridge_spline
TR-046907,2025-10-25,Dry Van,1476.1,2772.67,2723.08,False,True,ridge_spline
TR-046908,2025-10-25,Flatbed,298.7,858.95,840.1,False,True,ridge_spline
TR-046909,2025-10-25,Flatbed,1651.4,3442.24,3409.56,False,True,ridge_spline
TR-046910,2025-10-25,Dry Van,2176.1,4007.86,3981.43,False,True,ridge_spline
TR-046911,2025-10-25,Dry Van,1861.0,3533.47,3505.77,False,True,ridge_spline
TR-046912,2025-10-25,Dry Van,2803.2,5124.21,5191.77,False,False,ridge_spline
TR-046913,2025-10-25,Dry Van,2175.5,4082.26,3938.06,False,True,ridge_spline
TR-046914,2025-10-25,Dry Van,135.0,361.46,364.37,False,True,ridge_spline
TR-046915,2025-10-25,Dry Van,864.4,1753.15,1756.89,False,True,ridge_spline
TR-046916,2025-10-25,Flatbed,274.4,193.34,686.52,True,True,ridge_spline
TR-046917,2025-10-25,Dry Van,664.1,1519.81,1489.18,False,True,ridge_spline
TR-046918,2025-10-25,Dry Van,1259.0,2580.8,2525.43,False,True,ridge_spline
TR-046919,2025-10-25,Dry Van,2206.8,4092.76,4131.85,False,True,ridge_spline
TR-046920,2025-10-25,Dry Van,997.6,2131.5,2141.79,False,True,ridge_spline
TR-046921,2025-10-25,Dry Van,2233.8,3939.01,3966.67,False,True,ridge_spline
TR-046922,2025-10-25,Reefer,962.3,2286.05,2199.69,False,True,ridge_spline
TR-046923,2025-10-25,Dry Van,566.4,1223.1,1189.68,False,True,ridge_spline
TR-046924,2025-10-25,Dry Van,1054.3,2033.55,2007.82,False,True,ridge_spline
TR-046925,2025-10-25,Dry Van,762.6,1547.7,1539.15,False,True,ridge_spline
TR-046926,2025-10-25,Flatbed,1334.9,2775.97,2766.77,False,True,ridge_spline
TR-046927,2025-10-25,Flatbed,1090.4,2267.05,2299.99,False,True,ridge_spline
TR-046928,2025-10-25,Dry Van,1239.7,2285.95,2335.22,False,True,ridge_spline
TR-046929,2025-10-25,Flatbed,832.9,1934.56,1889.6,False,True,ridge_spline
TR-046930,2025-10-25,Dry Van,437.4,960.9,950.26,False,True,ridge_spline
TR-046931,2025-10-25,Reefer,1603.0,3321.85,3297.22,False,True,ridge_spline
TR-046932,2025-10-25,Dry Van,1041.5,2138.88,2090.68,False,True,ridge_spline
TR-046933,2025-10-25,Reefer,950.2,2064.59,2080.14,False,True,ridge_spline
TR-046934,2025-10-25,Flatbed,2677.0,5088.39,4983.83,False,True,ridge_spline
TR-046935,2025-10-25,Reefer,490.7,1120.58,1133.14,False,True,ridge_spline
TR-046936,2025-10-25,Dry Van,1906.2,3792.49,3749.39,False,True,ridge_spline
TR-046937,2025-10-25,Dry Van,1071.4,2333.64,2283.15,False,True,ridge_spline
TR-046938,2025-10-25,Reefer,701.2,1505.32,1529.65,False,True,ridge_spline
TR-046939,2025-10-25,Flatbed,1390.1,2956.38,2895.59,False,True,ridge_spline
TR-046940,2025-10-25,Dry Van,802.6,1714.9,1711.74,False,True,ridge_spline
TR-046941,2025-10-25,Flatbed,1980.9,4096.18,4074.56,False,True,ridge_spline
TR-046942,2025-10-25,Dry Van,905.0,1983.74,1965.64,False,True,ridge_spline
TR-046943,2025-10-25,Flatbed,1371.7,3072.03,2959.22,False,True,ridge_spline
TR-046944,2025-10-25,Reefer,116.1,353.74,344.62,False,True,ridge_spline
TR-046945,2025-10-25,Dry Van,2179.5,4059.09,4004.6,False,True,ridge_spline
TR-046946,2025-10-25,Dry Van,265.5,680.55,677.73,False,True,ridge_spline
TR-046947,2025-10-25,Dry Van,333.4,887.53,830.91,False,True,ridge_spline
TR-046948,2025-10-25,Reefer,232.3,714.42,717.5,False,True,ridge_spline
TR-046949,2025-10-25,Dry Van,776.1,1673.57,1683.88,False,True,ridge_spline
TR-046950,2025-10-25,Dry Van,303.0,751.87,736.55,False,True,ridge_spline
TR-046951,2025-10-25,Dry Van,652.4,1492.31,1453.45,False,True,ridge_spline
TR-046952,2025-10-25,Dry Van,466.5,1059.77,1044.77,False,True,ridge_spline
TR-046953,2025-10-25,Dry Van,626.3,1370.51,1328.29,False,True,ridge_spline
TR-046954,2025-10-25,Reefer,949.5,2252.81,2253.27,False,True,ridge_spline
TR-046955,2025-10-25,Dry Van,1148.7,2196.46,2175.51,False,True,ridge_spline
TR-046956,2025-10-25,Reefer,3117.1,6393.87,6329.73,False,True,ridge_spline
TR-046957,2025-10-25,Dry Van,612.6,1279.85,1287.86,False,True,ridge_spline
TR-046958,2025-10-25,Dry Van,1738.1,3198.68,3225.37,False,True,ridge_spline
TR-046959,2025-10-25,Dry Van,1509.1,2844.94,2830.96,False,True,ridge_spline
TR-046960,2025-10-25,Reefer,1152.9,2515.87,2497.43,False,False,ridge_spline
TR-046961,2025-10-25,Reefer,1179.4,2616.17,2608.63,False,True,ridge_spline
TR-046962,2025-10-25,Reefer,947.3,2227.13,2180.33,False,True,ridge_spline
TR-046963,2025-10-25,Flatbed,2786.4,5362.45,5298.99,False,False,ridge_spline
TR-046964,2025-10-25,Dry Van,689.3,1397.89,1392.25,False,True,ridge_spline
TR-046965,2025-10-25,Flatbed,356.6,876.75,868.77,False,True,ridge_spline
TR-046966,2025-10-25,Reefer,1282.4,2865.13,2758.1,False,True,ridge_spline
TR-046967,2025-10-25,Dry Van,1747.6,3264.18,3218.41,False,True,ridge_spline
TR-046968,2025-10-25,Dry Van,2118.9,3843.33,3820.93,False,True,ridge_spline
TR-046969,2025-10-25,Flatbed,807.3,1834.44,1848.13,False,True,ridge_spline
TR-046970,2025-10-25,Dry Van,741.1,1668.77,1631.57,False,True,ridge_spline
TR-046971,2025-10-25,Dry Van,916.0,1873.64,1875.49,False,True,ridge_spline
TR-046972,2025-10-25,Reefer,855.9,1896.67,1857.89,False,True,ridge_spline
TR-046973,2025-10-25,Dry Van,1427.0,2854.8,2855.73,False,True,ridge_spline
TR-046974,2025-10-25,Reefer,984.2,2317.04,2306.98,False,True,ridge_spline
TR-046975,2025-10-25,Dry Van,623.2,1347.61,1294.41,False,True,ridge_spline
TR-046976,2025-10-25,Dry Van,976.5,2020.36,1984.0,False,True,ridge_spline
TR-046977,2025-10-25,Reefer,2618.5,5504.73,5428.96,False,True,ridge_spline
TR-046978,2025-10-25,Dry Van,294.5,729.69,732.99,False,True,ridge_spline
TR-046979,2025-10-25,Reefer,85.5,287.65,286.16,False,True,ridge_spline
TR-046980,2025-10-25,Reefer,2242.7,1955.15,4435.13,True,True,ridge_spline
TR-046981,2025-10-25,Dry Van,1045.6,2232.83,2240.48,False,True,ridge_spline
TR-046982,2025-10-25,Reefer,2308.4,4704.57,4748.47,False,True,ridge_spline
TR-046983,2025-10-25,Dry Van,373.0,882.19,873.54,False,True,ridge_spline
TR-046984,2025-10-25,Dry Van,418.2,927.8,912.87,False,True,ridge_spline
TR-046985,2025-10-25,Dry Van,572.2,1228.72,1180.64,False,True,ridge_spline
TR-046986,2025-10-25,Reefer,1379.7,2975.48,2947.04,False,True,ridge_spline
TR-046987,2025-10-25,Dry Van,1496.1,3145.82,3059.45,False,True,ridge_spline
TR-046988,2025-10-25,Dry Van,1008.6,2111.77,2027.98,False,True,ridge_spline
TR-046989,2025-10-25,Reefer,364.9,999.58,978.27,False,False,ridge_spline
TR-046990,2025-10-25,Dry Van,2396.6,4468.02,4517.38,False,True,ridge_spline
TR-046991,2025-10-25,Reefer,1226.0,2834.71,2797.33,False,True,ridge_spline
TR-046992,2025-10-25,Flatbed,1863.3,3645.57,3667.91,False,True,ridge_spline
TR-046993,2025-10-25,Dry Van,1054.6,2165.8,2160.05,False,True,ridge_spline
TR-046994,2025-10-25,Dry Van,1074.2,2232.43,2184.45,False,True,ridge_spline
TR-046995,2025-10-25,Dry Van,1262.3,2607.9,2563.86,False,True,ridge_spline
TR-046996,2025-10-25,Dry Van,558.8,1177.69,1148.52,False,True,ridge_spline
TR-046997,2025-10-25,Dry Van,397.4,908.07,889.58,False,True,ridge_spline
TR-046998,2025-10-25,Reefer,947.8,2156.17,2154.74,False,True,ridge_spline
TR-046999,2025-10-25,Dry Van,337.0,768.23,771.76,False,True,ridge_spline
TR-047000,2025-10-25,Dry Van,444.1,1000.2,984.55,False,True,ridge_spline
TR-047001,2025-10-25,Dry Van,907.2,2022.55,1989.17,False,True,ridge_spline
TR-047002,2025-10-25,Dry Van,223.4,232.16,554.24,True,True,ridge_spline
TR-047003,2025-10-25,Reefer,676.9,1712.44,1660.19,False,True,ridge_spline
TR-047004,2025-10-25,Dry Van,691.7,1638.62,1585.95,False,True,ridge_spline
TR-047005,2025-10-25,Flatbed,2789.2,5783.94,5525.83,False,True,ridge_spline
TR-047006,2025-10-25,Reefer,2065.3,4325.87,4308.04,False,True,ridge_spline
TR-047007,2025-10-25,Flatbed,2147.4,4102.43,4132.35,False,True,ridge_spline
TR-047008,2025-10-25,Flatbed,964.5,2084.15,2116.38,False,True,ridge_spline
TR-047009,2025-10-25,Dry Van,1017.3,2062.62,2024.83,False,True,ridge_spline
TR-047010,2025-10-25,Flatbed,648.9,1514.16,1516.17,False,True,ridge_spline
TR-047011,2025-10-25,Dry Van,2426.3,4488.55,4413.23,False,True,ridge_spline
TR-047012,2025-10-25,Flatbed,2084.1,4502.22,4313.78,False,True,ridge_spline
TR-047013,2025-10-25,Reefer,493.4,1148.13,1172.09,False,True,ridge_spline
TR-047014,2025-10-25,Reefer,557.8,1550.93,1491.72,False,False,ridge_spline
TR-047015,2025-10-25,Dry Van,242.0,621.03,615.44,False,True,ridge_spline
TR-047016,2025-10-25,Reefer,704.1,1630.48,1601.07,False,True,ridge_spline
TR-047017,2025-10-25,Dry Van,194.9,503.56,489.76,False,True,ridge_spline
TR-047018,2025-10-25,Flatbed,1798.4,3910.78,3824.03,False,True,ridge_spline
TR-047019,2025-10-25,Dry Van,1758.7,3313.8,3369.05,False,True,ridge_spline
TR-047020,2025-10-25,Dry Van,301.8,705.41,707.66,False,True,ridge_spline
TR-047021,2025-10-25,Dry Van,1965.1,3831.16,3753.73,False,True,ridge_spline
TR-047022,2025-10-25,Dry Van,1945.9,3677.44,3586.0,False,True,ridge_spline
TR-047023,2025-10-25,Dry Van,1611.8,3306.69,3218.45,False,True,ridge_spline
TR-047024,2025-10-25,Flatbed,462.7,1086.2,1093.13,False,True,ridge_spline
TR-047025,2025-10-25,Dry Van,337.2,809.72,818.06,False,True,ridge_spline
TR-047026,2025-10-25,Dry Van,825.7,1850.22,1846.15,False,True,ridge_spline
TR-047027,2025-10-25,Flatbed,1735.7,3629.01,3692.09,False,False,ridge_spline
TR-047028,2025-10-25,Dry Van,850.3,1753.44,1741.2,False,True,ridge_spline
TR-047029,2025-10-25,Reefer,2076.0,4322.72,4314.94,False,True,ridge_spline
TR-047030,2025-10-25,Reefer,1090.2,2545.72,2482.95,False,True,ridge_spline
TR-047031,2025-10-25,Flatbed,851.3,1831.3,1769.63,False,True,ridge_spline
TR-047032,2025-10-25,Dry Van,1296.4,2527.94,2519.64,False,True,ridge_spline
TR-047033,2025-10-25,Flatbed,1241.6,2811.06,2754.55,False,True,ridge_spline
TR-047034,2025-10-25,Dry Van,1013.5,2014.89,2012.85,False,True,ridge_spline
TR-047035,2025-10-25,Reefer,1218.5,2753.01,2700.52,False,True,ridge_spline
TR-047036,2025-10-25,Reefer,233.1,638.47,632.62,False,True,ridge_spline
TR-047037,2025-10-25,Dry Van,778.2,1552.97,1577.09,False,True,ridge_spline
TR-047038,2025-10-25,Flatbed,1362.5,2860.54,2790.85,False,True,ridge_spline
TR-047039,2025-10-25,Dry Van,405.0,1000.42,964.06,False,True,ridge_spline
TR-047040,2025-10-25,Reefer,591.9,1423.75,1426.23,False,True,ridge_spline
TR-047041,2025-10-25,Flatbed,204.0,550.15,575.42,False,True,ridge_spline
TR-047042,2025-10-25,Dry Van,1856.4,3613.02,3589.72,False,True,ridge_spline
TR-047043,2025-10-25,Dry Van,2010.2,3992.29,3943.07,False,True,ridge_spline
TR-047044,2025-10-25,Dry Van,352.5,820.69,802.59,False,True,ridge_spline
TR-047045,2025-10-25,Dry Van,542.6,1142.57,1145.28,False,True,ridge_spline
TR-047046,2025-10-25,Dry Van,708.9,1583.21,1552.56,False,True,ridge_spline
TR-047047,2025-10-25,Dry Van,368.1,904.35,876.88,False,True,ridge_spline
TR-047048,2025-10-25,Dry Van,354.2,856.49,824.54,False,True,ridge_spline
TR-047049,2025-10-25,Dry Van,1878.6,3438.35,3493.32,False,True,ridge_spline
TR-047050,2025-10-25,Reefer,394.7,999.99,994.86,False,True,ridge_spline
TR-047051,2025-10-25,Reefer,2191.9,4391.4,4337.42,False,True,ridge_spline
TR-047052,2025-10-25,Dry Van,779.2,1713.46,1658.27,False,True,ridge_spline
TR-047053,2025-10-25,Reefer,2490.5,4830.23,4878.11,False,True,ridge_spline
TR-047054,2025-10-25,Dry Van,2047.0,3839.87,3694.42,False,True,ridge_spline
TR-047055,2025-10-25,Dry Van,242.7,562.6,556.35,False,True,ridge_spline
TR-047056,2025-10-25,Dry Van,983.1,1876.18,1883.41,False,True,ridge_spline
TR-047057,2025-10-26,Dry Van,489.2,1075.78,1068.9,False,True,ridge_spline
TR-047058,2025-10-26,Flatbed,196.8,467.14,496.09,False,True,ridge_spline
TR-047059,2025-10-26,Dry Van,1359.3,2669.92,2601.75,False,True,ridge_spline
TR-047060,2025-10-26,Reefer,1188.2,2629.73,2655.83,False,True,ridge_spline
TR-047061,2025-10-26,Dry Van,1414.2,2729.68,2738.15,False,True,ridge_spline
TR-047062,2025-10-26,Reefer,1218.8,2785.11,2754.77,False,True,ridge_spline
TR-047063,2025-10-26,Reefer,914.5,1877.18,1913.94,False,True,ridge_spline
TR-047064,2025-10-26,Dry Van,576.1,1208.17,1190.04,False,True,ridge_spline
TR-047065,2025-10-26,Dry Van,1320.9,2493.38,2488.85,False,True,ridge_spline
TR-047066,2025-10-26,Flatbed,958.0,2134.04,2150.12,False,True,ridge_spline
TR-047067,2025-10-26,Reefer,3190.3,5961.73,6063.13,False,True,ridge_spline
TR-047068,2025-10-26,Dry Van,449.8,1043.04,1013.52,False,True,ridge_spline
TR-047069,2025-10-26,Dry Van,785.3,1604.57,1568.98,False,True,ridge_spline
TR-047070,2025-10-26,Dry Van,1117.5,2177.93,2135.68,False,True,ridge_spline
TR-047071,2025-10-26,Dry Van,1337.6,2723.05,2654.26,False,True,ridge_spline
TR-047072,2025-10-26,Dry Van,1142.7,2322.67,2327.46,False,True,ridge_spline
TR-047073,2025-10-26,Reefer,99.6,316.19,308.45,False,True,ridge_spline
TR-047074,2025-10-26,Dry Van,782.5,1538.13,1522.22,False,True,ridge_spline
TR-047075,2025-10-26,Reefer,959.3,2218.04,2164.82,False,True,ridge_spline
TR-047076,2025-10-26,Flatbed,989.1,2165.46,2080.75,False,True,ridge_spline
TR-047077,2025-10-26,Dry Van,363.0,796.48,782.57,False,True,ridge_spline
TR-047078,2025-10-26,Flatbed,407.8,1035.14,1040.18,False,True,ridge_spline
TR-047079,2025-10-26,Reefer,1934.6,4339.62,4220.02,False,True,ridge_spline
TR-047080,2025-10-26,Reefer,475.5,1204.52,1171.64,False,True,ridge_spline
TR-047081,2025-10-26,Dry Van,569.8,1202.43,1195.42,False,True,ridge_spline
TR-047082,2025-10-26,Reefer,2121.7,4601.72,4458.14,False,True,ridge_spline
TR-047083,2025-10-26,Reefer,1355.5,3094.01,3024.44,False,False,ridge_spline
TR-047084,2025-10-26,Dry Van,1865.1,3508.16,3465.57,False,True,ridge_spline
TR-047085,2025-10-26,Dry Van,497.2,1173.87,1139.78,False,True,ridge_spline
TR-047086,2025-10-26,Flatbed,1470.0,2992.98,3002.17,False,True,ridge_spline
TR-047087,2025-10-26,Reefer,489.3,1221.18,1180.48,False,True,ridge_spline
TR-047088,2025-10-26,Dry Van,1814.6,3365.79,3381.88,False,True,ridge_spline
TR-047089,2025-10-26,Dry Van,423.9,999.35,996.91,False,True,ridge_spline
TR-047090,2025-10-26,Dry Van,297.2,716.5,717.93,False,True,ridge_spline
TR-047091,2025-10-26,Dry Van,1824.0,3386.88,3351.2,False,True,ridge_spline
TR-047092,2025-10-26,Reefer,2211.8,4523.93,4491.39,False,False,ridge_spline
TR-047093,2025-10-26,Dry Van,770.8,1609.02,1581.44,False,True,ridge_spline
TR-047094,2025-10-26,Flatbed,736.1,1624.53,1627.4,False,True,ridge_spline
TR-047095,2025-10-26,Flatbed,514.8,1310.28,1249.66,False,True,ridge_spline
TR-047096,2025-10-26,Dry Van,242.6,576.36,572.69,False,True,ridge_spline
TR-047097,2025-10-26,Dry Van,2007.8,3738.72,3620.72,False,True,ridge_spline
TR-047098,2025-10-26,Dry Van,538.0,1184.51,1186.32,False,True,ridge_spline
TR-047099,2025-10-26,Dry Van,387.2,903.88,893.21,False,True,ridge_spline
TR-047100,2025-10-26,Dry Van,689.2,1480.21,1457.1,False,True,ridge_spline
TR-047101,2025-10-26,Dry Van,925.0,1939.16,1868.7,False,True,ridge_spline
TR-047102,2025-10-26,Dry Van,746.3,1586.46,1582.81,False,True,ridge_spline
TR-047103,2025-10-26,Flatbed,192.4,525.86,508.86,False,False,ridge_spline
TR-047104,2025-10-26,Dry Van,522.2,1096.6,1102.76,False,True,ridge_spline
TR-047105,2025-10-26,Dry Van,416.9,897.24,903.43,False,True,ridge_spline
TR-047106,2025-10-26,Flatbed,2052.8,3777.14,3854.83,False,True,ridge_spline
TR-047107,2025-10-26,Dry Van,862.2,1747.26,1725.54,False,True,ridge_spline
TR-047108,2025-10-26,Dry Van,2058.0,3631.71,3635.13,False,True,ridge_spline
TR-047109,2025-10-26,Dry Van,302.6,750.84,735.01,False,True,ridge_spline
TR-047110,2025-10-26,Flatbed,886.7,1947.04,1960.17,False,True,ridge_spline
TR-047111,2025-10-26,Dry Van,1641.5,3150.87,3128.73,False,True,ridge_spline
TR-047112,2025-10-26,Flatbed,1086.0,2372.96,2369.47,False,True,ridge_spline
TR-047113,2025-10-26,Reefer,641.7,1601.61,1568.54,False,True,ridge_spline
TR-047114,2025-10-26,Dry Van,1692.9,3251.97,3185.57,False,True,ridge_spline
TR-047115,2025-10-26,Dry Van,681.0,1375.7,1330.68,False,True,ridge_spline
TR-047116,2025-10-26,Dry Van,2358.6,4391.77,4415.63,False,True,ridge_spline
TR-047117,2025-10-26,Reefer,219.8,610.81,601.82,False,True,ridge_spline
TR-047118,2025-10-26,Dry Van,995.3,1954.43,1907.87,False,True,ridge_spline
TR-047119,2025-10-26,Dry Van,138.4,363.75,355.86,False,True,ridge_spline
TR-047120,2025-10-26,Dry Van,750.5,1581.12,1529.5,False,False,ridge_spline
TR-047121,2025-10-26,Dry Van,1534.4,2855.03,2850.69,False,True,ridge_spline
TR-047122,2025-10-26,Dry Van,1178.1,2315.97,2280.17,False,True,ridge_spline
TR-047123,2025-10-26,Flatbed,417.7,1039.88,1029.65,False,True,ridge_spline
TR-047124,2025-10-26,Flatbed,832.9,1768.74,1754.83,False,True,ridge_spline
TR-047125,2025-10-26,Dry Van,2005.5,4009.09,3948.74,False,True,ridge_spline
TR-047126,2025-10-26,Reefer,572.7,1435.58,1430.75,False,False,ridge_spline
TR-047127,2025-10-26,Flatbed,1071.8,2449.02,2370.59,False,True,ridge_spline
TR-047128,2025-10-26,Dry Van,1631.1,3162.5,3138.42,False,True,ridge_spline
TR-047129,2025-10-26,Reefer,552.4,1419.17,1349.13,False,True,ridge_spline
TR-047130,2025-10-26,Dry Van,696.2,1514.44,1461.83,False,True,ridge_spline
TR-047131,2025-10-26,Dry Van,873.9,1809.27,1804.09,False,True,ridge_spline
TR-047132,2025-10-26,Flatbed,2264.7,4673.35,4660.54,False,True,ridge_spline
TR-047133,2025-10-26,Dry Van,76.2,204.65,197.55,False,True,ridge_spline
TR-047134,2025-10-26,Flatbed,1929.8,3786.22,3875.17,False,True,ridge_spline
TR-047135,2025-10-26,Dry Van,1451.2,2924.77,2959.86,False,True,ridge_spline
TR-047136,2025-10-26,Flatbed,2232.7,4470.57,4461.51,False,True,ridge_spline
TR-047137,2025-10-26,Reefer,941.7,2093.28,2156.24,False,False,ridge_spline
TR-047138,2025-10-26,Dry Van,312.5,804.46,785.88,False,True,ridge_spline
TR-047139,2025-10-26,Dry Van,612.6,1283.69,1272.14,False,True,ridge_spline
TR-047140,2025-10-26,Reefer,940.6,2333.08,2260.97,False,True,ridge_spline
TR-047141,2025-10-26,Flatbed,1253.5,2746.68,2666.92,False,False,ridge_spline
TR-047142,2025-10-26,Reefer,338.0,832.66,852.78,False,True,ridge_spline
TR-047143,2025-10-26,Dry Van,2913.9,5189.37,5308.81,False,True,ridge_spline
TR-047144,2025-10-26,Reefer,919.2,2265.6,2132.37,False,True,ridge_spline
TR-047145,2025-10-26,Dry Van,515.2,1134.75,1126.15,False,True,ridge_spline
TR-047146,2025-10-26,Flatbed,1155.4,2539.5,2468.82,False,False,ridge_spline
TR-047147,2025-10-26,Dry Van,559.8,1265.17,1227.28,False,True,ridge_spline
TR-047148,2025-10-26,Dry Van,1299.9,2443.52,2423.1,False,True,ridge_spline
TR-047149,2025-10-26,Dry Van,450.5,936.09,920.96,False,True,ridge_spline
TR-047150,2025-10-26,Reefer,2451.0,4903.27,4913.46,False,True,ridge_spline
TR-047151,2025-10-26,Dry Van,2618.1,4915.66,4742.03,False,True,ridge_spline
TR-047152,2025-10-26,Dry Van,294.7,690.82,698.24,False,True,ridge_spline
TR-047153,2025-10-26,Dry Van,1699.5,3352.24,3313.47,False,True,ridge_spline
TR-047154,2025-10-26,Reefer,1949.9,4219.08,4121.23,False,True,ridge_spline
TR-047155,2025-10-26,Dry Van,766.1,1518.42,1486.43,False,True,ridge_spline
TR-047156,2025-10-26,Dry Van,1063.3,2197.26,2108.78,False,True,ridge_spline
TR-047157,2025-10-26,Reefer,1022.1,2318.07,2371.21,False,True,ridge_spline
TR-047158,2025-10-26,Flatbed,1120.6,2344.86,2300.69,False,False,ridge_spline
TR-047159,2025-10-26,Flatbed,827.8,1832.09,1825.13,False,True,ridge_spline
TR-047160,2025-10-26,Flatbed,1040.5,2110.46,2137.17,False,True,ridge_spline
TR-047161,2025-10-26,Dry Van,1447.0,2966.79,2922.92,False,True,ridge_spline
TR-047162,2025-10-26,Dry Van,567.5,1199.79,1164.61,False,True,ridge_spline
TR-047163,2025-10-26,Dry Van,946.9,1790.95,1800.67,False,True,ridge_spline
TR-047164,2025-10-26,Dry Van,2126.6,4273.4,4150.28,False,True,ridge_spline
TR-047165,2025-10-26,Reefer,853.9,1994.42,1987.55,False,True,ridge_spline
TR-047166,2025-10-26,Reefer,1007.7,2375.65,2255.71,False,False,ridge_spline
TR-047167,2025-10-26,Dry Van,85.2,229.4,226.09,False,True,ridge_spline
TR-047168,2025-10-26,Dry Van,975.7,1825.29,1828.25,False,True,ridge_spline
TR-047169,2025-10-26,Flatbed,456.1,1150.95,1108.49,False,True,ridge_spline
TR-047170,2025-10-26,Dry Van,1071.8,2146.33,2139.23,False,True,ridge_spline
TR-047171,2025-10-26,Dry Van,316.4,754.81,730.69,False,True,ridge_spline
TR-047172,2025-10-26,Dry Van,202.3,490.24,495.13,False,True,ridge_spline
TR-047173,2025-10-26,Flatbed,2580.8,5270.27,5121.69,False,True,ridge_spline
TR-047174,2025-10-26,Dry Van,660.3,1464.49,1396.4,False,True,ridge_spline
TR-047175,2025-10-26,Dry Van,1012.0,2065.37,2023.96,False,True,ridge_spline
TR-047176,2025-10-26,Flatbed,797.4,1798.36,1766.96,False,True,ridge_spline
TR-047177,2025-10-26,Dry Van,238.2,628.05,609.48,False,True,ridge_spline
TR-047178,2025-10-26,Dry Van,1026.0,2205.02,2149.76,False,True,ridge_spline
TR-047179,2025-10-26,Reefer,791.0,1831.61,1808.25,False,True,ridge_spline
TR-047180,2025-10-26,Flatbed,1026.1,2346.99,2304.05,False,True,ridge_spline
TR-047181,2025-10-26,Reefer,1236.2,2915.38,2877.53,False,True,ridge_spline
TR-047182,2025-10-26,Reefer,260.2,658.0,666.09,False,True,ridge_spline
TR-047183,2025-10-26,Dry Van,2607.7,4472.38,4410.58,False,True,ridge_spline
TR-047184,2025-10-26,Reefer,942.9,2212.41,2162.87,False,True,ridge_spline
TR-047185,2025-10-26,Dry Van,459.3,1003.07,989.56,False,True,ridge_spline
TR-047186,2025-10-26,Flatbed,1203.8,2525.13,2475.47,False,False,ridge_spline
TR-047187,2025-10-26,Flatbed,459.7,1105.06,1072.96,False,True,ridge_spline
TR-047188,2025-10-26,Flatbed,612.1,1316.35,1293.9,False,True,ridge_spline
TR-047189,2025-10-26,Flatbed,2603.8,5248.45,5235.29,False,True,ridge_spline
TR-047190,2025-10-26,Dry Van,480.8,1069.29,1047.03,False,True,ridge_spline
TR-047191,2025-10-26,Dry Van,1171.6,2366.62,2315.16,False,True,ridge_spline
TR-047192,2025-10-26,Dry Van,930.1,1946.38,1972.11,False,True,ridge_spline
TR-047193,2025-10-26,Reefer,1232.7,2925.5,2860.45,False,True,ridge_spline
TR-047194,2025-10-26,Dry Van,1151.0,2284.63,2200.28,False,True,ridge_spline
TR-047195,2025-10-26,Dry Van,663.2,1422.5,1408.02,False,True,ridge_spline
TR-047196,2025-10-26,Flatbed,1190.9,2401.67,2389.3,False,False,ridge_spline
TR-047197,2025-10-26,Dry Van,124.9,327.17,322.08,False,True,ridge_spline
TR-047198,2025-10-26,Dry Van,655.1,1329.96,1315.07,False,True,ridge_spline
TR-047199,2025-10-26,Reefer,352.7,1020.81,977.22,False,False,ridge_spline
TR-047200,2025-10-26,Flatbed,1693.1,3684.06,3592.53,False,False,ridge_spline
TR-047201,2025-10-26,Reefer,626.5,1470.86,1416.27,False,True,ridge_spline
TR-047202,2025-10-26,Dry Van,1569.2,2831.48,2930.92,False,True,ridge_spline
TR-047203,2025-10-26,Dry Van,2255.2,4296.46,4199.62,False,True,ridge_spline
TR-047204,2025-10-26,Flatbed,1653.3,3567.75,3548.67,False,False,ridge_spline
TR-047205,2025-10-27,Dry Van,991.5,2119.21,2093.58,False,True,ridge_spline
TR-047206,2025-10-27,Flatbed,714.6,1584.08,1599.41,False,False,ridge_spline
TR-047207,2025-10-27,Dry Van,1580.8,3084.43,3058.23,False,True,ridge_spline
TR-047208,2025-10-27,Dry Van,1555.6,3030.94,3007.33,False,True,ridge_spline
TR-047209,2025-10-27,Reefer,592.1,1576.31,1531.25,False,True,ridge_spline
TR-047210,2025-10-27,Dry Van,1873.0,3628.01,3588.41,False,True,ridge_spline
TR-047211,2025-10-27,Dry Van,1179.1,2322.3,2282.74,False,True,ridge_spline
TR-047212,2025-10-27,Dry Van,1285.2,2454.04,2471.33,False,True,ridge_spline
TR-047213,2025-10-27,Dry Van,2265.4,4056.14,4057.82,False,True,ridge_spline
TR-047214,2025-10-27,Flatbed,799.2,1807.01,1790.0,False,True,ridge_spline
TR-047215,2025-10-27,Flatbed,1789.6,3782.13,3747.23,False,True,ridge_spline
TR-047216,2025-10-27,Flatbed,809.3,1723.55,1633.41,False,False,ridge_spline
TR-047217,2025-10-27,Reefer,2065.1,3953.78,3952.66,False,True,ridge_spline
TR-047218,2025-10-27,Flatbed,712.2,1711.52,1639.17,False,False,ridge_spline
TR-047219,2025-10-27,Flatbed,145.2,420.2,419.02,False,True,ridge_spline
TR-047220,2025-10-27,Dry Van,275.6,610.07,610.52,False,True,ridge_spline
TR-047221,2025-10-27,Reefer,1034.6,2265.35,2232.85,False,True,ridge_spline
TR-047222,2025-10-27,Reefer,903.0,2055.67,1990.26,False,True,ridge_spline
TR-047223,2025-10-27,Flatbed,323.2,841.61,838.35,False,True,ridge_spline
TR-047224,2025-10-27,Dry Van,1729.8,3190.69,3158.77,False,True,ridge_spline
TR-047225,2025-10-27,Dry Van,1296.4,2582.43,2492.07,False,True,ridge_spline
TR-047226,2025-10-27,Dry Van,2542.2,4550.45,4538.46,False,True,ridge_spline
TR-047227,2025-10-27,Dry Van,514.6,1076.88,1057.96,False,True,ridge_spline
TR-047228,2025-10-27,Dry Van,166.4,422.77,420.54,False,True,ridge_spline
TR-047229,2025-10-27,Flatbed,900.0,2037.77,2044.93,False,True,ridge_spline
TR-047230,2025-10-27,Reefer,455.2,1126.61,1095.0,False,True,ridge_spline
TR-047231,2025-10-27,Dry Van,612.6,1358.41,1337.93,False,True,ridge_spline
TR-047232,2025-10-27,Dry Van,620.0,1427.86,1412.89,False,True,ridge_spline
TR-047233,2025-10-27,Dry Van,367.4,812.38,824.28,False,True,ridge_spline
TR-047234,2025-10-27,Dry Van,336.8,788.83,790.01,False,True,ridge_spline
TR-047235,2025-10-27,Dry Van,1529.9,3078.27,3005.36,False,True,ridge_spline
TR-047236,2025-10-27,Reefer,117.3,344.85,336.1,False,True,ridge_spline
TR-047237,2025-10-27,Dry Van,1515.8,2930.32,2920.66,False,True,ridge_spline
TR-047238,2025-10-27,Dry Van,314.3,777.61,750.13,False,True,ridge_spline
TR-047239,2025-10-27,Dry Van,764.4,1493.29,1501.46,False,True,ridge_spline
TR-047240,2025-10-27,Reefer,1341.3,2918.22,2876.95,False,True,ridge_spline
TR-047241,2025-10-27,Flatbed,1058.9,2144.64,2164.1,False,False,ridge_spline
TR-047242,2025-10-27,Dry Van,392.7,892.17,869.67,False,True,ridge_spline
TR-047243,2025-10-27,Reefer,1252.9,2709.66,2704.56,False,True,ridge_spline
TR-047244,2025-10-27,Dry Van,1138.2,2232.87,2262.57,False,True,ridge_spline
TR-047245,2025-10-27,Reefer,180.5,570.97,547.2,False,True,ridge_spline
TR-047246,2025-10-27,Dry Van,438.9,956.7,944.37,False,True,ridge_spline
TR-047247,2025-10-27,Dry Van,1186.4,2367.47,2340.58,False,True,ridge_spline
TR-047248,2025-10-27,Flatbed,929.3,1881.5,1898.3,False,True,ridge_spline
TR-047249,2025-10-27,Reefer,446.3,1101.36,1112.57,False,True,ridge_spline
TR-047250,2025-10-27,Dry Van,1655.3,3281.87,3223.16,False,True,ridge_spline
TR-047251,2025-10-27,Dry Van,1598.9,3285.09,3181.96,False,True,ridge_spline
TR-047252,2025-10-27,Dry Van,763.4,1487.21,1483.13,False,True,ridge_spline
TR-047253,2025-10-27,Reefer,788.0,1979.85,1954.57,False,True,ridge_spline
TR-047254,2025-10-27,Dry Van,1317.4,2463.55,2410.61,False,True,ridge_spline
TR-047255,2025-10-27,Reefer,1275.0,2865.84,2879.3,False,True,ridge_spline
TR-047256,2025-10-27,Reefer,927.8,2200.08,2207.22,False,True,ridge_spline
TR-047257,2025-10-27,Dry Van,2144.5,4098.55,4011.45,False,True,ridge_spline
TR-047258,2025-10-27,Dry Van,276.9,713.13,684.53,False,True,ridge_spline
TR-047259,2025-10-27,Reefer,615.6,1493.65,1496.37,False,True,ridge_spline
TR-047260,2025-10-27,Flatbed,2191.0,4291.12,4213.97,False,True,ridge_spline
TR-047261,2025-10-27,Reefer,2616.0,5450.63,5388.31,False,True,ridge_spline
TR-047262,2025-10-27,Flatbed,1636.0,3452.83,3495.77,False,True,ridge_spline
TR-047263,2025-10-27,Dry Van,922.8,1992.41,1923.13,False,True,ridge_spline
TR-047264,2025-10-27,Dry Van,319.7,781.27,755.99,False,True,ridge_spline
TR-047265,2025-10-27,Dry Van,710.8,1559.38,1545.94,False,True,ridge_spline
TR-047266,2025-10-27,Dry Van,1535.2,3012.34,3047.7,False,True,ridge_spline
TR-047267,2025-10-27,Dry Van,969.4,2001.79,1970.3,False,True,ridge_spline
TR-047268,2025-10-27,Dry Van,2213.4,4180.37,4099.04,False,True,ridge_spline
TR-047269,2025-10-27,Flatbed,430.4,1008.7,1014.92,False,False,ridge_spline
TR-047270,2025-10-27,Dry Van,477.1,1119.83,1059.93,False,True,ridge_spline
TR-047271,2025-10-27,Flatbed,2621.1,5029.22,4953.13,False,True,ridge_spline
TR-047272,2025-10-27,Dry Van,193.6,485.95,477.66,False,True,ridge_spline
TR-047273,2025-10-27,Dry Van,463.4,1165.7,1126.02,False,True,ridge_spline
TR-047274,2025-10-27,Dry Van,1039.1,2037.11,1952.03,False,True,ridge_spline
TR-047275,2025-10-27,Reefer,2520.1,5264.57,5127.45,False,True,ridge_spline
TR-047276,2025-10-27,Reefer,768.7,1992.37,1941.2,False,True,ridge_spline
TR-047277,2025-10-27,Dry Van,219.4,614.66,600.15,False,True,ridge_spline
TR-047278,2025-10-27,Reefer,1987.7,4113.53,4044.58,False,True,ridge_spline
TR-047279,2025-10-27,Reefer,2196.7,4347.35,4484.7,False,True,ridge_spline
TR-047280,2025-10-27,Dry Van,957.4,1962.23,1941.08,False,True,ridge_spline
TR-047281,2025-10-27,Dry Van,570.4,1179.2,1179.81,False,True,ridge_spline
TR-047282,2025-10-27,Dry Van,207.2,517.3,500.88,False,False,ridge_spline
TR-047283,2025-10-27,Dry Van,2175.4,3901.87,3904.61,False,True,ridge_spline
TR-047284,2025-10-27,Flatbed,310.9,783.99,774.8,False,True,ridge_spline
TR-047285,2025-10-27,Dry Van,772.6,1658.47,1629.95,False,False,ridge_spline
TR-047286,2025-10-27,Dry Van,1588.3,2984.09,2879.63,False,False,ridge_spline
TR-047287,2025-10-27,Dry Van,103.8,292.09,281.94,False,True,ridge_spline
TR-047288,2025-10-27,Dry Van,1211.3,2375.88,2422.17,False,True,ridge_spline
TR-047289,2025-10-27,Flatbed,2256.6,4115.51,4246.15,False,True,ridge_spline
TR-047290,2025-10-27,Dry Van,1334.2,2571.32,2525.19,False,True,ridge_spline
TR-047291,2025-10-27,Flatbed,425.5,1138.74,1102.14,False,True,ridge_spline
TR-047292,2025-10-27,Flatbed,1477.0,2899.76,2952.26,False,True,ridge_spline
TR-047293,2025-10-27,Reefer,2801.9,5327.47,5272.51,False,True,ridge_spline
TR-047294,2025-10-27,Flatbed,807.2,1662.74,1674.06,False,True,ridge_spline
TR-047295,2025-10-27,Dry Van,750.2,1535.64,1547.43,False,True,ridge_spline
TR-047296,2025-10-27,Flatbed,1225.5,2740.37,2670.39,False,True,ridge_spline
TR-047297,2025-10-27,Reefer,1467.2,3171.33,3118.96,False,True,ridge_spline
TR-047298,2025-10-27,Flatbed,776.1,1657.15,1650.04,False,True,ridge_spline
TR-047299,2025-10-27,Reefer,2979.1,19110.3,6003.15,True,True,ridge_spline
TR-047300,2025-10-27,Dry Van,411.7,1042.31,1004.35,False,True,ridge_spline
TR-047301,2025-10-27,Flatbed,2312.6,4466.18,4511.65,False,True,ridge_spline
TR-047302,2025-10-27,Flatbed,1715.6,3304.3,3374.65,False,True,ridge_spline
TR-047303,2025-10-27,Dry Van,2936.3,5149.54,5154.95,False,True,ridge_spline
TR-047304,2025-10-27,Reefer,1953.2,4210.91,4315.72,False,True,ridge_spline
TR-047305,2025-10-27,Dry Van,2365.4,4473.29,4448.73,False,True,ridge_spline
TR-047306,2025-10-27,Dry Van,930.0,1837.59,1845.97,False,True,ridge_spline
TR-047307,2025-10-27,Dry Van,1167.3,2456.79,2399.98,False,True,ridge_spline
TR-047308,2025-10-27,Reefer,1257.1,2818.51,2843.26,False,True,ridge_spline
TR-047309,2025-10-27,Flatbed,2019.7,3911.92,3908.18,False,True,ridge_spline
TR-047310,2025-10-27,Flatbed,2139.9,4311.77,4175.69,False,False,ridge_spline
TR-047311,2025-10-27,Flatbed,728.4,1608.17,1620.01,False,True,ridge_spline
TR-047312,2025-10-27,Reefer,2786.7,5637.98,5576.73,False,True,ridge_spline
TR-047313,2025-10-27,Dry Van,879.9,1728.39,1698.46,False,True,ridge_spline
TR-047314,2025-10-27,Reefer,835.3,2008.6,1944.33,False,True,ridge_spline
TR-047315,2025-10-27,Dry Van,719.1,1564.16,1500.83,False,True,ridge_spline
TR-047316,2025-10-27,Dry Van,614.9,1320.45,1291.44,False,True,ridge_spline
TR-047317,2025-10-27,Flatbed,1741.4,3409.07,3474.76,False,False,ridge_spline
TR-047318,2025-10-27,Dry Van,1693.3,3084.87,3127.65,False,True,ridge_spline
TR-047319,2025-10-27,Flatbed,1356.1,2904.7,2934.72,False,True,ridge_spline
TR-047320,2025-10-27,Dry Van,658.3,1355.05,1362.45,False,True,ridge_spline
TR-047321,2025-10-27,Dry Van,417.0,968.23,961.05,False,True,ridge_spline
TR-047322,2025-10-27,Dry Van,1258.0,2451.68,2399.48,False,True,ridge_spline
TR-047323,2025-10-27,Dry Van,485.4,1040.5,1036.88,False,True,ridge_spline
TR-047324,2025-10-27,Reefer,784.5,1729.69,1745.53,False,True,ridge_spline
TR-047325,2025-10-27,Dry Van,1209.6,2546.21,2459.05,False,True,ridge_spline
TR-047326,2025-10-27,Dry Van,544.3,1149.91,1131.82,False,True,ridge_spline
TR-047327,2025-10-27,Dry Van,493.2,1124.24,1084.61,False,True,ridge_spline
TR-047328,2025-10-27,Dry Van,457.1,1078.91,1065.37,False,True,ridge_spline
TR-047329,2025-10-27,Flatbed,470.1,1082.86,1107.74,False,True,ridge_spline
TR-047330,2025-10-27,Dry Van,288.3,754.18,737.31,False,True,ridge_spline
TR-047331,2025-10-27,Dry Van,586.4,1260.1,1270.95,False,True,ridge_spline
TR-047332,2025-10-27,Reefer,1219.1,2947.21,2846.6,False,True,ridge_spline
TR-047333,2025-10-27,Dry Van,169.0,467.71,456.57,False,True,ridge_spline
TR-047334,2025-10-27,Flatbed,886.2,1963.72,1919.48,False,False,ridge_spline
TR-047335,2025-10-27,Dry Van,2440.9,4254.89,4348.02,False,True,ridge_spline
TR-047336,2025-10-27,Flatbed,926.2,2173.71,2141.05,False,True,ridge_spline
TR-047337,2025-10-27,Flatbed,3097.3,5916.65,6017.69,False,True,ridge_spline
TR-047338,2025-10-27,Dry Van,1032.8,2248.82,2157.77,False,True,ridge_spline
TR-047339,2025-10-27,Reefer,820.9,1837.42,1837.52,False,True,ridge_spline
TR-047340,2025-10-27,Dry Van,922.8,1909.42,1911.53,False,True,ridge_spline
TR-047341,2025-10-27,Dry Van,382.9,969.54,949.27,False,True,ridge_spline
TR-047342,2025-10-27,Flatbed,437.1,1081.86,1070.85,False,True,ridge_spline
TR-047343,2025-10-27,Dry Van,355.7,880.2,828.83,False,True,ridge_spline
TR-047344,2025-10-27,Flatbed,366.4,910.03,896.18,False,True,ridge_spline
TR-047345,2025-10-27,Dry Van,2596.2,4879.54,4777.75,False,True,ridge_spline
TR-047346,2025-10-27,Dry Van,3173.4,5653.31,5522.75,False,True,ridge_spline
TR-047347,2025-10-27,Dry Van,699.3,1481.77,1477.41,False,True,ridge_spline
TR-047348,2025-10-27,Reefer,202.9,600.37,594.45,False,True,ridge_spline
TR-047349,2025-10-27,Dry Van,552.6,1181.66,1181.44,False,True,ridge_spline
TR-047350,2025-10-27,Reefer,1320.9,3020.37,3042.16,False,True,ridge_spline
TR-047351,2025-10-27,Dry Van,1067.6,1953.54,1975.63,False,True,ridge_spline
TR-047352,2025-10-27,Dry Van,1262.8,2506.68,2498.86,False,True,ridge_spline
TR-047353,2025-10-28,Flatbed,715.7,1575.97,1575.45,False,True,ridge_spline
TR-047354,2025-10-28,Dry Van,324.2,696.47,722.48,False,True,ridge_spline
TR-047355,2025-10-28,Reefer,831.6,2128.96,2041.77,False,True,ridge_spline
TR-047356,2025-10-28,Dry Van,198.6,504.28,484.45,False,True,ridge_spline
TR-047357,2025-10-28,Dry Van,1954.9,3847.37,3666.37,False,True,ridge_spline
TR-047358,2025-10-28,Flatbed,2384.7,5009.28,4922.41,False,True,ridge_spline
TR-047359,2025-10-28,Reefer,1233.6,2709.64,2737.04,False,True,ridge_spline
TR-047360,2025-10-28,Dry Van,1743.9,3458.39,3470.14,False,True,ridge_spline
TR-047361,2025-10-28,Dry Van,770.4,1718.9,1696.48,False,True,ridge_spline
TR-047362,2025-10-28,Dry Van,705.6,1468.62,1463.03,False,True,ridge_spline
TR-047363,2025-10-28,Flatbed,225.6,618.21,627.43,False,True,ridge_spline
TR-047364,2025-10-28,Flatbed,487.6,1285.55,1260.58,False,True,ridge_spline
TR-047365,2025-10-28,Reefer,529.9,1391.52,1382.57,False,True,ridge_spline
TR-047366,2025-10-28,Flatbed,818.8,1832.71,1821.03,False,False,ridge_spline
TR-047367,2025-10-28,Dry Van,967.4,2095.3,2058.38,False,True,ridge_spline
TR-047368,2025-10-28,Flatbed,442.0,1044.28,1022.18,False,True,ridge_spline
TR-047369,2025-10-28,Dry Van,975.4,2093.14,2037.02,False,True,ridge_spline
TR-047370,2025-10-28,Reefer,314.8,888.73,907.74,False,True,ridge_spline
TR-047371,2025-10-28,Dry Van,2183.5,3924.86,3886.39,False,True,ridge_spline
TR-047372,2025-10-28,Reefer,1198.9,2569.09,2559.15,False,True,ridge_spline
TR-047373,2025-10-28,Reefer,848.6,1998.58,2016.02,False,True,ridge_spline
TR-047374,2025-10-28,Dry Van,533.8,1234.58,1183.38,False,True,ridge_spline
TR-047375,2025-10-28,Reefer,863.3,2035.9,2037.42,False,True,ridge_spline
TR-047376,2025-10-28,Dry Van,1886.6,3597.23,3522.5,False,True,ridge_spline
TR-047377,2025-10-28,Dry Van,1139.4,2321.27,2252.75,False,True,ridge_spline
TR-047378,2025-10-28,Dry Van,1672.1,3163.93,3125.67,False,True,ridge_spline
TR-047379,2025-10-28,Flatbed,884.5,1939.15,1897.9,False,True,ridge_spline
TR-047380,2025-10-28,Dry Van,361.0,856.65,851.55,False,True,ridge_spline
TR-047381,2025-10-28,Reefer,2035.1,4463.62,4422.6,False,True,ridge_spline
TR-047382,2025-10-28,Flatbed,2040.7,4338.95,4302.18,False,True,ridge_spline
TR-047383,2025-10-28,Dry Van,685.8,1498.89,1498.47,False,True,ridge_spline
TR-047384,2025-10-28,Reefer,634.2,1571.22,1511.84,False,True,ridge_spline
TR-047385,2025-10-28,Dry Van,2338.2,4355.11,4457.36,False,True,ridge_spline
TR-047386,2025-10-28,Flatbed,1049.3,2270.1,2257.67,False,True,ridge_spline
TR-047387,2025-10-28,Flatbed,458.9,1042.46,1021.92,False,True,ridge_spline
TR-047388,2025-10-28,Dry Van,2095.1,3678.26,3716.29,False,True,ridge_spline
TR-047389,2025-10-28,Dry Van,679.8,1425.24,1384.16,False,True,ridge_spline
TR-047390,2025-10-28,Dry Van,2531.1,4745.33,4481.05,False,False,ridge_spline
TR-047391,2025-10-28,Reefer,598.2,1405.42,1414.76,False,True,ridge_spline
TR-047392,2025-10-28,Reefer,435.0,1120.77,1093.9,False,True,ridge_spline
TR-047393,2025-10-28,Dry Van,428.0,941.6,908.26,False,True,ridge_spline
TR-047394,2025-10-28,Flatbed,2306.4,4749.79,4702.88,False,True,ridge_spline
TR-047395,2025-10-28,Dry Van,1652.5,3187.5,3150.32,False,True,ridge_spline
TR-047396,2025-10-28,Flatbed,1413.1,3189.23,3120.47,False,True,ridge_spline
TR-047397,2025-10-28,Dry Van,248.3,656.46,654.51,False,True,ridge_spline
TR-047398,2025-10-28,Reefer,1151.6,2465.88,2486.32,False,True,ridge_spline
TR-047399,2025-10-28,Reefer,909.5,2112.89,2071.43,False,True,ridge_spline
TR-047400,2025-10-28,Dry Van,637.7,1354.66,1356.95,False,True,ridge_spline
TR-047401,2025-10-28,Reefer,356.8,1019.77,973.18,False,True,ridge_spline
TR-047402,2025-10-28,Dry Van,1442.5,2754.21,2823.7,False,True,ridge_spline
TR-047403,2025-10-28,Flatbed,2829.3,5681.27,5645.91,False,True,ridge_spline
TR-047404,2025-10-28,Reefer,2355.5,4655.6,4544.5,False,True,ridge_spline
TR-047405,2025-10-28,Dry Van,468.7,1077.64,1058.34,False,True,ridge_spline
TR-047406,2025-10-28,Dry Van,1249.0,2642.51,2620.86,False,True,ridge_spline
TR-047407,2025-10-28,Dry Van,1611.3,3069.81,3047.45,False,True,ridge_spline
TR-047408,2025-10-28,Dry Van,2026.7,3993.34,3853.88,False,True,ridge_spline
TR-047409,2025-10-28,Dry Van,723.9,1605.8,1554.09,False,True,ridge_spline
TR-047410,2025-10-28,Dry Van,1500.2,3021.1,2989.48,False,True,ridge_spline
TR-047411,2025-10-28,Flatbed,1197.4,2578.04,2567.69,False,True,ridge_spline
TR-047412,2025-10-28,Dry Van,1852.0,3556.61,3561.64,False,True,ridge_spline
TR-047413,2025-10-28,Dry Van,596.6,1183.25,1190.34,False,True,ridge_spline
TR-047414,2025-10-28,Reefer,428.5,1176.14,1139.64,False,True,ridge_spline
TR-047415,2025-10-28,Flatbed,2587.3,5096.63,5041.68,False,True,ridge_spline
TR-047416,2025-10-28,Dry Van,769.0,1591.65,1582.81,False,True,ridge_spline
TR-047417,2025-10-28,Dry Van,1149.8,2284.94,2255.43,False,True,ridge_spline
TR-047418,2025-10-28,Dry Van,2187.1,4063.92,3963.84,False,True,ridge_spline
TR-047419,2025-10-28,Reefer,421.9,1091.27,1088.86,False,True,ridge_spline
TR-047420,2025-10-28,Dry Van,1650.6,3212.28,3133.35,False,True,ridge_spline
TR-047421,2025-10-28,Dry Van,2190.8,4325.34,4138.96,False,True,ridge_spline
TR-047422,2025-10-28,Flatbed,404.4,1022.33,1039.08,False,True,ridge_spline
TR-047423,2025-10-28,Flatbed,658.0,1600.71,1602.72,False,False,ridge_spline
TR-047424,2025-10-28,Reefer,2896.1,5972.82,5782.62,False,True,ridge_spline
TR-047425,2025-10-28,Dry Van,2544.0,4709.46,4737.27,False,True,ridge_spline
TR-047426,2025-10-28,Flatbed,1639.3,3365.06,3371.09,False,True,ridge_spline
TR-047427,2025-10-28,Reefer,1148.9,2540.54,2563.74,False,True,ridge_spline
TR-047428,2025-10-28,Dry Van,419.1,993.52,963.35,False,True,ridge_spline
TR-047429,2025-10-28,Dry Van,272.6,692.88,700.67,False,True,ridge_spline
TR-047430,2025-10-28,Reefer,783.7,1841.61,1842.32,False,True,ridge_spline
TR-047431,2025-10-28,Dry Van,926.5,1806.26,1765.46,False,True,ridge_spline
TR-047432,2025-10-28,Flatbed,1978.6,4295.45,4109.15,False,True,ridge_spline
TR-047433,2025-10-28,Reefer,664.6,1613.18,1648.17,False,True,ridge_spline
TR-047434,2025-10-28,Dry Van,1096.5,2271.94,2232.21,False,True,ridge_spline
TR-047435,2025-10-28,Dry Van,928.7,2060.68,1987.03,False,True,ridge_spline
TR-047436,2025-10-28,Flatbed,650.4,1447.73,1432.24,False,True,ridge_spline
TR-047437,2025-10-28,Reefer,527.7,1373.08,1368.98,False,True,ridge_spline
TR-047438,2025-10-28,Flatbed,1867.0,3974.95,3950.79,False,True,ridge_spline
TR-047439,2025-10-28,Reefer,1186.8,2686.94,2708.15,False,False,ridge_spline
TR-047440,2025-10-28,Dry Van,1242.8,2579.09,2506.48,False,True,ridge_spline
TR-047441,2025-10-28,Flatbed,1458.4,3125.81,3126.06,False,True,ridge_spline
TR-047442,2025-10-28,Reefer,738.3,1760.31,1738.29,False,True,ridge_spline
TR-047443,2025-10-28,Flatbed,1287.2,2912.71,2803.2,False,True,ridge_spline
TR-047444,2025-10-28,Dry Van,3024.7,5224.85,5175.58,False,True,ridge_spline
TR-047445,2025-10-28,Dry Van,443.2,985.67,954.59,False,True,ridge_spline
TR-047446,2025-10-28,Dry Van,735.8,1465.33,1434.09,False,True,ridge_spline
TR-047447,2025-10-28,Dry Van,1882.9,3575.15,3553.51,False,True,ridge_spline
TR-047448,2025-10-28,Dry Van,1495.0,3023.55,2983.33,False,True,ridge_spline
TR-047449,2025-10-28,Dry Van,737.2,1474.64,1432.93,False,True,ridge_spline
TR-047450,2025-10-28,Reefer,920.4,2197.71,2154.17,False,True,ridge_spline
TR-047451,2025-10-28,Dry Van,850.0,1698.45,1651.44,False,True,ridge_spline
TR-047452,2025-10-28,Reefer,623.3,1540.06,1538.75,False,True,ridge_spline
TR-047453,2025-10-28,Dry Van,2091.9,3650.16,3693.21,False,True,ridge_spline
TR-047454,2025-10-28,Dry Van,2376.2,4413.94,4316.33,False,True,ridge_spline
TR-047455,2025-10-28,Dry Van,932.1,1871.9,1875.55,False,True,ridge_spline
TR-047456,2025-10-28,Flatbed,1708.0,3295.02,3329.18,False,True,ridge_spline
TR-047457,2025-10-28,Reefer,958.0,2174.2,2144.0,False,True,ridge_spline
TR-047458,2025-10-28,Dry Van,2267.2,4308.62,4314.73,False,True,ridge_spline
TR-047459,2025-10-28,Reefer,490.2,1258.82,1250.47,False,True,ridge_spline
TR-047460,2025-10-28,Dry Van,549.0,1200.85,1171.29,False,True,ridge_spline
TR-047461,2025-10-28,Reefer,987.4,2207.48,2260.64,False,True,ridge_spline
TR-047462,2025-10-28,Flatbed,2069.7,3936.26,4103.43,False,True,ridge_spline
TR-047463,2025-10-28,Reefer,1640.8,3628.24,3652.0,False,True,ridge_spline
TR-047464,2025-10-28,Flatbed,2642.2,5167.12,5234.63,False,False,ridge_spline
TR-047465,2025-10-28,Dry Van,807.5,1696.9,1630.77,False,True,ridge_spline
TR-047466,2025-10-28,Dry Van,541.3,1179.5,1176.44,False,True,ridge_spline
TR-047467,2025-10-28,Dry Van,507.6,1083.36,1073.11,False,True,ridge_spline
TR-047468,2025-10-28,Dry Van,746.6,1641.29,1612.45,False,True,ridge_spline
TR-047469,2025-10-28,Dry Van,624.4,1458.78,1434.03,False,True,ridge_spline
TR-047470,2025-10-28,Reefer,534.0,1330.5,1312.01,False,False,ridge_spline
TR-047471,2025-10-28,Flatbed,1766.6,3611.22,3653.33,False,True,ridge_spline
TR-047472,2025-10-28,Dry Van,235.1,595.09,592.97,False,True,ridge_spline
TR-047473,2025-10-28,Dry Van,2465.2,4372.61,4370.48,False,True,ridge_spline
TR-047474,2025-10-28,Flatbed,774.0,1745.58,1715.94,False,True,ridge_spline
TR-047475,2025-10-28,Reefer,548.7,1307.46,1298.87,False,True,ridge_spline
TR-047476,2025-10-28,Reefer,282.3,751.16,770.28,False,True,ridge_spline
TR-047477,2025-10-28,Dry Van,383.6,916.19,900.58,False,False,ridge_spline
TR-047478,2025-10-28,Flatbed,1408.6,2860.24,2952.36,False,True,ridge_spline
TR-047479,2025-10-28,Dry Van,2101.8,4115.49,3973.89,False,True,ridge_spline
TR-047480,2025-10-28,Dry Van,1473.1,2873.82,2876.52,False,True,ridge_spline
TR-047481,2025-10-28,Dry Van,108.5,283.17,275.71,False,True,ridge_spline
TR-047482,2025-10-28,Dry Van,1040.7,2125.82,2090.63,False,True,ridge_spline
TR-047483,2025-10-28,Dry Van,975.2,1976.8,1901.28,False,True,ridge_spline
TR-047484,2025-10-29,Reefer,1518.9,3370.38,3343.26,False,True,ridge_spline
TR-047485,2025-10-29,Dry Van,823.5,1870.23,1811.2,False,True,ridge_spline
TR-047486,2025-10-29,Reefer,152.1,484.6,479.11,False,True,ridge_spline
TR-047487,2025-10-29,Dry Van,490.5,1121.9,1078.38,False,True,ridge_spline
TR-047488,2025-10-29,Reefer,1014.5,2270.61,2230.62,False,True,ridge_spline
TR-047489,2025-10-29,Dry Van,1602.4,2892.34,2912.88,False,True,ridge_spline
TR-047490,2025-10-29,Flatbed,1283.9,2747.48,2689.76,False,True,ridge_spline
TR-047491,2025-10-29,Reefer,556.8,1363.85,1364.76,False,True,ridge_spline
TR-047492,2025-10-29,Dry Van,1737.9,3559.43,3494.47,False,True,ridge_spline
TR-047493,2025-10-29,Dry Van,1066.8,2250.61,2171.48,False,True,ridge_spline
TR-047494,2025-10-29,Dry Van,327.0,731.72,727.03,False,True,ridge_spline
TR-047495,2025-10-29,Flatbed,341.3,888.94,894.49,False,True,ridge_spline
TR-047496,2025-10-29,Dry Van,1743.6,3390.51,3359.26,False,True,ridge_spline
TR-047497,2025-10-29,Flatbed,169.4,500.4,504.32,False,True,ridge_spline
TR-047498,2025-10-29,Dry Van,731.6,1606.79,1572.81,False,True,ridge_spline
TR-047499,2025-10-29,Dry Van,1796.7,3778.61,3610.18,False,True,ridge_spline
TR-047500,2025-10-29,Dry Van,2319.7,4190.67,4268.98,False,True,ridge_spline
TR-047501,2025-10-29,Reefer,790.2,1783.42,1739.58,False,True,ridge_spline
TR-047502,2025-10-29,Flatbed,299.5,846.81,826.53,False,True,ridge_spline
TR-047503,2025-10-29,Reefer,1674.0,3685.43,3637.32,False,True,ridge_spline
TR-047504,2025-10-29,Reefer,2063.5,880.04,4277.19,True,True,ridge_spline
TR-047505,2025-10-29,Reefer,1691.5,3606.92,3601.09,False,True,ridge_spline
TR-047506,2025-10-29,Dry Van,1112.3,2312.14,2265.6,False,True,ridge_spline
TR-047507,2025-10-29,Reefer,2454.6,5152.2,5129.95,False,True,ridge_spline
TR-047508,2025-10-29,Dry Van,290.9,766.56,767.04,False,True,ridge_spline
TR-047509,2025-10-29,Dry Van,160.3,446.16,434.65,False,True,ridge_spline
TR-047510,2025-10-29,Flatbed,959.7,2272.15,2268.83,False,True,ridge_spline
TR-047511,2025-10-29,Dry Van,1398.3,2651.73,2670.57,False,True,ridge_spline
TR-047512,2025-10-29,Dry Van,2002.3,3767.08,3716.8,False,True,ridge_spline
TR-047513,2025-10-29,Flatbed,2399.3,4946.8,4889.13,False,False,ridge_spline
TR-047514,2025-10-29,Dry Van,450.4,994.65,982.25,False,True,ridge_spline
TR-047515,2025-10-29,Flatbed,944.0,2144.48,2126.34,False,False,ridge_spline
TR-047516,2025-10-29,Dry Van,856.3,1957.2,1891.6,False,True,ridge_spline
TR-047517,2025-10-29,Dry Van,564.1,1357.67,1342.46,False,True,ridge_spline
TR-047518,2025-10-29,Reefer,749.1,1760.13,1757.08,False,True,ridge_spline
TR-047519,2025-10-29,Dry Van,689.0,1602.83,1525.06,False,True,ridge_spline
TR-047520,2025-10-29,Reefer,484.8,1269.47,1248.9,False,True,ridge_spline
TR-047521,2025-10-29,Dry Van,697.9,1527.82,1508.54,False,True,ridge_spline
TR-047522,2025-10-29,Dry Van,286.4,757.91,744.0,False,True,ridge_spline
TR-047523,2025-10-29,Reefer,433.5,1174.09,1171.92,False,True,ridge_spline
TR-047524,2025-10-29,Flatbed,675.2,1547.03,1533.98,False,True,ridge_spline
TR-047525,2025-10-29,Dry Van,2321.5,4199.93,4186.19,False,True,ridge_spline
TR-047526,2025-10-29,Dry Van,692.5,1434.93,1429.04,False,True,ridge_spline
TR-047527,2025-10-29,Dry Van,1469.7,2909.37,2862.25,False,True,ridge_spline
TR-047528,2025-10-29,Flatbed,93.0,299.74,297.72,False,True,ridge_spline
TR-047529,2025-10-29,Dry Van,453.6,996.52,995.9,False,True,ridge_spline
TR-047530,2025-10-29,Dry Van,424.6,1043.66,1026.92,False,True,ridge_spline
TR-047531,2025-10-29,Dry Van,2037.1,3939.96,3945.48,False,True,ridge_spline
TR-047532,2025-10-29,Dry Van,1562.2,3087.48,3149.04,False,True,ridge_spline
TR-047533,2025-10-29,Reefer,831.6,2012.77,2065.02,False,True,ridge_spline
TR-047534,2025-10-29,Flatbed,686.7,1537.05,1535.66,False,True,ridge_spline
TR-047535,2025-10-29,Dry Van,1357.2,2731.05,2790.98,False,True,ridge_spline
TR-047536,2025-10-29,Dry Van,734.7,1532.23,1517.2,False,True,ridge_spline
TR-047537,2025-10-29,Dry Van,2782.4,15003.55,4931.2,True,True,ridge_spline
TR-047538,2025-10-29,Dry Van,2847.6,5253.36,5281.3,False,True,ridge_spline
TR-047539,2025-10-29,Dry Van,1041.1,472.91,2003.63,True,True,ridge_spline
TR-047540,2025-10-29,Dry Van,596.3,1301.4,1287.76,False,True,ridge_spline
TR-047541,2025-10-29,Flatbed,405.4,1028.05,1021.32,False,False,ridge_spline
TR-047542,2025-10-29,Dry Van,1129.3,2245.8,2200.68,False,True,ridge_spline
TR-047543,2025-10-29,Dry Van,1579.2,3160.91,3180.19,False,True,ridge_spline
TR-047544,2025-10-29,Dry Van,1291.1,2737.09,2666.79,False,True,ridge_spline
TR-047545,2025-10-29,Flatbed,1881.2,4073.56,3999.55,False,True,ridge_spline
TR-047546,2025-10-29,Dry Van,1367.0,2729.05,2685.09,False,True,ridge_spline
TR-047547,2025-10-29,Dry Van,1091.3,2164.35,2119.43,False,True,ridge_spline
TR-047548,2025-10-29,Dry Van,716.4,1457.56,1442.68,False,True,ridge_spline
TR-047549,2025-10-29,Reefer,1650.7,3814.07,3712.47,False,True,ridge_spline
TR-047550,2025-10-29,Dry Van,406.9,934.1,923.21,False,True,ridge_spline
TR-047551,2025-10-29,Dry Van,491.2,1173.54,1143.36,False,True,ridge_spline
TR-047552,2025-10-29,Flatbed,2283.8,4781.72,4858.15,False,True,ridge_spline
TR-047553,2025-10-29,Dry Van,672.2,1576.9,1526.25,False,True,ridge_spline
TR-047554,2025-10-29,Reefer,1471.7,3164.95,3204.96,False,True,ridge_spline
TR-047555,2025-10-29,Dry Van,513.7,1121.82,1107.78,False,True,ridge_spline
TR-047556,2025-10-29,Dry Van,937.4,2021.99,1961.27,False,True,ridge_spline
TR-047557,2025-10-29,Dry Van,844.9,1802.15,1789.74,False,True,ridge_spline
TR-047558,2025-10-29,Dry Van,1054.5,2256.25,2159.6,False,True,ridge_spline
TR-047559,2025-10-29,Reefer,276.0,751.56,751.51,False,True,ridge_spline
TR-047560,2025-10-29,Reefer,2107.5,4370.07,4374.79,False,True,ridge_spline
TR-047561,2025-10-29,Dry Van,737.8,1661.68,1646.11,False,True,ridge_spline
TR-047562,2025-10-29,Dry Van,1173.4,2324.37,2243.74,False,True,ridge_spline
TR-047563,2025-10-29,Reefer,2159.5,4417.81,4464.3,False,True,ridge_spline
TR-047564,2025-10-29,Reefer,1023.1,2238.49,2264.65,False,True,ridge_spline
TR-047565,2025-10-29,Dry Van,910.8,1859.53,1846.19,False,True,ridge_spline
TR-047566,2025-10-29,Reefer,841.8,2168.55,2088.89,False,True,ridge_spline
TR-047567,2025-10-29,Dry Van,225.5,555.65,546.73,False,True,ridge_spline
TR-047568,2025-10-29,Flatbed,105.9,327.27,340.78,False,True,ridge_spline
TR-047569,2025-10-29,Flatbed,693.1,1633.65,1643.86,False,True,ridge_spline
TR-047570,2025-10-29,Dry Van,467.2,1086.62,1057.85,False,True,ridge_spline
TR-047571,2025-10-29,Flatbed,263.2,748.27,734.73,False,True,ridge_spline
TR-047572,2025-10-29,Dry Van,594.9,1375.77,1297.92,False,True,ridge_spline
TR-047573,2025-10-29,Dry Van,805.6,1783.98,1746.78,False,True,ridge_spline
TR-047574,2025-10-29,Flatbed,467.7,1187.99,1152.58,False,True,ridge_spline
TR-047575,2025-10-29,Dry Van,842.9,1710.9,1703.84,False,True,ridge_spline
TR-047576,2025-10-29,Dry Van,944.2,1943.9,1901.97,False,True,ridge_spline
TR-047577,2025-10-29,Reefer,337.2,966.33,966.21,False,True,ridge_spline
TR-047578,2025-10-29,Dry Van,431.4,1018.54,1018.76,False,True,ridge_spline
TR-047579,2025-10-29,Flatbed,387.8,980.92,985.8,False,False,ridge_spline
TR-047580,2025-10-29,Dry Van,1374.0,2600.37,2637.77,False,True,ridge_spline
TR-047581,2025-10-29,Reefer,2337.1,4798.37,4745.76,False,True,ridge_spline
TR-047582,2025-10-29,Dry Van,371.2,820.66,801.57,False,True,ridge_spline
TR-047583,2025-10-29,Flatbed,1852.6,3789.3,3738.29,False,True,ridge_spline
TR-047584,2025-10-29,Dry Van,214.0,558.82,543.8,False,True,ridge_spline
TR-047585,2025-10-29,Dry Van,1394.4,2854.93,2794.35,False,True,ridge_spline
TR-047586,2025-10-29,Dry Van,1140.7,2215.0,2250.23,False,True,ridge_spline
TR-047587,2025-10-29,Flatbed,1383.3,11596.28,2897.43,True,False,ridge_spline
TR-047588,2025-10-29,Dry Van,631.7,1390.99,1375.89,False,True,ridge_spline
TR-047589,2025-10-29,Reefer,746.7,1834.12,1746.3,False,True,ridge_spline
TR-047590,2025-10-29,Dry Van,2719.2,4873.36,4784.55,False,True,ridge_spline
TR-047591,2025-10-29,Dry Van,832.3,1774.21,1724.16,False,True,ridge_spline
TR-047592,2025-10-29,Dry Van,325.4,754.97,753.79,False,True,ridge_spline
TR-047593,2025-10-29,Reefer,1197.4,2991.48,2828.24,False,True,ridge_spline
TR-047594,2025-10-29,Dry Van,518.3,1191.82,1158.97,False,True,ridge_spline
TR-047595,2025-10-29,Reefer,308.4,927.59,912.91,False,True,ridge_spline
TR-047596,2025-10-29,Reefer,416.2,1161.51,1178.27,False,True,ridge_spline
TR-047597,2025-10-29,Dry Van,979.8,2108.62,2070.88,False,True,ridge_spline
TR-047598,2025-10-29,Reefer,535.7,1375.06,1381.23,False,True,ridge_spline
TR-047599,2025-10-29,Reefer,1151.6,2611.37,2679.83,False,False,ridge_spline
TR-047600,2025-10-29,Dry Van,1006.7,1993.97,2031.95,False,True,ridge_spline
TR-047601,2025-10-29,Dry Van,940.9,1948.36,1932.8,False,True,ridge_spline
TR-047602,2025-10-29,Flatbed,1145.7,2421.4,2480.06,False,True,ridge_spline
TR-047603,2025-10-29,Flatbed,270.6,699.65,693.21,False,True,ridge_spline
TR-047604,2025-10-29,Flatbed,1922.3,3920.05,3978.52,False,True,ridge_spline
TR-047605,2025-10-29,Dry Van,2815.5,5026.75,4960.24,False,True,ridge_spline
TR-047606,2025-10-29,Reefer,1395.2,3122.21,3061.62,False,True,ridge_spline
TR-047607,2025-10-29,Flatbed,2132.7,4301.42,4364.85,False,False,ridge_spline
TR-047608,2025-10-29,Dry Van,2339.5,4614.73,4565.19,False,True,ridge_spline
TR-047609,2025-10-29,Reefer,1557.7,3294.52,3372.56,False,False,ridge_spline
TR-047610,2025-10-29,Flatbed,1080.6,2559.98,2516.53,False,True,ridge_spline
TR-047611,2025-10-29,Reefer,233.7,660.61,649.53,False,True,ridge_spline
TR-047612,2025-10-29,Reefer,1911.1,4203.68,4174.37,False,True,ridge_spline
TR-047613,2025-10-29,Dry Van,144.8,403.88,401.62,False,True,ridge_spline
TR-047614,2025-10-29,Reefer,1396.3,3243.76,3180.56,False,True,ridge_spline
TR-047615,2025-10-29,Dry Van,463.8,1073.46,1064.74,False,True,ridge_spline
TR-047616,2025-10-29,Flatbed,1912.3,4092.42,4020.61,False,True,ridge_spline
TR-047617,2025-10-29,Dry Van,2609.2,4874.2,4843.6,False,True,ridge_spline
TR-047618,2025-10-29,Reefer,1569.1,3464.06,3428.45,False,True,ridge_spline
TR-047619,2025-10-29,Dry Van,1723.4,3399.68,3375.88,False,True,ridge_spline
TR-047620,2025-10-29,Flatbed,182.8,539.46,530.62,False,True,ridge_spline
TR-047621,2025-10-29,Dry Van,1527.8,3160.75,3082.21,False,True,ridge_spline
TR-047622,2025-10-29,Reefer,758.8,1856.54,1867.68,False,True,ridge_spline
TR-047623,2025-10-29,Dry Van,910.4,2012.18,1966.18,False,True,ridge_spline
TR-047624,2025-10-29,Dry Van,1225.8,2564.63,2524.22,False,True,ridge_spline
TR-047625,2025-10-29,Reefer,2070.0,4277.21,4315.07,False,True,ridge_spline
TR-047626,2025-10-29,Dry Van,138.3,385.1,387.21,False,True,ridge_spline
TR-047627,2025-10-29,Dry Van,1238.6,2471.08,2438.53,False,True,ridge_spline
TR-047628,2025-10-29,Dry Van,310.5,688.18,695.69,False,True,ridge_spline
TR-047629,2025-10-29,Dry Van,1667.7,3398.73,3331.11,False,True,ridge_spline
TR-047630,2025-10-29,Reefer,1248.2,2907.44,2909.88,False,True,ridge_spline
TR-047631,2025-10-29,Flatbed,3092.4,5797.06,5800.78,False,False,ridge_spline
TR-047632,2025-10-29,Dry Van,707.8,1385.22,1418.18,False,True,ridge_spline
TR-047633,2025-10-29,Dry Van,2260.1,4146.93,4066.53,False,True,ridge_spline
TR-047634,2025-10-29,Dry Van,997.8,2093.42,2106.22,False,True,ridge_spline
TR-047635,2025-10-29,Dry Van,2424.6,4355.51,4340.69,False,True,ridge_spline
TR-047636,2025-10-29,Dry Van,925.1,1774.25,1759.31,False,True,ridge_spline
TR-047637,2025-10-29,Flatbed,657.5,1606.38,1582.91,False,True,ridge_spline
TR-047638,2025-10-29,Dry Van,968.5,2087.61,2123.59,False,True,ridge_spline
TR-047639,2025-10-29,Dry Van,961.3,2068.13,2005.66,False,True,ridge_spline
TR-047640,2025-10-29,Dry Van,697.8,1393.76,1418.05,False,True,ridge_spline
TR-047641,2025-10-29,Dry Van,1202.4,2581.13,2529.25,False,True,ridge_spline
TR-047642,2025-10-29,Flatbed,592.5,1378.94,1358.85,False,True,ridge_spline
TR-047643,2025-10-29,Dry Van,2671.6,5279.51,5152.9,False,True,ridge_spline
TR-047644,2025-10-29,Dry Van,1836.2,3453.76,3398.45,False,True,ridge_spline
TR-047645,2025-10-29,Dry Van,2512.9,4502.62,4518.86,False,True,ridge_spline
TR-047646,2025-10-29,Flatbed,1835.1,4087.37,4022.63,False,True,ridge_spline
TR-047647,2025-10-29,Reefer,668.5,1532.92,1499.09,False,True,ridge_spline
TR-047648,2025-10-30,Dry Van,724.1,1647.93,1628.32,False,True,ridge_spline
TR-047649,2025-10-30,Dry Van,2500.5,4892.67,4811.45,False,True,ridge_spline
TR-047650,2025-10-30,Flatbed,206.5,601.03,598.92,False,True,ridge_spline
TR-047651,2025-10-30,Dry Van,1738.4,3349.82,3291.07,False,True,ridge_spline
TR-047652,2025-10-30,Reefer,768.6,1898.3,1881.2,False,True,ridge_spline
TR-047653,2025-10-30,Dry Van,868.7,1840.18,1831.3,False,True,ridge_spline
TR-047654,2025-10-30,Dry Van,765.2,1635.87,1584.84,False,True,ridge_spline
TR-047655,2025-10-30,Dry Van,794.9,1709.94,1663.85,False,True,ridge_spline
TR-047656,2025-10-30,Reefer,1178.2,2658.31,2586.92,False,False,ridge_spline
TR-047657,2025-10-30,Reefer,1125.7,552.14,2525.17,True,True,ridge_spline
TR-047658,2025-10-30,Dry Van,246.5,602.47,598.54,False,True,ridge_spline
TR-047659,2025-10-30,Dry Van,2087.6,4068.07,3930.11,False,True,ridge_spline
TR-047660,2025-10-30,Dry Van,1580.2,3247.49,3173.37,False,True,ridge_spline
TR-047661,2025-10-30,Dry Van,328.1,864.68,839.68,False,True,ridge_spline
TR-047662,2025-10-30,Dry Van,1261.3,8276.0,2639.71,True,True,ridge_spline
TR-047663,2025-10-30,Reefer,1107.4,2573.87,2560.64,False,True,ridge_spline
TR-047664,2025-10-30,Dry Van,3104.8,5530.61,5452.05,False,True,ridge_spline
TR-047665,2025-10-30,Dry Van,1113.4,2292.7,2264.07,False,True,ridge_spline
TR-047666,2025-10-30,Reefer,446.9,1110.85,1115.69,False,True,ridge_spline
TR-047667,2025-10-30,Dry Van,646.4,1352.21,1328.42,False,True,ridge_spline
TR-047668,2025-10-30,Dry Van,824.9,1856.57,1823.33,False,True,ridge_spline
TR-047669,2025-10-30,Flatbed,551.2,1369.62,1347.73,False,True,ridge_spline
TR-047670,2025-10-30,Dry Van,776.6,1781.06,1744.39,False,True,ridge_spline
TR-047671,2025-10-30,Flatbed,793.5,1756.84,1810.46,False,True,ridge_spline
TR-047672,2025-10-30,Reefer,183.4,535.76,545.83,False,True,ridge_spline
TR-047673,2025-10-30,Dry Van,822.7,1799.38,1752.16,False,True,ridge_spline
TR-047674,2025-10-30,Reefer,284.2,822.11,829.31,False,False,ridge_spline
TR-047675,2025-10-30,Flatbed,2592.4,5216.72,5096.1,False,True,ridge_spline
TR-047676,2025-10-30,Reefer,1935.7,4313.84,4287.3,False,True,ridge_spline
TR-047677,2025-10-30,Dry Van,447.5,1055.51,1046.06,False,True,ridge_spline
TR-047678,2025-10-30,Reefer,2151.8,4646.88,4690.05,False,True,ridge_spline
TR-047679,2025-10-30,Dry Van,1417.6,2993.39,2938.9,False,True,ridge_spline
TR-047680,2025-10-30,Dry Van,1175.7,2374.26,2381.77,False,True,ridge_spline
TR-047681,2025-10-30,Dry Van,778.2,1670.64,1627.0,False,True,ridge_spline
TR-047682,2025-10-30,Flatbed,1530.9,3188.2,3174.27,False,True,ridge_spline
TR-047683,2025-10-30,Dry Van,1696.3,3388.71,3369.61,False,True,ridge_spline
TR-047684,2025-10-30,Dry Van,1311.1,2595.54,2627.63,False,True,ridge_spline
TR-047685,2025-10-30,Reefer,497.4,1173.21,1152.22,False,True,ridge_spline
TR-047686,2025-10-30,Reefer,2523.5,5443.58,5504.09,False,True,ridge_spline
TR-047687,2025-10-30,Dry Van,842.1,1735.58,1657.59,False,True,ridge_spline
TR-047688,2025-10-30,Reefer,1184.3,2720.24,2767.34,False,True,ridge_spline
TR-047689,2025-10-30,Dry Van,461.9,1102.45,1089.55,False,True,ridge_spline
TR-047690,2025-10-30,Reefer,288.2,811.26,821.55,False,True,ridge_spline
TR-047691,2025-10-30,Dry Van,2851.8,5264.69,5122.1,False,True,ridge_spline
TR-047692,2025-10-30,Dry Van,900.4,1822.65,1842.61,False,True,ridge_spline
TR-047693,2025-10-30,Flatbed,672.6,1566.62,1535.82,False,True,ridge_spline
TR-047694,2025-10-30,Dry Van,2240.8,4492.79,4380.05,False,True,ridge_spline
TR-047695,2025-10-30,Dry Van,619.3,1375.3,1350.28,False,True,ridge_spline
TR-047696,2025-10-30,Dry Van,1582.9,3265.76,3147.09,False,False,ridge_spline
TR-047697,2025-10-30,Flatbed,1210.4,2802.67,2782.87,False,False,ridge_spline
TR-047698,2025-10-30,Dry Van,789.8,1773.38,1749.36,False,True,ridge_spline
TR-047699,2025-10-30,Dry Van,464.1,1114.11,1076.86,False,True,ridge_spline
TR-047700,2025-10-30,Flatbed,409.2,1134.89,1116.15,False,True,ridge_spline
TR-047701,2025-10-30,Dry Van,570.8,1262.99,1295.75,False,True,ridge_spline
TR-047702,2025-10-30,Flatbed,670.3,370.24,1497.37,True,True,ridge_spline
TR-047703,2025-10-30,Flatbed,78.2,246.59,243.71,False,True,ridge_spline
TR-047704,2025-10-30,Reefer,1307.3,3005.3,3003.88,False,True,ridge_spline
TR-047705,2025-10-30,Flatbed,418.8,1154.41,1148.58,False,True,ridge_spline
TR-047706,2025-10-30,Dry Van,432.2,1009.87,981.96,False,True,ridge_spline
TR-047707,2025-10-30,Dry Van,579.2,1327.71,1279.62,False,True,ridge_spline
TR-047708,2025-10-30,Reefer,369.6,1000.75,987.74,False,True,ridge_spline
TR-047709,2025-10-30,Dry Van,2979.0,5532.34,5490.72,False,True,ridge_spline
TR-047710,2025-10-30,Dry Van,1190.3,2247.46,2318.57,False,True,ridge_spline
TR-047711,2025-10-30,Dry Van,1728.6,3451.23,3355.3,False,True,ridge_spline
TR-047712,2025-10-30,Dry Van,862.6,1851.58,1811.59,False,True,ridge_spline
TR-047713,2025-10-30,Dry Van,500.7,1212.03,1176.88,False,True,ridge_spline
TR-047714,2025-10-30,Dry Van,542.9,1197.57,1193.7,False,True,ridge_spline
TR-047715,2025-10-30,Reefer,363.5,958.18,938.57,False,True,ridge_spline
TR-047716,2025-10-30,Reefer,1500.1,3469.99,3382.21,False,True,ridge_spline
TR-047717,2025-10-30,Reefer,1994.0,4434.45,4407.26,False,True,ridge_spline
TR-047718,2025-10-30,Dry Van,699.6,1591.71,1553.87,False,True,ridge_spline
TR-047719,2025-10-30,Reefer,306.2,859.86,873.17,False,True,ridge_spline
TR-047720,2025-10-30,Dry Van,1142.3,2463.27,2372.39,False,True,ridge_spline
TR-047721,2025-10-30,Dry Van,465.5,1022.08,1016.89,False,True,ridge_spline
TR-047722,2025-10-30,Dry Van,1524.9,3134.03,3105.2,False,True,ridge_spline
TR-047723,2025-10-30,Dry Van,370.3,864.61,833.41,False,True,ridge_spline
TR-047724,2025-10-30,Reefer,1183.7,2620.82,2608.19,False,True,ridge_spline
TR-047725,2025-10-30,Dry Van,2129.3,4171.25,4144.82,False,True,ridge_spline
TR-047726,2025-10-30,Dry Van,1194.3,2395.25,2350.04,False,True,ridge_spline
TR-047727,2025-10-30,Dry Van,1148.3,2551.54,2408.72,False,True,ridge_spline
TR-047728,2025-10-30,Dry Van,2456.1,4757.71,4577.51,False,True,ridge_spline
TR-047729,2025-10-30,Dry Van,226.1,598.72,589.31,False,True,ridge_spline
TR-047730,2025-10-30,Dry Van,1514.9,3021.06,3025.93,False,True,ridge_spline
TR-047731,2025-10-30,Dry Van,658.0,1477.27,1403.49,False,True,ridge_spline
TR-047732,2025-10-30,Dry Van,201.6,541.2,525.26,False,True,ridge_spline
TR-047733,2025-10-30,Reefer,392.2,987.59,955.16,False,False,ridge_spline
TR-047734,2025-10-30,Flatbed,2008.7,4243.72,4207.52,False,True,ridge_spline
TR-047735,2025-10-30,Reefer,1221.1,2664.27,2663.87,False,False,ridge_spline
TR-047736,2025-10-30,Reefer,1689.1,3933.12,3854.52,False,True,ridge_spline
TR-047737,2025-10-30,Reefer,839.9,1857.61,1864.07,False,True,ridge_spline
TR-047738,2025-10-30,Dry Van,1633.8,3134.32,3016.34,False,True,ridge_spline
TR-047739,2025-10-30,Dry Van,1149.2,2388.37,2291.55,False,True,ridge_spline
TR-047740,2025-10-30,Flatbed,2116.3,4577.61,4500.34,False,False,ridge_spline
TR-047741,2025-10-30,Dry Van,446.0,1091.78,1059.2,False,True,ridge_spline
TR-047742,2025-10-30,Reefer,2161.5,4815.8,4582.1,False,True,ridge_spline
TR-047743,2025-10-30,Reefer,136.8,104.38,437.83,True,True,ridge_spline
TR-047744,2025-10-30,Dry Van,915.4,1834.95,1793.94,False,True,ridge_spline
TR-047745,2025-10-30,Dry Van,2619.5,4610.22,4647.2,False,True,ridge_spline
TR-047746,2025-10-30,Reefer,2408.8,5077.85,5094.19,False,True,ridge_spline
TR-047747,2025-10-30,Dry Van,946.8,1871.61,1878.84,False,True,ridge_spline
TR-047748,2025-10-30,Dry Van,651.2,1281.55,1304.47,False,True,ridge_spline
TR-047749,2025-10-30,Dry Van,467.6,998.55,1015.01,False,True,ridge_spline
TR-047750,2025-10-30,Dry Van,2058.6,4007.09,3952.9,False,True,ridge_spline
TR-047751,2025-10-30,Reefer,1752.5,3863.28,3876.4,False,True,ridge_spline
TR-047752,2025-10-30,Reefer,471.5,1317.88,1320.82,False,True,ridge_spline
TR-047753,2025-10-30,Dry Van,878.1,1839.63,1788.55,False,True,ridge_spline
TR-047754,2025-10-30,Flatbed,1131.3,2338.56,2363.7,False,False,ridge_spline
TR-047755,2025-10-30,Reefer,982.4,2331.19,2280.52,False,True,ridge_spline
TR-047756,2025-10-30,Reefer,2449.0,5356.55,5301.99,False,True,ridge_spline
TR-047757,2025-10-30,Reefer,2735.6,5369.38,5347.3,False,False,ridge_spline
TR-047758,2025-10-30,Reefer,1012.2,2288.61,2320.12,False,True,ridge_spline
TR-047759,2025-10-30,Dry Van,347.5,858.63,837.98,False,True,ridge_spline
TR-047760,2025-10-30,Reefer,858.1,2020.71,1970.17,False,True,ridge_spline
TR-047761,2025-10-30,Reefer,1230.4,2982.91,2945.66,False,True,ridge_spline
TR-047762,2025-10-30,Dry Van,2768.3,5281.62,5222.92,False,True,ridge_spline
TR-047763,2025-10-30,Reefer,986.6,2309.11,2273.36,False,True,ridge_spline
TR-047764,2025-10-30,Reefer,856.0,2099.94,2113.18,False,False,ridge_spline
TR-047765,2025-10-30,Dry Van,1900.7,3771.54,3778.89,False,True,ridge_spline
TR-047766,2025-10-30,Dry Van,2190.0,4121.98,4014.53,False,True,ridge_spline
TR-047767,2025-10-30,Reefer,113.4,371.98,369.31,False,False,ridge_spline
TR-047768,2025-10-30,Flatbed,1151.3,2543.77,2457.2,False,True,ridge_spline
TR-047769,2025-10-30,Dry Van,839.3,1651.48,1663.69,False,True,ridge_spline
TR-047770,2025-10-30,Flatbed,397.6,947.08,961.43,False,True,ridge_spline
TR-047771,2025-10-30,Flatbed,1986.6,4036.76,4181.52,False,True,ridge_spline
TR-047772,2025-10-30,Reefer,530.2,1362.09,1356.61,False,True,ridge_spline
TR-047773,2025-10-30,Reefer,480.5,1137.26,1134.68,False,True,ridge_spline
TR-047774,2025-10-30,Dry Van,1704.6,3282.64,3291.56,False,True,ridge_spline
TR-047775,2025-10-30,Dry Van,692.5,1449.52,1409.78,False,True,ridge_spline
TR-047776,2025-10-30,Dry Van,1196.3,2360.09,2311.76,False,True,ridge_spline
TR-047777,2025-10-30,Flatbed,3094.9,6393.83,6169.85,False,True,ridge_spline
TR-047778,2025-10-30,Dry Van,457.0,1120.44,1081.26,False,True,ridge_spline
TR-047779,2025-10-30,Flatbed,919.6,1973.74,1946.81,False,True,ridge_spline
TR-047780,2025-10-30,Flatbed,396.9,1009.07,1020.16,False,False,ridge_spline
TR-047781,2025-10-30,Dry Van,1122.2,2420.89,2397.26,False,True,ridge_spline
TR-047782,2025-10-30,Dry Van,2558.4,4697.23,4681.4,False,True,ridge_spline
TR-047783,2025-10-30,Dry Van,1225.6,2639.31,2552.0,False,True,ridge_spline
TR-047784,2025-10-30,Flatbed,479.5,1199.51,1200.27,False,True,ridge_spline
TR-047785,2025-10-30,Reefer,363.1,975.31,975.6,False,True,ridge_spline
TR-047786,2025-10-30,Dry Van,2007.6,4067.77,4003.84,False,True,ridge_spline
TR-047787,2025-10-30,Reefer,511.7,1296.79,1291.66,False,True,ridge_spline
TR-047788,2025-10-30,Dry Van,2464.2,4760.41,4722.36,False,True,ridge_spline
TR-047789,2025-10-30,Dry Van,672.1,1544.73,1512.22,False,True,ridge_spline
TR-047790,2025-10-30,Reefer,786.1,1814.99,1814.52,False,True,ridge_spline
TR-047791,2025-10-30,Dry Van,305.8,734.35,734.57,False,True,ridge_spline
TR-047792,2025-10-30,Dry Van,717.5,1613.34,1592.48,False,True,ridge_spline
TR-047793,2025-10-30,Flatbed,970.7,2255.27,2263.01,False,True,ridge_spline
TR-047794,2025-10-30,Dry Van,1881.6,3558.09,3515.03,False,True,ridge_spline
TR-047795,2025-10-30,Reefer,741.1,1782.82,1735.85,False,True,ridge_spline
TR-047796,2025-10-30,Flatbed,239.2,227.15,685.49,True,False,ridge_spline
TR-047797,2025-10-30,Dry Van,711.6,1677.55,1650.23,False,True,ridge_spline
TR-047798,2025-10-30,Dry Van,1240.0,2600.14,2542.52,False,True,ridge_spline
TR-047799,2025-10-30,Dry Van,631.4,1440.59,1409.8,False,True,ridge_spline
TR-047800,2025-10-30,Flatbed,2145.7,4466.72,4532.16,False,True,ridge_spline
TR-047801,2025-10-30,Dry Van,675.7,1518.01,1504.36,False,True,ridge_spline
TR-047802,2025-10-30,Dry Van,849.4,1753.32,1712.54,False,True,ridge_spline
TR-047803,2025-10-30,Flatbed,459.3,1163.6,1190.55,False,True,ridge_spline
TR-047804,2025-10-30,Reefer,2139.6,4403.34,4417.22,False,True,ridge_spline
TR-047805,2025-10-30,Reefer,855.8,2043.4,2040.48,False,True,ridge_spline
TR-047806,2025-10-30,Dry Van,2250.4,4158.35,4136.66,False,True,ridge_spline
TR-047807,2025-10-30,Dry Van,1311.1,2463.2,2522.06,False,True,ridge_spline
TR-047808,2025-10-30,Reefer,1084.1,2390.13,2437.54,False,True,ridge_spline
TR-047809,2025-10-30,Dry Van,908.7,1819.36,1871.87,False,True,ridge_spline
TR-047810,2025-10-30,Dry Van,2041.1,3985.1,3926.46,False,True,ridge_spline
TR-047811,2025-10-30,Dry Van,811.8,1612.1,1631.02,False,True,ridge_spline
TR-047812,2025-10-30,Dry Van,323.5,766.77,750.88,False,True,ridge_spline
TR-047813,2025-10-30,Dry Van,278.0,673.77,668.4,False,True,ridge_spline
TR-047814,2025-10-30,Reefer,890.4,1927.01,1993.81,False,True,ridge_spline
TR-047815,2025-10-30,Reefer,196.7,611.85,600.5,False,True,ridge_spline
TR-047816,2025-10-30,Dry Van,1732.4,3137.04,3252.02,False,True,ridge_spline
TR-047817,2025-10-30,Reefer,1481.0,3474.52,3409.93,False,True,ridge_spline
TR-047818,2025-10-30,Dry Van,668.3,1465.84,1444.16,False,True,ridge_spline
TR-047819,2025-10-30,Dry Van,1730.4,3234.9,3240.08,False,True,ridge_spline
TR-047820,2025-10-30,Flatbed,409.9,1037.63,1049.17,False,True,ridge_spline
TR-047821,2025-10-30,Reefer,1722.4,9939.89,3930.8,True,True,ridge_spline
TR-047822,2025-10-30,Flatbed,1046.0,2533.96,2459.62,False,True,ridge_spline
TR-047823,2025-10-30,Reefer,2536.4,5043.29,5016.67,False,True,ridge_spline
TR-047824,2025-10-30,Dry Van,451.6,1019.9,1021.69,False,True,ridge_spline
TR-047825,2025-10-31,Dry Van,992.1,2182.09,2158.9,False,True,ridge_spline
TR-047826,2025-10-31,Dry Van,594.5,1312.38,1264.24,False,True,ridge_spline
TR-047827,2025-10-31,Dry Van,386.6,863.6,857.99,False,True,ridge_spline
TR-047828,2025-10-31,Dry Van,1088.0,2233.22,2255.22,False,True,ridge_spline
TR-047829,2025-10-31,Flatbed,894.5,1987.95,1943.95,False,True,ridge_spline
TR-047830,2025-10-31,Flatbed,1405.0,2865.04,2932.69,False,True,ridge_spline
TR-047831,2025-10-31,Dry Van,2958.8,5261.3,5232.16,False,True,ridge_spline
TR-047832,2025-10-31,Dry Van,969.9,1956.59,1936.98,False,True,ridge_spline
TR-047833,2025-10-31,Flatbed,281.0,718.63,726.82,False,True,ridge_spline
TR-047834,2025-10-31,Dry Van,2639.4,5079.05,5015.29,False,True,ridge_spline
TR-047835,2025-10-31,Dry Van,185.1,477.89,481.75,False,True,ridge_spline
TR-047836,2025-10-31,Dry Van,1220.6,2529.12,2496.8,False,True,ridge_spline
TR-047837,2025-10-31,Flatbed,1829.0,3755.65,3854.41,False,True,ridge_spline
TR-047838,2025-10-31,Reefer,1188.3,2813.02,2776.02,False,True,ridge_spline
TR-047839,2025-10-31,Flatbed,316.5,798.38,794.03,False,True,ridge_spline
TR-047840,2025-10-31,Dry Van,1139.5,772.61,2363.18,True,True,ridge_spline
TR-047841,2025-10-31,Dry Van,706.5,1628.64,1628.99,False,True,ridge_spline
TR-047842,2025-10-31,Dry Van,451.6,1037.85,1019.22,False,True,ridge_spline
TR-047843,2025-10-31,Reefer,1232.0,3006.47,2828.81,False,True,ridge_spline
TR-047844,2025-10-31,Dry Van,470.7,1162.01,1110.57,False,True,ridge_spline
TR-047845,2025-10-31,Dry Van,855.0,1648.06,1650.42,False,True,ridge_spline
TR-047846,2025-10-31,Dry Van,284.4,734.99,719.41,False,True,ridge_spline
TR-047847,2025-10-31,Dry Van,488.1,1236.93,1191.47,False,True,ridge_spline
TR-047848,2025-10-31,Dry Van,2013.7,3562.85,3641.11,False,True,ridge_spline
TR-047849,2025-10-31,Flatbed,614.2,1502.63,1464.14,False,True,ridge_spline
TR-047850,2025-10-31,Dry Van,2139.5,3933.98,3931.18,False,True,ridge_spline
TR-047851,2025-10-31,Dry Van,538.3,1191.61,1209.53,False,True,ridge_spline
TR-047852,2025-10-31,Reefer,1150.4,2620.28,2556.4,False,False,ridge_spline
TR-047853,2025-10-31,Dry Van,451.4,997.09,988.61,False,True,ridge_spline
TR-047854,2025-10-31,Flatbed,257.2,739.26,744.38,False,False,ridge_spline
TR-047855,2025-10-31,Dry Van,546.6,1152.24,1161.53,False,True,ridge_spline
TR-047856,2025-10-31,Dry Van,1115.4,2145.81,2088.29,False,True,ridge_spline
TR-047857,2025-10-31,Dry Van,1215.3,2506.8,2450.04,False,True,ridge_spline
TR-047858,2025-10-31,Dry Van,308.7,703.44,693.76,False,True,ridge_spline
TR-047859,2025-10-31,Reefer,1035.4,2371.11,2309.18,False,True,ridge_spline
TR-047860,2025-10-31,Dry Van,904.6,1782.08,1800.94,False,True,ridge_spline
TR-047861,2025-10-31,Flatbed,759.7,1711.56,1715.92,False,True,ridge_spline
TR-047862,2025-10-31,Dry Van,131.1,355.88,345.09,False,True,ridge_spline
TR-047863,2025-10-31,Dry Van,242.2,577.77,566.39,False,True,ridge_spline
TR-047864,2025-10-31,Flatbed,1533.1,3135.27,3187.82,False,False,ridge_spline
TR-047865,2025-10-31,Dry Van,2085.8,3874.49,3896.33,False,True,ridge_spline
TR-047866,2025-10-31,Flatbed,298.3,746.12,755.6,False,True,ridge_spline
TR-047867,2025-10-31,Flatbed,744.3,1646.65,1678.36,False,True,ridge_spline
TR-047868,2025-10-31,Reefer,1547.4,3529.14,3424.21,False,True,ridge_spline
TR-047869,2025-10-31,Flatbed,835.6,1892.15,1866.29,False,True,ridge_spline
TR-047870,2025-10-31,Dry Van,989.7,2033.55,2061.28,False,True,ridge_spline
TR-047871,2025-10-31,Flatbed,329.6,854.46,858.52,False,True,ridge_spline
TR-047872,2025-10-31,Dry Van,1204.2,2493.55,2435.36,False,True,ridge_spline
TR-047873,2025-10-31,Reefer,1181.8,2766.59,2728.05,False,True,ridge_spline
TR-047874,2025-10-31,Reefer,1264.6,2787.97,2721.61,False,True,ridge_spline
TR-047875,2025-10-31,Dry Van,749.0,1565.76,1552.5,False,True,ridge_spline
TR-047876,2025-10-31,Dry Van,1083.1,2282.64,2244.74,False,True,ridge_spline
TR-047877,2025-10-31,Dry Van,305.4,788.83,752.82,False,True,ridge_spline
TR-047878,2025-10-31,Dry Van,887.6,1716.52,1701.32,False,True,ridge_spline
TR-047879,2025-10-31,Dry Van,413.0,888.23,879.96,False,True,ridge_spline
TR-047880,2025-10-31,Dry Van,565.4,1264.64,1237.49,False,True,ridge_spline
TR-047881,2025-10-31,Reefer,2548.0,5507.65,5451.72,False,True,ridge_spline
TR-047882,2025-10-31,Dry Van,2093.9,4049.65,4003.78,False,True,ridge_spline
TR-047883,2025-10-31,Flatbed,853.9,1756.24,1809.15,False,True,ridge_spline
TR-047884,2025-10-31,Dry Van,764.9,1596.37,1595.43,False,True,ridge_spline
TR-047885,2025-10-31,Reefer,656.8,1454.79,1447.72,False,True,ridge_spline
TR-047886,2025-10-31,Flatbed,271.0,760.7,742.58,False,True,ridge_spline
TR-047887,2025-10-31,Dry Van,450.0,1078.09,1069.75,False,True,ridge_spline
TR-047888,2025-10-31,Flatbed,184.1,525.91,514.95,False,True,ridge_spline
TR-047889,2025-10-31,Flatbed,635.4,1536.02,1515.38,False,True,ridge_spline
TR-047890,2025-10-31,Dry Van,196.3,561.02,554.92,False,True,ridge_spline
TR-047891,2025-10-31,Dry Van,199.4,552.6,534.92,False,True,ridge_spline
TR-047892,2025-10-31,Reefer,477.0,1254.05,1241.99,False,True,ridge_spline
TR-047893,2025-10-31,Dry Van,3090.5,5877.77,5712.31,False,True,ridge_spline
TR-047894,2025-10-31,Dry Van,142.6,406.71,404.37,False,True,ridge_spline
TR-047895,2025-10-31,Flatbed,878.9,1803.86,1825.87,False,True,ridge_spline
TR-047896,2025-10-31,Flatbed,677.9,1484.36,1471.09,False,True,ridge_spline
TR-047897,2025-10-31,Dry Van,967.2,1920.32,1952.47,False,True,ridge_spline
TR-047898,2025-10-31,Dry Van,965.5,1935.63,1939.01,False,True,ridge_spline
TR-047899,2025-10-31,Dry Van,559.2,389.18,1193.97,True,True,ridge_spline
TR-047900,2025-10-31,Reefer,864.1,1936.26,1897.86,False,True,ridge_spline
TR-047901,2025-10-31,Dry Van,183.2,498.57,493.05,False,True,ridge_spline
TR-047902,2025-10-31,Dry Van,566.3,1298.84,1264.83,False,True,ridge_spline
TR-047903,2025-10-31,Reefer,1517.0,3544.7,3548.28,False,True,ridge_spline
TR-047904,2025-10-31,Dry Van,1584.9,3014.39,2973.71,False,True,ridge_spline
TR-047905,2025-10-31,Flatbed,443.1,1193.87,1160.6,False,True,ridge_spline
TR-047906,2025-10-31,Dry Van,1529.9,2972.61,2916.53,False,True,ridge_spline
TR-047907,2025-10-31,Dry Van,386.0,889.76,871.16,False,False,ridge_spline
TR-047908,2025-10-31,Reefer,999.7,2196.67,2271.2,False,True,ridge_spline
TR-047909,2025-10-31,Dry Van,1831.9,3726.44,3506.19,False,True,ridge_spline
TR-047910,2025-10-31,Dry Van,1904.2,3806.72,3688.93,False,True,ridge_spline
TR-047911,2025-10-31,Dry Van,2182.6,4081.47,4019.39,False,True,ridge_spline
TR-047912,2025-10-31,Dry Van,844.4,1776.62,1778.96,False,True,ridge_spline
TR-047913,2025-10-31,Flatbed,72.8,225.89,233.74,False,True,ridge_spline
TR-047914,2025-10-31,Dry Van,638.3,1428.79,1431.83,False,True,ridge_spline
TR-047915,2025-10-31,Dry Van,700.0,1520.95,1457.92,False,True,ridge_spline
TR-047916,2025-10-31,Dry Van,889.2,1964.56,1918.26,False,True,ridge_spline
TR-047917,2025-10-31,Reefer,2147.8,4747.86,4712.0,False,False,ridge_spline
TR-047918,2025-10-31,Dry Van,626.4,1423.65,1402.36,False,True,ridge_spline
TR-047919,2025-10-31,Dry Van,2115.8,4047.69,4029.06,False,True,ridge_spline
TR-047920,2025-10-31,Dry Van,1986.1,3750.58,3776.93,False,True,ridge_spline
TR-047921,2025-10-31,Dry Van,1005.3,2241.06,2166.47,False,True,ridge_spline
TR-047922,2025-10-31,Flatbed,831.9,1862.13,1893.45,False,False,ridge_spline
TR-047923,2025-10-31,Flatbed,615.7,1487.72,1471.54,False,True,ridge_spline
TR-047924,2025-10-31,Dry Van,1334.7,2781.65,2691.46,False,True,ridge_spline
TR-047925,2025-10-31,Dry Van,1501.7,3013.52,2943.64,False,True,ridge_spline
TR-047926,2025-10-31,Dry Van,705.2,1624.99,1587.45,False,True,ridge_spline
TR-047927,2025-10-31,Flatbed,367.0,928.29,907.26,False,True,ridge_spline
TR-047928,2025-10-31,Dry Van,177.0,464.45,458.62,False,True,ridge_spline
TR-047929,2025-10-31,Dry Van,1139.1,2419.63,2308.9,False,True,ridge_spline
TR-047930,2025-10-31,Dry Van,564.5,1245.87,1248.23,False,True,ridge_spline
TR-047931,2025-10-31,Dry Van,1008.1,2083.49,2118.24,False,True,ridge_spline
TR-047932,2025-10-31,Dry Van,916.6,2105.01,2009.57,False,True,ridge_spline
TR-047933,2025-10-31,Dry Van,2412.3,4779.53,4536.92,False,True,ridge_spline
TR-047934,2025-10-31,Flatbed,798.8,1694.68,1730.2,False,True,ridge_spline
TR-047935,2025-10-31,Dry Van,330.2,757.39,756.7,False,True,ridge_spline
TR-047936,2025-10-31,Dry Van,2016.8,4018.5,3889.16,False,True,ridge_spline
TR-047937,2025-10-31,Flatbed,388.8,914.89,905.2,False,True,ridge_spline
TR-047938,2025-10-31,Dry Van,451.9,1148.08,1122.35,False,True,ridge_spline
TR-047939,2025-10-31,Dry Van,3003.7,5543.53,5290.23,False,True,ridge_spline
TR-047940,2025-10-31,Dry Van,863.3,1865.96,1835.04,False,True,ridge_spline
TR-047941,2025-10-31,Dry Van,399.1,920.97,944.93,False,True,ridge_spline
TR-047942,2025-10-31,Reefer,939.9,2285.41,2224.36,False,True,ridge_spline
TR-047943,2025-10-31,Dry Van,1857.4,3381.99,3411.87,False,True,ridge_spline
TR-047944,2025-10-31,Reefer,1350.6,3118.76,3100.19,False,True,ridge_spline
TR-047945,2025-10-31,Reefer,2261.2,5091.54,4924.25,False,True,ridge_spline
TR-047946,2025-10-31,Flatbed,646.1,1509.1,1500.96,False,True,ridge_spline
TR-047947,2025-10-31,Flatbed,1014.4,2269.05,2252.28,False,True,ridge_spline
TR-047948,2025-10-31,Dry Van,2641.9,4788.74,4669.44,False,True,ridge_spline
TR-047949,2025-10-31,Dry Van,121.8,337.43,330.62,False,True,ridge_spline
TR-047950,2025-10-31,Dry Van,2075.2,4091.21,4033.63,False,True,ridge_spline
TR-047951,2025-10-31,Dry Van,830.8,1803.63,1804.09,False,True,ridge_spline
TR-047952,2025-10-31,Dry Van,908.1,1832.95,1842.34,False,True,ridge_spline
TR-047953,2025-10-31,Dry Van,873.0,1872.97,1778.15,False,True,ridge_spline
TR-047954,2025-10-31,Dry Van,1173.6,2435.84,2438.03,False,True,ridge_spline
TR-047955,2025-10-31,Dry Van,1953.3,4018.16,3858.63,False,True,ridge_spline
TR-047956,2025-10-31,Reefer,964.6,2252.0,2228.65,False,True,ridge_spline
TR-047957,2025-10-31,Dry Van,1569.9,3142.24,3151.22,False,True,ridge_spline
TR-047958,2025-10-31,Dry Van,2314.4,4321.21,4287.71,False,True,ridge_spline
TR-047959,2025-10-31,Dry Van,184.3,486.72,489.84,False,True,ridge_spline
TR-047960,2025-10-31,Dry Van,1574.5,3166.71,3154.42,False,True,ridge_spline
TR-047961,2025-10-31,Dry Van,1788.8,3440.82,3424.14,False,True,ridge_spline
TR-047962,2025-10-31,Reefer,70.0,241.41,237.39,False,True,ridge_spline
TR-047963,2025-10-31,Reefer,1731.7,3897.49,3820.52,False,True,ridge_spline
TR-047964,2025-10-31,Reefer,750.6,1730.14,1748.86,False,False,ridge_spline
TR-047965,2025-10-31,Dry Van,1232.6,2612.25,2594.09,False,True,ridge_spline
TR-047966,2025-10-31,Dry Van,1031.2,2131.84,2081.91,False,True,ridge_spline
TR-047967,2025-10-31,Reefer,1868.5,4242.21,4216.2,False,True,ridge_spline
TR-047968,2025-10-31,Dry Van,2029.5,4143.03,3921.63,False,True,ridge_spline
TR-047969,2025-10-31,Flatbed,1320.8,2756.18,2663.82,False,False,ridge_spline
TR-047970,2025-10-31,Flatbed,1160.2,2578.62,2500.14,False,False,ridge_spline
TR-047971,2025-10-31,Reefer,414.4,1140.1,1147.23,False,True,ridge_spline
TR-047972,2025-10-31,Reefer,816.3,1856.36,1790.95,False,True,ridge_spline
TR-047973,2025-10-31,Reefer,283.3,780.73,763.79,False,True,ridge_spline
TR-047974,2025-10-31,Dry Van,238.9,575.35,559.91,False,True,ridge_spline
TR-047975,2025-10-31,Dry Van,1605.1,3168.5,3247.12,False,True,ridge_spline
TR-047976,2025-10-31,Dry Van,1306.0,2373.86,2485.02,False,True,ridge_spline
TR-047977,2025-10-31,Dry Van,132.4,361.79,363.24,False,True,ridge_spline
TR-047978,2025-10-31,Flatbed,858.6,1861.13,1836.02,False,True,ridge_spline
TR-047979,2025-10-31,Dry Van,80.1,210.91,214.32,False,True,ridge_spline
TR-047980,2025-10-31,Reefer,2784.4,5609.53,5611.92,False,True,ridge_spline
TR-047981,2025-10-31,Dry Van,1588.9,3381.74,3233.22,False,True,ridge_spline
TR-047982,2025-10-31,Dry Van,2144.0,3993.28,3957.78,False,True,ridge_spline
TR-047983,2025-10-31,Dry Van,337.5,890.41,862.84,False,True,ridge_spline
TR-047984,2025-10-31,Reefer,1890.3,4368.15,4307.76,False,True,ridge_spline
TR-047985,2025-10-31,Dry Van,3396.6,6482.04,6408.3,False,False,ridge_spline
TR-047986,2025-10-31,Dry Van,1101.8,2257.13,2223.45,False,True,ridge_spline
TR-047987,2025-10-31,Reefer,303.4,863.24,868.92,False,True,ridge_spline
TR-047988,2025-10-31,Dry Van,325.2,809.92,797.81,False,True,ridge_spline
TR-047989,2025-10-31,Dry Van,1951.5,3792.58,3720.61,False,True,ridge_spline
TR-047990,2025-10-31,Reefer,314.9,855.05,855.88,False,True,ridge_spline
TR-047991,2025-10-31,Reefer,681.1,1703.72,1669.7,False,True,ridge_spline
TR-047992,2025-10-31,Flatbed,1788.3,3804.9,3799.05,False,True,ridge_spline
TR-047993,2025-10-31,Reefer,457.0,5561.19,1204.47,True,True,ridge_spline
TR-047994,2025-10-31,Dry Van,2295.2,4371.59,4264.36,False,True,ridge_spline
TR-047995,2025-10-31,Dry Van,1297.5,2682.29,2592.95,False,True,ridge_spline
TR-047996,2025-10-31,Flatbed,1830.9,3787.32,3797.31,False,False,ridge_spline
TR-047997,2025-10-31,Reefer,445.8,1171.93,1178.64,False,True,ridge_spline
TR-047998,2025-10-31,Flatbed,267.9,713.36,691.18,False,True,ridge_spline
TR-047999,2025-10-31,Flatbed,1901.3,3987.46,4011.25,False,True,ridge_spline
TR-048000,2025-10-31,Dry Van,2860.4,5264.84,5197.6,False,True,ridge_spline
